user_id,movie_id,rating
U0001,8416,6.5
U0001,374461,6.8
U0001,244267,7.3
U0001,474979,5.5
U0001,1160956,8.2
U0001,22,7.1
U0001,239,7.6
U0001,491584,7.5
U0001,1316147,6.3
U0001,250538,7.1
U0001,343,7.9
U0001,1389149,4.9
U0001,134,7.3
U0001,198663,6.8
U0001,820,6.4
U0001,474395,7.4
U0001,793,9.0
U0001,1186532,8.3
U0001,1579,7.8
U0001,1057491,6.8
U0001,42661,6.0
U0001,773,9.1
U0001,297761,6.1
U0001,17915,8.2
U0001,244088,6.9
U0001,335787,8.3
U0001,42384,6.4
U0001,744,7.5
U0001,5902,7.4
U0001,15371,7.3
U0001,3078,8.8
U0001,2277,7.4
U0001,136,6.2
U0001,1195506,5.9
U0001,760104,6.6
U0001,43367,6.7
U0001,1890,6.9
U0001,138103,7.2
U0001,3134,3.2
U0001,1159311,7.3
U0001,16219,6.1
U0001,44603,6.7
U0001,85877,5.5
U0001,1326106,8.3
U0001,747,6.8
U0001,14442,7.5
U0001,82703,7.5
U0001,47423,7.3
U0002,152532,9.5
U0002,407440,5.9
U0002,11846,5.7
U0002,1941,5.4
U0002,111310,6.8
U0002,1032425,6.5
U0002,870028,6.7
U0002,41411,6.4
U0002,936061,6.0
U0002,532794,8.0
U0002,18329,5.9
U0002,15251,7.1
U0002,14306,8.6
U0002,298250,7.2
U0002,1817,6.4
U0002,209451,6.9
U0002,10890,6.9
U0002,1429738,5.5
U0002,6476,7.3
U0002,75,6.7
U0002,7451,6.9
U0002,13078,6.1
U0002,9383,4.3
U0002,51482,6.9
U0002,333352,6.2
U0002,1290432,5.5
U0002,821,9.7
U0002,19413,7.8
U0002,278927,6.8
U0002,41841,7.2
U0002,9654,5.6
U0003,42685,5.5
U0003,340382,4.1
U0003,747,6.5
U0003,218726,7.1
U0003,3082,9.5
U0003,1288072,6.7
U0003,565276,8.1
U0003,11917,5.4
U0003,171274,5.6
U0003,363992,5.2
U0003,1360,6.9
U0003,36568,7.0
U0003,758323,6.1
U0003,10912,7.0
U0003,32856,6.4
U0003,11007,5.9
U0003,599521,6.4
U0003,33997,8.7
U0003,10586,6.9
U0003,395992,8.0
U0003,144,7.8
U0003,68555,7.4
U0004,473033,6.4
U0004,35,8.0
U0004,1052558,6.1
U0004,205584,7.1
U0004,1017163,7.0
U0004,869250,8.7
U0004,76493,5.0
U0004,9404,4.7
U0004,1788,6.7
U0004,524434,5.7
U0004,667216,6.0
U0004,314365,7.5
U0004,42121,7.2
U0004,13515,5.4
U0004,21422,7.7
U0004,38396,8.2
U0004,335797,7.0
U0005,536554,7.6
U0005,803104,5.9
U0005,1250,6.4
U0005,14132,6.3
U0005,9355,5.2
U0005,361745,7.3
U0005,950,6.4
U0005,15157,7.1
U0005,51482,8.2
U0005,11296,6.9
U0005,8619,6.3
U0005,762879,6.0
U0005,435366,6.9
U0005,569547,7.7
U0005,37327,7.7
U0005,5689,5.5
U0005,1526650,7.1
U0005,45269,7.5
U0005,869626,8.8
U0005,15916,9.6
U0005,9598,6.9
U0005,33602,7.4
U0005,244267,6.6
U0005,9387,7.0
U0005,6615,7.1
U0005,10315,6.6
U0005,609,7.2
U0005,9102,7.9
U0005,72784,7.1
U0005,1628,6.6
U0005,11891,6.4
U0005,1255,7.3
U0005,535,6.9
U0005,111969,6.1
U0005,393,7.8
U0005,426410,7.3
U0005,1264805,7.1
U0006,37865,5.2
U0006,71,7.5
U0006,315465,7.5
U0006,410718,8.4
U0006,9610,5.7
U0006,2767,7.4
U0006,4959,5.7
U0006,9335,8.1
U0006,1567,7.9
U0006,149870,8.3
U0006,628,7.9
U0006,51822,7.7
U0006,76696,8.7
U0006,10833,6.1
U0006,526702,9.4
U0006,838,6.8
U0006,261,8.2
U0006,9471,5.6
U0006,10660,6.9
U0006,9816,5.2
U0006,4934,5.5
U0007,13825,5.9
U0007,297,8.5
U0007,2112,7.8
U0007,1273,5.3
U0007,340666,7.4
U0007,1526650,5.3
U0007,95,6.5
U0007,11683,6.5
U0007,1293286,6.8
U0007,435,6.6
U0007,13515,6.6
U0007,403119,5.2
U0007,538362,8.0
U0007,725201,6.4
U0007,20766,7.2
U0007,7840,6.6
U0007,369299,7.7
U0007,306,4.8
U0007,1786,7.7
U0007,70981,7.2
U0007,16638,6.1
U0007,249397,7.7
U0007,4771,6.8
U0007,1028196,6.0
U0007,9353,5.1
U0007,20875,7.7
U0007,36362,8.6
U0008,1715,7.4
U0008,81672,5.2
U0008,400136,5.7
U0008,205596,8.8
U0008,20982,6.6
U0008,5503,8.5
U0008,347123,6.8
U0008,10757,7.2
U0008,76568,7.2
U0008,11970,7.4
U0008,136797,7.5
U0008,19995,9.3
U0008,428493,8.1
U0008,1680,6.8
U0008,6522,7.9
U0008,872585,7.9
U0008,949,7.5
U0008,1979,6.6
U0008,1232546,7.0
U0008,543836,6.4
U0008,832,8.3
U0008,79645,6.3
U0008,890825,7.9
U0008,1535,7.3
U0008,594,6.3
U0008,9426,7.5
U0008,20558,6.2
U0008,10912,5.5
U0008,6105,5.9
U0008,1659087,5.1
U0008,375846,5.2
U0008,1417,6.8
U0008,496243,7.3
U0008,2163,6.3
U0008,40348,5.4
U0008,110420,9.4
U0008,34067,7.8
U0008,11842,7.2
U0008,15015,7.3
U0008,109417,6.7
U0008,395992,6.4
U0008,14881,7.5
U0008,81796,6.4
U0008,414419,8.2
U0008,674324,6.1
U0008,650,8.2
U0008,249070,6.5
U0008,657,6.6
U0008,1149947,7.9
U0008,10501,7.1
U0008,575264,7.1
U0008,18405,6.8
U0008,846,6.0
U0009,13161,7.3
U0009,300669,6.3
U0009,274,8.3
U0009,42607,6.0
U0009,9558,6.3
U0009,9367,7.4
U0009,8440,8.1
U0009,178682,7.5
U0009,436459,7.2
U0009,189,6.9
U0009,2832,7.3
U0009,9609,8.0
U0009,553,8.9
U0009,382614,7.9
U0009,7518,6.8
U0009,9593,4.9
U0009,975,8.5
U0009,1114967,7.3
U0009,179144,7.8
U0009,8741,6.7
U0009,41760,5.4
U0009,20556,8.1
U0009,1287141,6.1
U0009,804,8.0
U0009,1995,4.2
U0009,575,7.4
U0009,1777,7.7
U0009,10186,6.3
U0010,339751,7.6
U0010,22201,7.1
U0010,9846,7.8
U0010,1589891,7.3
U0010,970450,5.5
U0010,427719,7.0
U0010,10202,6.2
U0010,426543,7.3
U0010,761898,7.6
U0010,11496,5.7
U0010,1233506,5.8
U0010,10019,6.5
U0010,2832,6.7
U0010,51533,6.5
U0010,38684,6.3
U0010,1219620,7.9
U0010,3034,6.8
U0010,66150,7.7
U0010,12180,6.4
U0010,86825,6.1
U0010,98548,6.8
U0010,1376434,7.6
U0010,9476,5.4
U0010,37034,7.0
U0010,1158996,7.0
U0010,15873,6.0
U0010,9291,7.2
U0010,9281,7.3
U0010,114168,8.0
U0010,679,7.9
U0010,539517,7.8
U0010,284,8.8
U0010,207,9.6
U0010,829402,7.8
U0010,18857,7.0
U0010,44853,6.5
U0010,488,7.8
U0010,400155,6.4
U0010,6415,6.6
U0010,100,8.5
U0010,656663,6.9
U0010,87502,8.4
U0010,11202,7.2
U0010,363992,6.0
U0010,20677,7.8
U0010,1001311,5.2
U0011,1297842,7.5
U0011,1722,6.0
U0011,76726,7.5
U0011,5917,5.2
U0011,375794,8.8
U0011,1354627,6.3
U0011,18240,7.3
U0011,349158,7.4
U0011,1561955,6.0
U0011,206487,8.3
U0011,10683,6.8
U0011,768,7.8
U0011,296524,7.4
U0011,10839,6.5
U0011,866398,6.3
U0011,854,7.8
U0011,14784,6.7
U0011,700,6.2
U0011,39254,7.6
U0011,15070,6.9
U0011,172329,6.6
U0011,9489,6.1
U0011,8069,6.6
U0011,1125510,4.1
U0011,610461,8.2
U0011,364902,5.2
U0011,758679,6.2
U0011,7870,6.2
U0011,598,7.8
U0011,268,8.2
U0011,51997,7.2
U0011,81393,5.5
U0011,528761,5.8
U0011,939210,6.3
U0011,932430,7.6
U0011,504253,9.5
U0011,8277,4.7
U0011,265169,7.7
U0011,42314,7.1
U0011,81440,5.7
U0011,339984,6.6
U0011,13969,4.7
U0011,474979,6.5
U0011,802219,6.3
U0011,9764,7.3
U0011,1491,9.0
U0011,533533,5.0
U0011,1035048,7.4
U0011,250546,4.1
U0011,1297763,6.3
U0011,436969,6.1
U0011,10999,6.0
U0011,508933,7.2
U0011,1291559,7.8
U0011,245913,7.5
U0011,9007,7.7
U0011,820232,7.8
U0011,758009,6.5
U0011,1735,6.8
U0012,9620,5.7
U0012,9359,6.1
U0012,6977,7.4
U0012,19994,5.9
U0012,439058,7.9
U0012,544,7.2
U0012,663558,8.5
U0012,8909,7.8
U0012,1032823,5.4
U0012,499701,6.4
U0012,10028,5.6
U0013,17339,7.0
U0013,862557,7.1
U0013,4959,6.3
U0013,12651,6.0
U0013,431530,6.8
U0013,596054,7.8
U0013,579,4.8
U0013,42500,6.8
U0013,1582770,8.0
U0013,109689,7.9
U0013,1233575,6.4
U0013,4638,8.0
U0013,939,6.4
U0013,7980,6.3
U0013,288,8.2
U0013,671583,6.4
U0013,508442,7.2
U0013,41233,7.0
U0013,435107,5.0
U0013,2082,5.7
U0013,11943,7.0
U0013,8834,7.7
U0013,12163,7.4
U0013,1512623,8.9
U0013,263341,5.0
U0013,4935,8.8
U0013,432976,8.2
U0013,610253,5.7
U0013,52629,7.8
U0013,302946,7.0
U0013,1151334,7.2
U0013,1364608,4.9
U0013,9869,8.2
U0013,2539,4.5
U0013,273895,7.7
U0013,13368,6.5
U0013,11891,6.8
U0013,981,7.1
U0013,11683,7.3
U0013,335777,6.2
U0013,109451,6.1
U0013,12780,6.5
U0013,16996,6.6
U0013,968051,7.0
U0013,2270,7.0
U0013,497582,7.3
U0013,1443940,8.2
U0013,961,8.4
U0013,7446,5.9
U0013,7442,6.1
U0013,2487,8.0
U0013,16664,7.3
U0013,404378,6.4
U0013,16391,8.8
U0013,43002,8.1
U0013,110160,6.2
U0014,1289936,7.5
U0014,451,7.7
U0014,881,6.7
U0014,15259,6.9
U0014,1567,6.6
U0014,11224,5.7
U0014,17057,9.0
U0014,9360,5.1
U0014,1245,7.2
U0014,615,8.4
U0014,1450599,7.1
U0014,12180,5.7
U0014,963,8.0
U0014,12094,7.0
U0015,9532,7.6
U0015,9475,7.2
U0015,962,6.7
U0015,11194,6.0
U0015,17660,7.3
U0015,307081,7.7
U0015,9759,5.9
U0015,105864,7.6
U0015,594,6.8
U0015,575299,5.7
U0015,10020,6.9
U0015,1255350,7.7
U0015,574475,7.7
U0015,77985,5.8
U0015,597208,6.7
U0015,11932,5.7
U0015,11426,5.4
U0015,4034,6.1
U0015,11615,7.3
U0015,5549,6.5
U0015,241259,6.3
U0015,2085,5.0
U0015,333658,7.7
U0015,338969,4.9
U0015,19349,7.6
U0015,38396,7.6
U0015,17467,8.8
U0015,364220,6.2
U0015,855,7.4
U0015,110160,7.7
U0015,664767,7.2
U0015,4546,7.0
U0015,991494,6.4
U0015,526896,5.7
U0015,724089,7.8
U0015,269955,7.5
U0015,824,7.4
U0015,37165,7.5
U0015,136241,5.4
U0015,2899,8.9
U0015,710295,6.3
U0015,822119,7.0
U0015,1313003,6.7
U0015,334543,8.3
U0015,976,8.3
U0015,2043,7.4
U0015,4550,6.7
U0015,538362,8.7
U0015,34204,6.9
U0015,75,5.7
U0015,1592,8.4
U0015,1160003,5.3
U0015,9678,6.3
U0015,997120,6.5
U0015,72559,5.1
U0015,9433,8.4
U0015,34560,7.3
U0015,11688,7.0
U0016,403300,7.9
U0016,1701,5.8
U0016,237791,8.2
U0016,938614,6.9
U0016,15121,8.2
U0016,505262,8.5
U0016,432976,8.4
U0016,50620,6.9
U0016,1326106,8.1
U0016,345920,7.4
U0016,714,6.7
U0016,860,6.6
U0016,627,7.7
U0016,380225,7.7
U0016,1292695,7.1
U0016,9101,5.9
U0016,532794,5.2
U0016,828853,5.1
U0016,508003,6.5
U0016,836225,6.7
U0016,505600,6.7
U0016,565276,7.2
U0017,43939,4.8
U0017,6964,7.1
U0017,199,6.9
U0017,11906,7.5
U0017,14384,6.9
U0017,41630,7.1
U0017,8224,6.1
U0017,1495,8.3
U0017,869250,7.7
U0017,72710,5.2
U0017,296098,6.4
U0017,746,6.7
U0017,175168,5.9
U0017,100042,5.8
U0017,476299,8.2
U0017,970284,5.9
U0017,643882,7.5
U0017,666243,8.6
U0017,1355666,9.9
U0017,39324,7.9
U0017,1228246,5.3
U0017,138843,6.5
U0017,77617,7.8
U0017,511987,6.4
U0017,13680,6.0
U0018,12583,4.9
U0018,1777,9.7
U0018,49026,7.1
U0018,11577,8.3
U0018,4437,5.9
U0018,1628,8.0
U0018,332567,4.3
U0018,11165,6.7
U0018,568332,8.6
U0018,8487,5.5
U0018,34851,4.7
U0018,47423,6.5
U0018,37034,7.8
U0018,1941,7.5
U0018,10948,7.9
U0018,3597,7.9
U0018,1786,6.1
U0018,14245,5.3
U0018,1448560,6.2
U0018,1448497,7.4
U0018,11918,5.4
U0018,558582,8.1
U0018,84308,6.6
U0018,3782,6.5
U0018,84287,7.9
U0018,565276,7.4
U0018,562,6.1
U0018,365222,6.5
U0018,1226841,6.5
U0018,16000,5.5
U0018,9472,6.0
U0018,1551,5.3
U0018,10022,6.3
U0018,38396,6.6
U0018,8277,6.7
U0018,338676,6.4
U0018,411,6.9
U0018,9035,7.5
U0018,754,7.3
U0018,282035,5.8
U0018,51533,7.7
U0018,1426776,7.5
U0018,1416391,5.6
U0018,533535,8.8
U0018,11424,4.1
U0018,3763,9.2
U0018,35588,5.5
U0018,402298,7.0
U0018,11622,5.4
U0018,83533,8.6
U0018,284019,5.4
U0018,437586,8.4
U0018,345887,6.6
U0018,1168709,6.1
U0018,6878,6.0
U0018,644479,9.3
U0018,50032,7.3
U0018,15567,7.0
U0019,758336,5.1
U0019,175,7.7
U0019,1226841,7.2
U0019,196867,7.4
U0019,803796,8.0
U0019,240629,7.2
U0019,168530,7.0
U0019,460885,5.7
U0019,32856,7.1
U0019,116149,7.6
U0019,7520,5.6
U0019,1934,6.5
U0019,463319,5.7
U0019,535544,7.4
U0019,759,7.2
U0019,9641,6.4
U0019,201,4.9
U0019,38055,6.6
U0019,10314,5.5
U0019,4488,6.8
U0019,8997,4.4
U0019,2085,6.6
U0019,19995,7.2
U0019,1593,7.9
U0019,38732,7.0
U0019,37710,6.9
U0019,575222,7.2
U0019,81,8.7
U0019,12780,6.8
U0019,877,7.4
U0019,12837,7.1
U0019,347201,9.0
U0019,839803,6.2
U0019,740937,9.6
U0019,12289,6.0
U0019,543836,7.4
U0019,755812,7.6
U0019,937249,6.3
U0019,894205,6.8
U0019,2355,6.6
U0019,25,6.7
U0019,1511417,5.7
U0019,8328,7.2
U0020,897192,6.9
U0020,691179,7.5
U0020,1100782,7.4
U0020,239,7.7
U0020,1293286,6.7
U0020,166426,5.6
U0020,759175,8.2
U0020,9473,5.6
U0020,537915,6.3
U0020,9889,8.0
U0020,79,7.6
U0020,179,5.8
U0020,334,6.7
U0020,365177,5.3
U0020,839,7.6
U0020,306,6.3
U0020,611291,8.6
U0020,5070,4.5
U0020,3536,6.6
U0020,860623,6.4
U0020,8871,7.1
U0020,609242,7.8
U0020,11324,7.2
U0020,1634,5.5
U0020,810,7.3
U0020,15403,6.8
U0020,282041,6.6
U0020,37916,7.1
U0021,709,7.3
U0021,86889,5.1
U0021,396806,7.1
U0021,1640,9.1
U0021,2310,5.5
U0021,111190,6.1
U0021,15472,8.4
U0021,981,6.6
U0021,835767,6.8
U0021,10400,7.8
U0021,1061474,6.0
U0021,10637,6.5
U0021,901362,8.9
U0021,1904,8.0
U0021,496243,8.7
U0021,987400,9.0
U0021,4552,8.4
U0021,672,6.7
U0021,375572,7.2
U0021,1160003,5.9
U0021,920394,8.3
U0021,527261,5.4
U0021,11023,8.4
U0021,12536,2.9
U0021,10567,5.3
U0021,20287,5.9
U0021,1379963,6.4
U0021,2322,8.8
U0022,2289,7.5
U0022,21521,7.0
U0022,305470,8.0
U0022,435901,5.2
U0022,5156,8.5
U0022,901,7.3
U0022,5070,5.4
U0022,1193501,6.0
U0022,1131759,7.3
U0022,832964,5.3
U0022,101299,6.8
U0022,1018,6.1
U0022,999136,4.2
U0022,284019,7.8
U0022,800939,5.9
U0022,1427,9.2
U0022,13398,6.9
U0022,1353117,6.6
U0022,138832,7.0
U0022,11782,7.6
U0022,263115,6.7
U0022,49529,6.1
U0022,1232827,7.6
U0022,20875,7.2
U0022,10045,7.2
U0022,9364,5.5
U0022,1087192,7.5
U0022,1017163,7.1
U0022,9693,8.4
U0022,532639,7.9
U0022,209451,6.2
U0022,15767,5.3
U0022,18881,7.3
U0022,806368,7.8
U0022,6964,5.7
U0022,134350,8.4
U0022,6477,6.3
U0022,2567,6.3
U0022,14299,5.0
U0022,11030,6.9
U0022,14831,7.7
U0022,575222,6.9
U0022,9312,5.9
U0022,13496,4.6
U0022,9599,7.5
U0022,6795,6.2
U0022,10497,7.9
U0022,957457,6.6
U0022,208134,4.7
U0023,679,8.7
U0023,1151949,7.0
U0023,13466,7.3
U0023,20287,4.4
U0023,227,7.7
U0023,313369,6.9
U0023,332210,5.8
U0023,72190,7.0
U0023,10393,5.4
U0023,414425,8.3
U0023,7347,8.9
U0023,11365,6.1
U0023,791177,6.9
U0023,2289,5.4
U0023,50531,7.0
U0023,11976,6.8
U0023,467938,7.2
U0023,603,7.7
U0023,8005,6.3
U0023,142061,7.7
U0023,605722,4.6
U0023,4235,7.2
U0023,10033,6.2
U0023,10315,9.1
U0023,336843,8.1
U0024,48186,6.8
U0024,280180,6.9
U0024,1367,7.6
U0024,364137,7.8
U0024,847,6.3
U0024,11663,6.4
U0024,13754,8.0
U0024,5968,6.0
U0024,866,8.7
U0024,8429,7.1
U0024,75612,6.7
U0024,246,6.2
U0024,9559,6.6
U0024,3597,5.5
U0024,652,6.3
U0024,172752,4.7
U0024,640146,7.0
U0024,10491,4.6
U0024,9277,7.2
U0024,525,7.3
U0024,494466,7.6
U0024,1593,6.3
U0024,138103,3.9
U0024,70703,5.1
U0025,382399,7.6
U0025,13475,7.7
U0025,11368,6.2
U0025,180299,8.8
U0025,625450,5.2
U0025,10200,6.7
U0025,1249289,6.0
U0025,1567,7.9
U0025,1233413,7.1
U0025,37317,6.1
U0025,45772,5.9
U0025,9665,6.4
U0025,529216,8.0
U0025,601666,6.3
U0025,476549,4.2
U0025,9289,9.1
U0025,9428,7.7
U0025,714,6.6
U0025,20312,6.8
U0025,919207,7.8
U0025,10607,7.6
U0025,953,5.8
U0025,283995,8.1
U0025,266856,7.0
U0025,3432,5.9
U0025,11428,5.4
U0025,9928,8.2
U0025,601796,7.4
U0025,463319,6.7
U0025,1290182,9.8
U0025,1382406,6.7
U0025,44345,6.2
U0025,593,7.0
U0025,1022453,6.7
U0025,181283,7.0
U0025,281,6.4
U0025,111,7.6
U0025,374461,7.6
U0025,17015,6.2
U0025,180147,7.8
U0025,11178,6.7
U0025,497,8.4
U0025,9366,8.2
U0025,839,8.8
U0025,8007,5.2
U0025,399360,7.0
U0025,394269,8.9
U0025,11932,5.9
U0025,2005,6.4
U0025,666243,7.0
U0025,10877,4.3
U0025,433498,7.9
U0025,11031,6.8
U0025,248504,3.2
U0025,1028182,6.9
U0025,701,7.7
U0025,527660,7.0
U0025,7980,8.5
U0025,10950,7.6
U0026,408,6.9
U0026,11778,7.8
U0026,454,7.0
U0026,1613798,8.3
U0026,9730,7.4
U0026,120,8.2
U0026,406990,7.2
U0026,19277,6.7
U0026,38732,5.4
U0026,9919,6.7
U0026,615,7.7
U0026,630586,5.2
U0026,161,8.8
U0026,725201,6.0
U0026,11663,6.5
U0026,10228,7.5
U0026,3112,8.1
U0026,10191,7.5
U0026,17015,7.9
U0026,426543,6.3
U0026,152748,7.6
U0026,628,6.0
U0026,45612,6.9
U0026,393561,7.9
U0026,575813,8.5
U0026,698,6.1
U0026,13370,6.4
U0026,86825,6.9
U0026,631143,6.3
U0026,16219,6.4
U0026,82675,6.8
U0026,931102,7.9
U0026,11497,7.6
U0026,86000,7.5
U0026,249397,6.3
U0026,429210,8.0
U0026,70,7.2
U0026,14008,6.7
U0026,896536,5.9
U0026,9062,6.8
U0026,839803,7.1
U0026,1491,7.7
U0026,634544,7.5
U0026,166424,6.0
U0026,5708,7.2
U0026,926606,8.1
U0026,309809,6.2
U0026,9992,6.8
U0026,12094,5.3
U0026,180147,7.1
U0026,460019,5.1
U0026,767,6.8
U0026,560057,6.8
U0026,75948,8.2
U0027,3084,6.5
U0027,439058,8.0
U0027,51482,8.5
U0027,239,9.7
U0027,1005331,6.2
U0027,760774,6.7
U0027,4614,6.1
U0027,8328,7.5
U0027,13700,4.7
U0027,12763,7.2
U0027,84199,6.3
U0027,707886,7.1
U0027,282631,7.0
U0027,11575,7.1
U0027,11430,5.5
U0027,364220,6.1
U0027,342470,7.7
U0027,698948,8.8
U0027,11797,8.3
U0027,11954,7.2
U0027,1156594,6.4
U0027,375366,6.3
U0027,1116465,6.6
U0027,7214,8.4
U0027,1050035,8.9
U0027,13754,7.6
U0027,72559,6.5
U0027,437342,9.3
U0027,535544,8.1
U0027,68722,6.8
U0027,13222,6.8
U0027,1844,6.0
U0027,9870,8.6
U0027,11036,6.5
U0027,296524,6.4
U0027,9530,7.0
U0027,632632,7.4
U0027,9739,7.3
U0027,36724,7.5
U0027,17664,5.3
U0028,49948,6.1
U0028,483,5.9
U0028,63,8.4
U0028,500664,7.7
U0028,8940,5.7
U0028,1245,7.4
U0028,343674,5.6
U0028,398181,5.9
U0028,62,9.6
U0028,9385,7.6
U0028,8277,5.3
U0028,962232,6.6
U0028,527641,8.5
U0028,71157,7.8
U0028,473812,6.6
U0028,1083433,5.2
U0028,10423,7.9
U0029,338967,7.1
U0029,14863,5.2
U0029,14092,5.5
U0029,9421,8.3
U0029,14676,6.0
U0029,1611398,6.4
U0029,67394,3.9
U0029,13754,6.7
U0029,1061699,8.8
U0029,13654,5.3
U0029,1083658,6.7
U0029,274862,7.0
U0029,10112,7.0
U0029,524,7.5
U0029,413594,7.6
U0029,19576,6.4
U0029,34544,5.8
U0029,10997,8.7
U0030,1966,5.3
U0030,14580,7.9
U0030,80219,8.5
U0030,526702,8.0
U0030,499191,6.5
U0030,15969,5.5
U0030,4415,6.6
U0030,10331,8.1
U0030,17057,7.7
U0030,313369,8.5
U0030,634429,6.3
U0030,493099,8.5
U0030,9426,7.8
U0030,983,8.6
U0030,1214931,7.4
U0030,302946,7.8
U0030,1198984,7.1
U0030,34433,8.7
U0030,4488,7.7
U0030,956842,7.3
U0030,12405,7.9
U0030,869250,7.1
U0030,36724,5.7
U0030,49007,5.0
U0030,821881,6.7
U0030,820609,6.5
U0030,360814,6.3
U0030,463272,5.4
U0030,11713,7.6
U0030,19458,6.0
U0030,813,7.7
U0030,19899,5.8
U0030,9383,6.2
U0030,635910,7.0
U0030,70981,6.8
U0030,262543,6.0
U0030,15255,6.7
U0030,276624,7.4
U0030,745,8.9
U0030,522,7.7
U0030,1026436,7.1
U0030,16859,8.9
U0030,433502,6.7
U0030,345009,7.2
U0030,4587,7.0
U0030,406759,6.1
U0030,820067,8.8
U0030,42296,7.1
U0030,10357,6.3
U0030,282041,6.0
U0030,12589,5.4
U0030,827,6.9
U0031,262841,5.8
U0031,932086,6.1
U0031,696806,6.5
U0031,54138,7.6
U0031,8845,5.4
U0031,726209,7.3
U0031,13885,7.4
U0031,1396,6.7
U0031,436931,7.3
U0031,171274,6.1
U0031,21348,8.7
U0031,414425,6.1
U0031,786,7.4
U0031,1086260,5.4
U0031,13002,8.2
U0031,13497,7.6
U0031,18122,4.0
U0031,440,5.3
U0031,70587,7.5
U0031,10435,8.1
U0031,578,8.9
U0031,39205,7.4
U0031,77,7.1
U0031,501170,5.8
U0031,16306,7.2
U0031,376570,6.2
U0031,13448,8.1
U0031,762441,8.2
U0031,466282,8.1
U0031,311324,6.5
U0031,1029955,5.8
U0031,763,7.8
U0031,107748,6.2
U0031,9392,6.1
U0031,431,8.0
U0031,44865,6.8
U0031,149871,8.7
U0031,3597,4.0
U0031,86825,6.2
U0031,10377,7.1
U0031,9728,6.7
U0031,284052,8.2
U0031,231164,6.6
U0031,660000,7.5
U0032,688,6.8
U0032,11078,4.4
U0032,464889,7.1
U0032,926,6.9
U0032,1688,5.9
U0032,439058,6.9
U0032,33602,8.5
U0032,98567,4.8
U0032,16664,7.6
U0032,11974,8.3
U0032,76696,7.9
U0032,21191,8.6
U0032,726759,8.4
U0032,5279,7.3
U0032,144,6.8
U0032,172385,7.4
U0032,35739,2.6
U0032,146233,8.2
U0032,433247,6.5
U0032,9788,6.2
U0032,80785,2.8
U0032,574638,7.0
U0032,136686,6.1
U0032,1020969,7.0
U0032,1678,7.2
U0032,643215,4.9
U0032,18892,5.0
U0032,1161617,5.5
U0032,437557,6.7
U0032,203801,6.5
U0032,8982,6.9
U0032,710356,8.1
U0032,16,6.8
U0032,375366,6.8
U0032,37797,9.0
U0032,7980,8.3
U0032,341174,5.7
U0032,79645,6.8
U0032,4911,6.5
U0032,115,7.2
U0032,2925,6.9
U0032,11,7.6
U0032,941,5.8
U0032,512196,6.2
U0032,869250,8.3
U0032,1083433,5.4
U0032,363676,8.7
U0032,78192,7.1
U0032,664236,6.6
U0033,462181,4.3
U0033,467905,5.6
U0033,215,5.4
U0033,1016084,6.4
U0033,11712,8.9
U0033,4247,5.7
U0033,398978,6.0
U0033,638974,7.2
U0033,479455,5.9
U0033,1214506,8.0
U0033,15370,6.3
U0033,109,6.6
U0033,5723,7.3
U0033,33871,6.6
U0033,12207,5.2
U0033,9641,5.5
U0033,14069,6.9
U0033,36950,5.3
U0033,572154,7.8
U0033,37347,6.0
U0033,37430,4.9
U0033,134764,5.5
U0033,20312,7.1
U0033,11902,6.7
U0033,396373,7.1
U0033,13595,6.1
U0033,8536,6.2
U0033,17409,6.9
U0033,70981,7.1
U0033,8920,6.8
U0033,1542,6.7
U0033,395,6.3
U0033,363,6.8
U0033,1155089,7.5
U0033,10998,6.2
U0033,77985,4.1
U0033,16869,8.8
U0033,12244,7.6
U0033,8342,7.9
U0033,10538,6.1
U0033,328480,7.5
U0033,581,9.3
U0033,828613,7.0
U0033,81390,6.7
U0033,246741,8.0
U0034,272,8.4
U0034,502033,7.9
U0034,19458,6.1
U0034,970347,6.4
U0034,768362,7.7
U0034,365177,5.7
U0034,1424965,6.3
U0034,12496,9.3
U0034,37786,6.4
U0034,10638,5.2
U0034,9286,6.0
U0034,232672,7.1
U0034,4806,6.7
U0034,231164,5.1
U0034,343674,7.8
U0034,2605,5.4
U0034,10875,6.3
U0034,439584,7.7
U0034,3133,5.8
U0034,41841,4.8
U0034,17899,4.2
U0034,136795,6.7
U0034,37769,7.3
U0034,2501,6.4
U0034,19100,6.9
U0034,17277,6.5
U0034,1258151,8.0
U0034,872,7.4
U0034,438799,6.6
U0034,16620,6.4
U0034,1680,6.6
U0034,336843,7.3
U0034,236751,5.6
U0034,13384,8.6
U0034,604685,4.9
U0034,117251,5.9
U0034,33997,7.7
U0034,395000,3.6
U0034,756187,6.8
U0034,11545,7.2
U0034,13053,7.0
U0034,4995,8.9
U0034,20992,7.4
U0034,42229,6.8
U0034,76349,5.4
U0034,2085,6.5
U0034,499191,6.2
U0034,345940,5.9
U0034,624,7.1
U0034,1151334,7.1
U0034,12625,6.2
U0035,51888,7.4
U0035,11589,7.0
U0035,16250,8.3
U0035,11424,6.5
U0035,2687,4.5
U0035,49009,7.6
U0035,212167,8.3
U0035,1153714,5.8
U0035,800345,6.9
U0035,1251,7.1
U0035,10303,7.3
U0035,1319895,7.7
U0035,83389,7.6
U0035,397520,8.0
U0035,227,8.0
U0035,1284496,8.4
U0035,169607,7.6
U0035,602223,5.5
U0035,1154538,7.1
U0035,68724,7.1
U0035,14283,6.9
U0035,11194,7.0
U0035,348893,7.2
U0035,14676,8.0
U0035,453,7.1
U0035,19186,5.5
U0035,79707,8.7
U0035,1852,6.6
U0035,1090,5.6
U0035,38117,6.0
U0035,1128650,7.5
U0035,348390,6.8
U0035,73353,5.6
U0035,315635,7.4
U0035,9691,8.2
U0035,288,7.5
U0035,10651,5.8
U0035,677179,7.0
U0035,347375,5.7
U0035,36728,5.9
U0035,217993,7.4
U0035,10975,7.2
U0035,39254,6.5
U0035,9952,6.3
U0035,74879,7.1
U0035,173185,7.7
U0035,13682,8.7
U0035,950396,8.3
U0035,176,7.2
U0035,823625,5.3
U0035,7012,6.6
U0035,936061,7.8
U0035,10403,7.7
U0035,1160360,7.0
U0035,11974,6.3
U0035,590995,6.4
U0035,445571,7.5
U0036,11187,5.4
U0036,9678,7.3
U0036,40047,8.0
U0036,106,7.7
U0036,273895,8.2
U0036,966,7.8
U0036,439,7.4
U0036,2119,7.4
U0036,32823,5.8
U0036,3082,8.5
U0036,805,7.3
U0036,1029578,4.2
U0036,1155281,6.2
U0036,3003,6.4
U0036,34854,1.3
U0036,2046,6.5
U0036,1493,5.2
U0036,134375,7.2
U0036,11167,8.9
U0036,38765,4.9
U0036,7345,7.7
U0036,14353,7.1
U0036,976,8.4
U0036,2621,6.6
U0036,18671,8.1
U0036,205587,7.6
U0036,2055,6.8
U0036,50620,5.7
U0036,948,7.6
U0036,3780,8.3
U0036,827,8.9
U0036,8656,7.5
U0036,46528,5.9
U0036,446893,7.6
U0037,19542,8.3
U0037,1397364,7.2
U0037,10877,5.6
U0037,3003,5.0
U0037,532067,9.8
U0037,19082,7.5
U0037,10998,6.3
U0037,3049,7.7
U0037,1022256,8.2
U0037,9972,7.1
U0037,11782,7.4
U0037,11236,7.2
U0037,39013,7.2
U0037,402,7.3
U0037,346,7.7
U0037,16907,7.1
U0037,11113,8.0
U0037,43319,6.8
U0037,10376,8.1
U0037,13183,6.6
U0037,75674,7.6
U0037,929204,8.0
U0038,144,8.1
U0038,152532,8.6
U0038,1541,8.0
U0038,74308,8.5
U0038,13597,7.4
U0038,1353333,6.4
U0038,143,6.7
U0038,209451,7.7
U0038,19673,7.4
U0038,866038,6.4
U0038,593,8.5
U0038,530956,6.2
U0038,9502,8.1
U0038,72976,5.9
U0038,762879,6.1
U0038,965,6.8
U0038,102382,5.9
U0038,35558,7.4
U0038,11827,5.6
U0038,320,6.0
U0038,1554,6.8
U0038,11238,6.4
U0038,532067,8.7
U0038,19458,6.9
U0038,984105,7.0
U0038,8069,5.5
U0038,827,7.2
U0038,21733,7.1
U0038,576845,7.4
U0038,339927,5.8
U0038,1416391,3.1
U0038,9360,3.4
U0038,10020,7.9
U0038,454,7.5
U0038,13497,6.0
U0038,1600,7.4
U0038,759,8.7
U0038,9394,8.2
U0038,983,7.4
U0038,67659,7.2
U0038,494466,7.4
U0038,101267,7.1
U0038,7512,5.2
U0038,660982,6.0
U0039,11314,7.8
U0039,338803,6.1
U0039,13971,7.2
U0039,461130,7.0
U0039,48035,8.3
U0039,728118,9.4
U0039,11322,6.8
U0039,9359,8.3
U0039,1158996,5.6
U0039,569547,7.0
U0039,70703,6.1
U0039,957457,7.8
U0039,16161,7.3
U0039,558655,7.5
U0039,10585,7.3
U0039,65851,6.5
U0039,736069,6.4
U0039,103,8.6
U0039,522,6.5
U0039,99861,6.6
U0039,1551,6.9
U0039,13562,7.7
U0039,119819,5.4
U0039,738215,6.0
U0039,18148,8.3
U0039,802219,6.4
U0039,9477,5.9
U0039,435107,7.7
U0039,207703,7.6
U0039,7364,6.7
U0039,14911,6.8
U0040,75780,5.4
U0040,4935,6.6
U0040,12144,8.3
U0040,634528,6.8
U0040,4858,6.1
U0040,1278263,7.2
U0040,376867,8.6
U0040,10833,6.3
U0040,236399,4.9
U0040,625976,4.9
U0040,98566,5.5
U0040,530079,8.1
U0040,11287,7.2
U0041,1233069,6.5
U0041,16996,7.2
U0041,496450,7.8
U0041,205587,8.0
U0041,203833,7.7
U0041,8872,7.1
U0041,10220,6.8
U0041,40348,5.0
U0041,4547,7.6
U0041,704,6.1
U0041,407445,7.4
U0041,601169,8.1
U0041,28,8.7
U0041,800425,7.0
U0041,15067,7.2
U0041,393559,7.0
U0041,928,6.1
U0041,643,8.6
U0041,429617,8.7
U0041,10207,6.8
U0041,1232449,7.8
U0041,13448,7.4
U0041,17529,7.9
U0041,333339,7.0
U0041,81481,8.1
U0041,76568,9.5
U0041,3170,7.5
U0041,1895,7.3
U0041,68727,5.9
U0041,48624,6.1
U0041,768362,8.0
U0041,11130,8.8
U0041,11287,7.9
U0041,140638,4.7
U0042,1246,6.6
U0042,592983,5.8
U0042,15573,4.6
U0042,1259,6.7
U0042,11943,7.0
U0042,534,6.5
U0042,12207,7.9
U0042,44691,7.5
U0042,11282,7.2
U0042,16563,7.0
U0042,9346,6.6
U0042,404,7.2
U0042,150540,7.5
U0043,210726,4.8
U0043,19995,7.6
U0043,80219,7.6
U0043,695721,6.7
U0043,82693,8.0
U0043,953,8.4
U0043,138843,7.4
U0043,263132,5.6
U0043,436931,7.6
U0043,2768,5.5
U0043,1538,7.8
U0043,337401,6.9
U0043,10618,7.7
U0043,9900,5.9
U0043,140,7.1
U0043,2067,7.4
U0043,668742,6.2
U0043,589982,7.0
U0043,800345,6.9
U0043,3175,7.9
U0043,667520,8.8
U0043,69315,7.7
U0043,707,7.1
U0043,929,4.5
U0043,33217,7.0
U0043,7131,7.3
U0044,851,8.3
U0044,1387382,5.9
U0044,20343,5.6
U0044,173467,5.3
U0044,87827,8.2
U0044,8005,8.1
U0044,1151949,7.3
U0044,9314,7.4
U0044,184004,7.1
U0044,440471,5.4
U0044,163,6.9
U0044,76640,5.9
U0044,821,7.1
U0044,11932,5.7
U0044,18900,6.8
U0044,12405,7.8
U0044,68555,7.0
U0044,1410082,6.8
U0044,79707,7.0
U0044,76600,8.6
U0044,274855,6.5
U0044,1887,7.1
U0044,634649,7.1
U0045,217993,7.5
U0045,637,8.7
U0045,331781,8.4
U0045,8988,5.9
U0045,1955,6.8
U0045,763164,5.7
U0045,38985,7.0
U0045,1412598,6.5
U0045,9062,7.4
U0045,15999,7.3
U0045,44943,5.3
U0045,77617,6.6
U0045,9394,7.8
U0045,1083658,6.6
U0045,50014,8.1
U0045,595841,6.9
U0045,10714,7.4
U0045,11205,8.3
U0045,49444,6.5
U0045,20943,7.4
U0045,624932,7.6
U0045,9463,6.0
U0045,631843,7.1
U0045,797838,6.9
U0045,1621,6.7
U0045,1598,6.0
U0045,397567,8.0
U0045,13382,6.8
U0045,734858,8.1
U0045,572154,8.2
U0045,381283,7.0
U0045,264656,6.1
U0045,653,7.0
U0045,4929,6.1
U0045,710295,8.2
U0045,9767,5.8
U0045,531428,7.6
U0045,75674,6.6
U0045,41446,6.8
U0045,820067,7.4
U0045,9374,6.2
U0045,13654,6.4
U0045,771,7.0
U0045,1117857,6.0
U0045,1022787,6.5
U0045,543580,7.0
U0045,49013,7.2
U0045,10150,7.6
U0045,9541,4.1
U0045,77,7.8
U0045,857,9.0
U0045,899082,7.8
U0045,799379,6.0
U0045,5070,6.7
U0045,511809,6.5
U0045,447200,5.7
U0045,74,6.0
U0045,1250,6.6
U0045,1311031,7.7
U0046,17591,5.9
U0046,10404,8.4
U0046,3558,6.5
U0046,82675,6.9
U0046,833,7.7
U0046,11517,4.9
U0046,625561,6.4
U0046,11416,7.2
U0046,642538,7.4
U0046,34851,5.4
U0046,11972,7.4
U0046,1561955,6.2
U0047,932086,7.1
U0047,565276,8.0
U0047,1190012,6.9
U0047,13949,7.5
U0047,86000,8.5
U0047,403300,7.6
U0047,1114967,6.1
U0047,21500,5.4
U0047,1328803,6.3
U0047,629176,6.3
U0047,954,6.3
U0047,491633,7.5
U0047,591274,8.6
U0047,849,6.0
U0047,1357633,7.3
U0047,333371,6.6
U0047,993708,5.7
U0047,1429605,5.4
U0047,10998,6.2
U0047,1353117,5.5
U0047,666243,6.7
U0047,1058647,8.8
U0047,413594,7.3
U0047,9660,7.3
U0047,722149,7.3
U0047,87818,5.1
U0047,277217,6.5
U0047,1280282,8.0
U0047,3580,7.0
U0047,1100099,6.8
U0047,71689,6.1
U0048,271110,7.8
U0048,1297454,7.2
U0048,346685,6.5
U0048,9800,10.0
U0048,760161,6.3
U0048,2133,7.4
U0048,462183,6.4
U0048,47964,6.5
U0048,638597,6.5
U0048,68722,8.1
U0048,11040,6.5
U0048,2609,7.7
U0048,22,6.5
U0048,5915,7.7
U0048,3031,7.1
U0048,9086,8.2
U0048,899524,6.1
U0048,763873,6.9
U0048,1164355,7.7
U0048,678,8.2
U0048,6003,9.0
U0048,181812,5.9
U0048,10719,6.7
U0048,11647,8.7
U0048,1637,6.7
U0048,382517,7.7
U0048,696374,8.5
U0048,43904,6.8
U0048,596,8.9
U0048,345,7.4
U0048,508003,8.3
U0048,601,6.8
U0049,7553,5.8
U0049,36670,6.8
U0049,36669,5.9
U0049,470,6.9
U0049,679,9.5
U0049,179144,6.6
U0049,4234,4.7
U0049,939,5.9
U0049,208134,6.9
U0049,786892,6.9
U0049,2721,6.4
U0049,399402,8.5
U0049,1654,8.8
U0049,11329,7.4
U0049,281338,6.4
U0049,38360,7.9
U0049,3112,9.4
U0049,1561687,6.5
U0049,20638,7.0
U0049,12900,7.4
U0049,397243,8.1
U0049,242582,7.7
U0049,475888,6.1
U0050,11199,6.0
U0050,18129,6.3
U0050,273481,8.4
U0050,446893,7.4
U0050,17899,3.5
U0050,246400,8.2
U0050,8007,6.7
U0050,72784,5.6
U0050,43949,8.7
U0050,299687,5.7
U0050,8619,6.9
U0050,512196,6.2
U0050,364689,6.5
U0050,39833,7.3
U0050,1271,7.3
U0050,179144,7.6
U0050,74465,7.2
U0050,74308,8.4
U0050,498249,6.9
U0050,2005,7.3
U0050,459414,6.8
U0050,11562,8.2
U0050,962,8.2
U0050,35558,6.7
U0050,11688,8.4
U0050,46064,6.6
U0050,951491,7.0
U0050,566525,10.0
U0050,804095,7.5
U0050,768,7.1
U0050,80321,6.1
U0050,10665,7.5
U0050,10548,7.0
U0050,471707,6.6
U0050,17903,6.0
U0050,382591,7.6
U0050,1064486,8.9
U0050,2289,6.6
U0050,50546,6.1
U0050,446354,6.9
U0050,5689,6.4
U0050,707,6.2
U0050,6439,7.2
U0050,6522,6.8
U0050,329865,8.3
U0050,199,6.3
U0050,282035,4.3
U0050,3767,7.8
U0050,77985,6.2
U0050,820232,7.8
U0050,10510,7.7
U0050,9333,6.3
U0050,4912,5.0
U0050,10184,7.1
U0050,37735,6.9
U0050,4643,6.3
U0050,7984,8.0
U0050,8845,7.5
U0051,4934,6.5
U0051,512195,5.9
U0051,22292,7.8
U0051,438650,5.5
U0051,72105,6.2
U0051,6523,8.1
U0051,47914,7.2
U0051,634524,6.2
U0051,11615,8.0
U0051,7840,4.8
U0051,858017,5.3
U0051,9778,6.0
U0051,216015,6.4
U0051,604,6.3
U0051,112205,5.6
U0051,1255788,6.8
U0051,3131,6.8
U0051,609242,7.9
U0051,608,6.9
U0051,246655,5.8
U0051,44639,8.1
U0051,838209,7.2
U0051,21348,7.6
U0051,14926,6.1
U0051,566228,7.5
U0051,1161617,6.2
U0051,1417,8.5
U0051,12496,7.5
U0051,602734,4.5
U0051,8698,7.4
U0051,9286,6.1
U0051,10995,6.7
U0051,3780,9.2
U0051,41050,7.6
U0051,9922,6.0
U0051,826914,6.6
U0052,399366,7.5
U0052,45588,7.3
U0052,1234811,6.4
U0052,16119,7.8
U0052,46064,3.8
U0052,635910,6.5
U0052,129,8.7
U0052,81390,5.4
U0052,6950,6.8
U0052,17431,7.3
U0052,1955,7.1
U0052,50348,6.9
U0052,4935,9.0
U0052,1073,7.3
U0052,41823,6.3
U0052,277834,8.1
U0052,1904,6.7
U0052,369972,5.9
U0052,1131759,5.7
U0052,176,8.3
U0052,24,8.4
U0052,675353,7.0
U0052,799375,7.4
U0052,919207,8.3
U0052,207,8.9
U0052,437068,8.2
U0052,927254,4.4
U0052,697843,7.7
U0052,4133,6.9
U0052,1600,6.6
U0052,20760,7.8
U0052,38543,4.3
U0052,509,6.9
U0053,6947,7.5
U0053,82654,6.4
U0053,9900,6.7
U0053,284,7.8
U0053,335983,7.6
U0053,269509,6.8
U0053,21057,6.3
U0053,956,6.0
U0053,405746,5.6
U0053,398978,7.1
U0053,14160,8.7
U0053,16331,6.1
U0053,1156593,8.4
U0053,2204,8.0
U0053,1168709,6.3
U0053,310131,6.7
U0053,54065,3.9
U0053,13682,6.9
U0053,2320,7.1
U0053,626332,7.7
U0053,955,7.0
U0053,831405,6.7
U0053,371608,5.6
U0053,799379,6.6
U0053,402298,8.4
U0053,1315986,5.7
U0053,45243,7.4
U0053,11527,7.1
U0053,509967,5.2
U0053,755566,7.0
U0054,8835,6.2
U0054,512191,6.7
U0054,11228,8.1
U0054,499701,6.2
U0054,100,8.7
U0054,8426,6.8
U0054,1624,6.3
U0054,9816,7.1
U0054,862,6.0
U0054,52449,5.8
U0054,12169,7.0
U0054,1280,8.4
U0054,531309,6.3
U0054,398978,9.3
U0054,1103437,5.9
U0054,9358,6.9
U0054,81401,6.8
U0054,797838,6.5
U0054,14684,5.3
U0054,402,5.5
U0055,9820,6.6
U0055,1103437,6.7
U0055,713,7.0
U0055,13483,6.2
U0055,11033,6.3
U0055,9516,6.8
U0055,402431,7.0
U0055,3558,8.4
U0055,48186,8.1
U0055,775996,6.4
U0055,9912,7.7
U0055,491633,6.0
U0055,66150,7.6
U0055,3175,8.4
U0055,759175,6.3
U0055,9870,6.8
U0055,14257,6.2
U0055,12104,8.6
U0055,1330421,5.9
U0055,15,7.3
U0055,1049471,5.2
U0055,239347,6.0
U0055,12093,8.9
U0055,268896,7.3
U0055,11134,7.0
U0055,136400,7.3
U0055,872,6.2
U0055,475888,8.0
U0055,11690,7.2
U0055,133121,6.8
U0055,1213898,5.5
U0055,5255,7.5
U0055,21542,7.4
U0055,8073,7.3
U0056,121,6.4
U0056,870028,6.6
U0056,406385,8.0
U0056,921636,6.8
U0056,10314,6.3
U0056,642,7.5
U0056,50032,6.1
U0056,783,6.7
U0056,5916,7.9
U0056,605,7.9
U0056,399035,6.3
U0056,1317672,5.4
U0056,1119878,6.6
U0056,936245,4.9
U0056,12219,7.7
U0056,11344,7.4
U0056,526051,6.1
U0056,9078,7.5
U0056,440626,6.0
U0056,335777,6.1
U0056,637649,6.2
U0057,9072,6.0
U0057,10202,5.9
U0057,13936,7.3
U0057,2759,6.7
U0057,8835,7.7
U0057,361743,8.1
U0057,1081676,7.8
U0057,1197306,6.3
U0057,640344,8.5
U0057,9836,6.0
U0057,227,6.7
U0057,2611,6.5
U0057,7508,8.4
U0057,11918,5.3
U0057,800815,7.3
U0057,13503,6.3
U0057,1255788,5.9
U0057,15739,5.2
U0057,833,7.9
U0057,76025,7.1
U0057,6947,6.6
U0057,602063,8.9
U0057,1579,7.4
U0057,301351,7.9
U0057,1613798,7.8
U0057,501395,6.6
U0057,1278101,7.8
U0057,13683,6.0
U0057,1127227,5.6
U0058,791155,6.3
U0058,675327,5.7
U0058,2832,7.8
U0058,15016,6.1
U0058,1083658,6.5
U0058,1579,7.7
U0058,9346,5.8
U0058,986206,6.2
U0058,10529,5.4
U0058,134764,4.5
U0058,21422,7.5
U0058,11005,7.9
U0058,10623,6.5
U0058,1316147,8.1
U0058,594634,7.3
U0058,836225,7.6
U0058,12,9.6
U0058,853,8.7
U0058,70841,8.1
U0058,755566,5.6
U0059,763025,6.1
U0059,5917,6.8
U0059,339964,7.0
U0059,921636,7.6
U0059,20504,8.0
U0059,1086260,7.6
U0059,467660,4.9
U0059,2501,9.1
U0059,922,7.1
U0059,12113,6.4
U0059,17360,6.6
U0059,38985,7.3
U0059,338970,7.5
U0059,37308,7.3
U0059,1412,8.3
U0059,9907,6.9
U0059,10778,8.3
U0059,147,7.7
U0059,332210,7.8
U0059,8814,5.4
U0059,71883,7.6
U0059,89,7.8
U0059,1032892,5.9
U0059,11891,6.5
U0059,16761,7.3
U0059,9003,7.0
U0059,610253,6.4
U0059,11647,6.1
U0059,9255,6.3
U0059,957457,6.7
U0059,39486,6.8
U0059,640,7.7
U0059,936061,4.7
U0059,597891,6.9
U0059,41180,7.2
U0059,426,7.5
U0059,49520,5.0
U0059,1120911,5.4
U0059,806368,7.4
U0059,9545,5.7
U0059,2133,5.7
U0059,899405,7.7
U0060,1096197,4.7
U0060,86825,7.6
U0060,10028,6.6
U0060,2405,8.2
U0060,369885,5.9
U0060,77617,5.9
U0060,141,7.8
U0060,1885,8.0
U0060,14676,5.5
U0060,19901,7.0
U0060,2291,8.1
U0060,476669,7.6
U0060,335777,6.1
U0060,1392796,7.6
U0060,43829,7.5
U0060,1097311,7.5
U0060,1032823,6.0
U0060,68718,9.0
U0060,928833,9.3
U0060,536554,8.5
U0060,15789,8.2
U0060,1226578,6.9
U0060,36728,7.3
U0060,467660,6.9
U0060,76757,5.5
U0060,1059128,7.1
U0060,144288,10.0
U0060,217,6.8
U0060,371638,7.5
U0060,10110,8.1
U0060,131634,7.3
U0060,1027014,6.2
U0060,1032892,5.0
U0060,382748,7.9
U0060,4034,7.1
U0060,9593,7.0
U0060,921636,5.7
U0060,571,8.3
U0060,4192,7.2
U0060,862,8.3
U0060,6038,7.3
U0060,5174,6.5
U0060,666,10.0
U0060,203217,7.7
U0060,278924,5.2
U0060,348,8.9
U0060,892153,5.7
U0060,1156594,7.7
U0060,16859,7.5
U0061,12639,5.3
U0061,9986,6.6
U0061,49046,7.7
U0061,861,7.3
U0061,47914,5.2
U0061,372962,5.1
U0061,21208,6.9
U0061,245473,6.7
U0061,37034,6.1
U0061,166424,5.4
U0061,316727,6.5
U0061,4935,9.0
U0061,792,7.3
U0061,10112,7.1
U0061,83389,6.9
U0061,212778,6.7
U0061,297270,6.7
U0061,640,7.7
U0061,1996,6.5
U0061,10061,5.6
U0061,2611,7.3
U0061,38602,7.0
U0061,400535,7.1
U0061,500664,8.3
U0061,800425,6.0
U0061,9823,4.5
U0061,98567,7.3
U0061,265195,7.6
U0061,2252,7.6
U0061,138843,6.6
U0061,371608,5.7
U0061,508,7.2
U0061,3134,4.6
U0061,405774,7.8
U0061,43418,6.2
U0062,430,9.9
U0062,1370,5.2
U0062,1032425,5.8
U0062,8195,7.6
U0062,1624,6.9
U0062,605,8.0
U0062,37292,7.1
U0062,542178,6.8
U0062,12100,6.9
U0062,8452,6.1
U0063,1216191,6.5
U0063,11198,8.5
U0063,605886,6.0
U0063,170657,6.9
U0063,2046,4.7
U0063,16331,9.0
U0063,916,7.1
U0063,11524,6.8
U0063,9730,5.6
U0063,12716,6.7
U0063,1086747,6.3
U0063,339527,5.7
U0063,9428,8.7
U0063,475557,7.8
U0063,284536,6.3
U0064,11645,8.6
U0064,6069,6.5
U0064,12615,7.0
U0064,11424,7.5
U0064,833425,7.3
U0064,121,7.7
U0064,13980,7.9
U0064,277834,7.4
U0064,11074,5.1
U0064,4951,7.7
U0064,2666,8.5
U0064,39391,8.0
U0064,1424965,3.7
U0064,723072,6.4
U0064,1249289,6.3
U0064,2898,7.2
U0064,1678,7.3
U0064,137094,6.2
U0064,14003,8.0
U0064,14347,5.3
U0064,1116465,6.0
U0064,446893,7.5
U0064,268092,8.0
U0064,307,6.9
U0064,10379,5.6
U0064,12536,4.2
U0064,13345,9.3
U0064,41411,8.2
U0064,15764,7.9
U0064,11970,8.2
U0064,431693,6.7
U0064,12244,8.0
U0064,1701,6.7
U0065,439584,6.4
U0065,2675,6.3
U0065,17529,6.1
U0065,664236,6.5
U0065,670,8.0
U0065,1443576,6.7
U0065,223,7.3
U0065,8988,6.3
U0065,578,8.3
U0065,1443940,8.6
U0065,43260,7.8
U0065,134374,6.5
U0065,629542,8.5
U0065,829400,7.2
U0065,4982,7.6
U0065,10140,6.7
U0065,10671,5.7
U0065,180894,5.7
U0065,330457,7.9
U0065,2119,5.8
U0065,1966,6.7
U0065,736069,6.2
U0065,475132,6.4
U0065,6637,6.1
U0065,2440,6.9
U0065,1154538,7.2
U0065,136686,8.2
U0065,13690,5.3
U0065,8873,6.5
U0065,15016,6.8
U0066,1511789,4.9
U0066,467952,6.8
U0066,2675,6.1
U0066,703,7.5
U0066,16633,6.4
U0066,402331,6.2
U0066,625561,7.2
U0066,1088166,5.7
U0066,14911,5.6
U0066,840464,6.0
U0066,4034,7.8
U0066,575299,6.9
U0066,20453,8.4
U0066,7085,8.2
U0066,532814,7.6
U0066,42685,4.5
U0066,5991,7.1
U0066,1084242,6.8
U0066,11621,7.5
U0066,172752,3.7
U0066,282035,5.6
U0066,10548,7.8
U0066,396,8.5
U0066,269149,7.2
U0066,18269,6.8
U0067,1542,6.4
U0067,273248,7.7
U0067,11835,7.4
U0067,13183,6.0
U0067,72190,6.0
U0067,11031,7.5
U0067,11424,6.7
U0067,582,7.4
U0067,68718,8.4
U0067,3112,7.5
U0067,10660,6.8
U0067,381719,6.1
U0067,2252,8.1
U0067,37308,5.5
U0067,1159311,6.5
U0067,8536,8.7
U0067,4806,5.8
U0067,13935,6.2
U0067,11886,6.8
U0067,756999,7.8
U0067,2009,8.5
U0067,204,8.1
U0067,45752,8.7
U0067,398818,7.3
U0067,10027,7.8
U0067,980,6.8
U0067,43904,7.9
U0067,502897,6.5
U0067,705861,8.5
U0067,10098,8.1
U0067,2044,6.7
U0067,10999,6.1
U0067,274109,8.0
U0067,2118,8.4
U0067,9954,6.7
U0067,38360,7.0
U0067,8094,9.8
U0067,467660,6.1
U0067,9335,4.4
U0067,4961,5.9
U0067,8224,6.4
U0067,10207,6.7
U0067,382517,6.4
U0067,16523,5.5
U0067,48650,5.9
U0067,1103,7.3
U0067,6795,5.9
U0067,9547,6.2
U0067,826914,6.3
U0067,1422096,7.0
U0067,100042,5.2
U0068,655,8.6
U0068,50619,7.4
U0068,381289,8.9
U0068,48138,7.0
U0068,20271,7.7
U0068,10982,7.0
U0068,1212855,5.5
U0068,393457,5.6
U0068,507086,7.6
U0068,573171,8.0
U0068,35588,5.3
U0068,979,6.6
U0068,13494,5.0
U0068,985617,7.2
U0068,7515,6.2
U0068,9595,8.0
U0068,75674,8.1
U0068,601169,9.6
U0068,8204,7.7
U0068,927254,6.7
U0068,194,8.6
U0068,642538,7.6
U0068,44912,6.1
U0068,956,7.3
U0068,79871,6.6
U0068,18405,6.4
U0068,1215162,5.9
U0068,7857,8.4
U0068,5994,6.2
U0068,39833,5.6
U0068,400608,6.9
U0068,6114,7.3
U0068,21452,6.9
U0068,9408,6.4
U0068,408647,6.1
U0068,829400,7.9
U0068,375846,5.9
U0068,397567,6.4
U0068,591,6.5
U0068,376660,7.4
U0068,634492,5.6
U0068,707,6.4
U0068,1219620,7.9
U0068,40394,5.0
U0068,4442,6.4
U0068,1330421,7.8
U0068,11527,7.0
U0068,11011,5.3
U0068,1103621,9.1
U0068,137116,5.5
U0069,10839,7.0
U0069,7457,6.4
U0069,440249,6.4
U0069,14282,7.0
U0069,278154,5.3
U0069,81672,6.6
U0069,979,6.1
U0069,12491,7.9
U0069,1063877,6.1
U0069,6878,6.3
U0069,1057491,7.0
U0069,15067,6.4
U0069,264644,8.7
U0069,82654,6.4
U0069,1426486,5.8
U0069,795514,7.5
U0069,2690,7.8
U0069,42456,5.5
U0069,264656,6.7
U0069,43949,7.0
U0069,10386,7.4
U0069,80219,7.1
U0069,13186,7.6
U0069,378236,4.8
U0069,18197,9.4
U0069,864101,6.5
U0069,17653,8.1
U0069,8416,7.2
U0069,211954,8.9
U0069,20850,7.0
U0069,44603,6.5
U0069,1924,8.1
U0069,532671,4.5
U0069,8007,6.0
U0069,16052,9.4
U0069,14002,7.6
U0069,656563,8.3
U0069,440471,5.4
U0070,740903,5.9
U0070,231164,5.2
U0070,4477,5.8
U0070,2759,6.4
U0070,840326,6.7
U0070,1257009,5.6
U0070,1669,7.2
U0070,15567,6.5
U0070,590,7.3
U0070,47327,5.9
U0070,602,7.7
U0070,801688,6.6
U0070,41180,6.0
U0070,16871,6.1
U0070,17609,6.8
U0070,11049,8.8
U0070,870028,6.6
U0070,705996,6.9
U0070,575299,8.4
U0070,46623,6.8
U0070,137227,9.2
U0070,300673,7.4
U0070,15859,7.6
U0070,12207,6.5
U0070,43829,7.3
U0070,2057,6.5
U0070,10530,7.6
U0070,85446,6.4
U0070,340101,6.2
U0070,263132,5.3
U0070,36955,7.1
U0070,638449,9.1
U0070,11081,6.1
U0070,15657,6.2
U0070,568012,7.2
U0070,48624,4.5
U0070,72784,6.7
U0071,604,7.7
U0071,527261,4.7
U0071,9487,7.7
U0071,20421,6.3
U0071,1196067,4.7
U0071,14410,6.7
U0071,13980,7.3
U0071,756999,7.5
U0071,9028,6.9
U0071,406990,8.1
U0071,14002,9.1
U0071,75948,7.4
U0071,173185,5.6
U0071,1214484,8.7
U0071,19959,4.7
U0071,1278101,8.1
U0071,11228,6.5
U0071,531876,7.2
U0071,11159,7.6
U0071,1429605,5.9
U0072,6477,6.9
U0072,10974,7.1
U0072,393457,8.5
U0072,111934,4.2
U0072,168259,6.1
U0072,632322,8.9
U0072,71157,6.5
U0072,296099,6.3
U0072,21481,7.2
U0072,9994,5.8
U0072,297608,8.2
U0072,608195,7.2
U0072,116149,5.8
U0072,942,7.1
U0072,1425122,7.5
U0072,39538,8.0
U0072,16237,8.1
U0072,9331,6.3
U0072,763144,4.8
U0072,4233,6.5
U0072,35056,6.2
U0072,18129,5.9
U0072,306819,7.0
U0072,627725,7.2
U0072,13655,6.6
U0072,10402,5.7
U0072,4982,9.2
U0072,19026,7.9
U0072,16538,6.4
U0072,14128,6.0
U0072,12279,2.9
U0072,866,7.7
U0072,39101,6.4
U0072,2712,6.5
U0072,1576,6.0
U0072,13056,6.3
U0072,73861,5.2
U0072,106,6.9
U0072,9395,6.8
U0072,639,5.8
U0072,111969,8.3
U0072,118,7.5
U0072,598,8.7
U0072,138,6.0
U0072,5559,7.1
U0072,643215,5.9
U0072,736069,7.5
U0072,4348,8.0
U0072,1228246,6.4
U0072,11198,6.1
U0072,427,8.1
U0073,524,6.9
U0073,20850,6.4
U0073,2085,4.6
U0073,938,7.5
U0073,74465,6.8
U0073,36419,6.2
U0073,393345,5.4
U0073,274854,6.3
U0073,672035,6.3
U0073,937278,6.5
U0073,87101,5.4
U0073,21519,8.4
U0073,2976,6.8
U0073,11901,6.7
U0073,406997,7.8
U0073,1180634,8.9
U0073,1426297,6.4
U0073,597891,7.2
U0073,8966,6.0
U0073,1297446,7.4
U0073,1232827,8.5
U0073,163,6.6
U0073,360784,6.0
U0073,142061,8.4
U0073,6978,8.6
U0073,1648,5.9
U0073,49047,6.5
U0073,315011,5.6
U0073,37686,6.2
U0073,10837,6.6
U0073,412656,6.4
U0073,668800,7.4
U0074,16619,6.6
U0074,496450,7.3
U0074,37257,8.9
U0074,639721,5.8
U0074,82654,6.8
U0074,766,6.6
U0074,80,6.8
U0074,279,7.1
U0074,874,7.2
U0074,13027,5.7
U0074,3933,7.5
U0074,1217602,5.9
U0074,453,7.6
U0074,19610,6.9
U0074,441130,7.6
U0074,984105,4.6
U0074,11653,5.9
U0074,10314,6.5
U0074,235271,5.4
U0074,1059128,7.9
U0074,1190012,9.1
U0074,8247,6.7
U0074,11033,7.1
U0074,200085,9.2
U0074,625561,7.7
U0074,623491,5.4
U0074,9277,7.7
U0074,42296,5.8
U0074,634524,4.5
U0074,6003,7.3
U0074,12501,7.7
U0075,582,5.1
U0075,543836,7.1
U0075,135397,6.2
U0075,109451,6.0
U0075,284053,7.8
U0075,117263,7.2
U0075,2637,6.2
U0075,924482,5.9
U0075,333667,6.1
U0075,144288,9.7
U0075,756187,7.1
U0075,14223,7.2
U0075,1712,8.0
U0075,80794,5.7
U0075,4824,6.8
U0075,10198,5.6
U0075,11596,6.5
U0075,4836,7.5
U0075,4808,7.0
U0075,11806,4.9
U0075,497582,7.7
U0075,1119878,6.6
U0076,38602,7.3
U0076,1724,6.9
U0076,42661,5.5
U0076,1226863,6.6
U0076,10204,6.4
U0076,844,7.5
U0076,15573,6.4
U0076,1200320,5.7
U0076,11357,6.1
U0076,109,6.5
U0076,10073,3.8
U0076,1253000,5.8
U0076,4478,6.9
U0076,70027,6.2
U0077,33320,8.8
U0077,402529,6.6
U0077,928833,8.7
U0077,832,7.3
U0077,967941,7.8
U0077,265177,9.2
U0077,77985,4.1
U0077,274109,6.4
U0077,862739,6.1
U0077,459151,5.8
U0077,333669,5.8
U0077,634492,2.7
U0077,34854,4.0
U0077,724089,7.8
U0077,18501,5.1
U0077,821881,6.8
U0077,18639,6.4
U0077,15097,7.6
U0077,66125,7.9
U0077,142061,8.2
U0077,474395,6.2
U0077,406997,7.7
U0077,1913,9.0
U0077,21135,8.2
U0077,10198,8.1
U0077,1352624,5.5
U0077,1402,7.8
U0077,10358,6.6
U0077,9869,5.6
U0077,2067,5.2
U0077,216015,5.4
U0077,673593,5.8
U0077,794,7.3
U0077,4824,7.1
U0077,571,7.8
U0077,10019,6.6
U0077,86825,6.6
U0077,1546963,6.9
U0077,9488,5.6
U0077,42188,6.4
U0077,2330,6.9
U0077,756,6.2
U0077,1825,6.1
U0077,376290,6.6
U0077,406990,7.4
U0077,9486,6.8
U0077,170657,6.7
U0077,527660,7.0
U0077,1584,7.6
U0077,205,7.6
U0077,200085,6.3
U0077,16052,8.4
U0078,804095,7.6
U0078,2062,7.0
U0078,1018332,6.9
U0078,8665,6.4
U0078,808023,4.4
U0078,461130,8.5
U0078,11046,7.8
U0078,4922,8.2
U0078,15157,7.4
U0078,428493,8.6
U0078,800425,7.4
U0078,1000492,7.9
U0078,43960,6.7
U0078,533642,5.5
U0078,1233069,6.5
U0078,13098,7.0
U0078,527435,6.3
U0078,722778,6.8
U0078,961,8.5
U0078,14347,5.8
U0078,656563,8.1
U0078,38142,8.3
U0078,1234731,5.9
U0078,245473,7.5
U0078,624,6.4
U0079,10030,6.6
U0079,15080,8.6
U0079,1147416,6.9
U0079,858024,6.7
U0079,82744,8.0
U0079,9425,7.1
U0079,15267,7.1
U0079,322,9.3
U0079,15917,6.0
U0079,415,4.3
U0079,17979,6.8
U0079,429210,7.5
U0079,3133,8.5
U0079,309,7.0
U0079,667,7.2
U0079,131634,7.1
U0079,1287141,5.9
U0079,310131,7.8
U0079,4413,8.1
U0079,1097311,6.7
U0079,37853,5.7
U0079,37472,7.1
U0079,9880,7.5
U0079,432836,7.1
U0079,10567,6.0
U0079,508439,8.5
U0079,585,7.7
U0079,1061671,6.4
U0079,801335,5.9
U0079,79,7.2
U0079,109424,6.7
U0079,11610,8.7
U0079,9530,5.4
U0079,1005331,6.7
U0079,670,8.3
U0079,15067,6.8
U0079,173210,5.2
U0079,1026227,7.4
U0079,46528,6.9
U0079,1058694,8.3
U0080,11647,7.4
U0080,15259,6.6
U0080,10592,6.1
U0080,71859,6.8
U0080,79735,7.4
U0080,9364,5.9
U0080,134375,5.2
U0080,14786,7.1
U0080,9433,7.4
U0080,270487,6.0
U0080,377263,6.6
U0080,16161,6.4
U0080,7459,7.4
U0080,16250,6.4
U0080,1781,7.7
U0080,68818,6.6
U0080,37308,5.7
U0080,38142,7.7
U0080,47813,7.2
U0080,280,7.4
U0080,9319,7.2
U0080,10528,7.1
U0080,11969,7.9
U0080,13370,8.7
U0080,6844,8.4
U0080,1280672,7.1
U0080,5902,6.4
U0080,77338,8.2
U0080,739405,7.0
U0080,814,8.4
U0080,11976,5.5
U0080,49020,8.0
U0080,853088,7.3
U0080,493551,7.8
U0080,862,8.6
U0080,13199,8.2
U0080,9294,6.5
U0080,133121,7.8
U0080,1879,8.2
U0080,38251,7.9
U0080,328387,6.5
U0080,1017163,7.0
U0080,544401,6.9
U0080,796185,7.1
U0080,14655,5.1
U0080,47423,8.0
U0081,856289,8.1
U0081,7735,8.0
U0081,896633,7.7
U0081,264656,6.2
U0081,47931,6.8
U0081,508933,8.1
U0081,1281,6.1
U0081,507244,6.5
U0081,13282,4.5
U0081,10530,7.0
U0081,346648,8.1
U0081,666243,6.7
U0081,644,6.4
U0081,399360,7.5
U0081,13562,8.6
U0081,605886,6.7
U0081,606234,6.1
U0081,16608,6.7
U0081,41233,7.9
U0081,5680,6.9
U0081,507089,7.9
U0081,10982,7.0
U0081,77174,5.7
U0081,11428,6.8
U0081,985939,7.8
U0081,216015,5.5
U0081,346,10.0
U0081,3782,7.6
U0081,85,8.3
U0081,10897,6.7
U0081,3110,6.5
U0081,11249,4.1
U0081,106,7.0
U0081,36557,6.0
U0081,343611,4.9
U0081,296,5.0
U0081,560057,6.2
U0081,1325678,7.9
U0081,20271,8.8
U0081,759584,5.4
U0081,924,7.5
U0081,280092,6.2
U0081,10857,8.1
U0081,9476,6.8
U0081,361263,7.2
U0081,10648,6.8
U0081,986206,5.4
U0081,15999,7.8
U0081,116745,7.1
U0081,797309,7.0
U0081,14168,9.4
U0081,460458,6.4
U0081,637693,8.5
U0081,12289,7.0
U0081,1155281,6.3
U0081,141,7.9
U0081,832964,7.3
U0081,9660,7.2
U0082,8007,6.1
U0082,8619,7.7
U0082,1093,9.0
U0082,4174,9.0
U0082,44136,6.0
U0082,12493,7.8
U0082,479,6.8
U0082,427,8.7
U0082,370172,7.8
U0082,72710,6.4
U0082,410113,7.0
U0082,364111,8.0
U0082,308531,5.3
U0082,405775,6.0
U0082,70981,6.7
U0082,944,6.5
U0082,942,7.2
U0082,1426297,6.8
U0082,3309,7.4
U0082,17653,6.3
U0082,1016084,7.1
U0082,667216,5.6
U0082,1093995,5.7
U0082,37308,6.2
U0082,1212855,7.5
U0082,10867,7.9
U0082,50014,8.6
U0082,360814,7.8
U0082,5255,6.8
U0082,575452,8.4
U0082,273895,8.2
U0082,1164355,6.7
U0083,2289,6.3
U0083,45001,5.1
U0083,347201,6.1
U0083,12,7.9
U0083,3084,6.7
U0083,10875,6.0
U0083,677638,9.2
U0083,347626,6.9
U0083,699102,6.7
U0083,16320,7.2
U0083,339751,7.5
U0084,501929,8.2
U0084,10548,8.1
U0084,760336,6.7
U0084,264644,6.9
U0084,9952,5.8
U0084,8016,7.9
U0084,1572,6.9
U0084,10323,6.0
U0084,173,7.4
U0084,12763,7.8
U0084,412117,6.5
U0084,149870,8.3
U0084,81005,7.6
U0084,758724,6.4
U0084,4934,6.5
U0084,6623,5.2
U0084,2687,7.0
U0085,9408,4.7
U0085,336808,7.8
U0085,9767,7.0
U0085,308531,6.4
U0085,696393,7.3
U0085,7484,3.8
U0085,801937,6.1
U0085,4254,9.8
U0085,18129,6.6
U0085,9299,6.4
U0085,2623,6.6
U0085,16320,6.7
U0085,400608,8.5
U0085,9762,6.4
U0085,37412,7.7
U0085,15121,8.8
U0085,8656,6.1
U0085,309,6.8
U0085,981,8.4
U0085,70027,6.9
U0085,1572,7.6
U0085,16608,6.9
U0085,8741,7.0
U0086,12289,8.2
U0086,140300,7.4
U0086,221,6.6
U0086,179144,6.4
U0086,522,8.0
U0086,828613,6.3
U0086,42456,7.0
U0086,863873,8.5
U0086,37724,7.3
U0086,698508,7.2
U0086,1218925,8.8
U0086,216156,6.8
U0086,314365,7.5
U0086,733317,7.1
U0086,15789,6.5
U0086,644495,7.5
U0086,478798,4.7
U0086,22267,5.9
U0086,277217,7.7
U0086,35552,5.6
U0086,1219620,8.1
U0086,39207,7.4
U0086,1215162,5.9
U0086,15263,5.7
U0086,9335,6.5
U0086,1212855,6.3
U0086,10191,6.8
U0086,868759,4.3
U0086,15691,5.8
U0086,166426,7.5
U0086,14537,8.9
U0086,1397364,8.8
U0086,821881,7.8
U0086,704,6.9
U0086,11209,6.3
U0086,1029578,6.5
U0086,774531,9.2
U0086,467244,6.9
U0086,2493,7.1
U0086,37786,6.9
U0086,6957,7.2
U0086,797309,8.7
U0086,68812,9.5
U0086,12253,6.4
U0086,21242,6.2
U0087,446159,8.2
U0087,87428,6.1
U0087,47933,6.3
U0087,10322,8.3
U0087,10201,8.8
U0087,70,7.7
U0087,2756,6.3
U0087,10137,7.1
U0087,9072,5.0
U0087,50546,6.1
U0087,939,6.0
U0087,631843,6.4
U0087,576004,5.1
U0087,864168,6.9
U0087,8452,6.7
U0087,574151,7.7
U0087,348089,6.9
U0087,446791,6.3
U0087,1880,6.1
U0087,111479,6.2
U0087,11631,6.2
U0087,2135,6.2
U0087,38410,6.1
U0087,19404,8.8
U0087,267860,6.9
U0087,17653,8.3
U0087,6068,6.2
U0087,412518,6.8
U0087,760329,7.0
U0087,662707,7.3
U0087,283366,6.1
U0087,602063,8.1
U0087,776,8.0
U0087,370172,7.4
U0087,40348,4.1
U0087,962,10.0
U0087,246741,6.6
U0087,595,7.9
U0087,757725,6.4
U0087,430,6.8
U0087,1249213,6.2
U0087,427719,6.6
U0087,410718,8.0
U0087,329996,7.2
U0087,740996,7.1
U0087,4256,5.7
U0087,773736,8.5
U0087,814,7.1
U0087,568300,7.8
U0087,639,6.7
U0087,11249,5.7
U0088,10771,6.8
U0088,13320,7.4
U0088,49017,5.6
U0088,1087192,7.3
U0088,12144,6.9
U0088,8426,6.8
U0088,10849,7.3
U0088,1643,7.2
U0088,13382,7.4
U0088,899405,6.7
U0088,11916,5.0
U0088,37414,6.3
U0088,42252,5.7
U0088,375588,5.9
U0088,688,8.3
U0088,1159831,6.7
U0088,5994,7.0
U0088,76696,6.9
U0088,1294698,6.5
U0088,9738,6.2
U0088,299,7.3
U0088,19186,5.6
U0088,98567,8.0
U0088,34106,6.8
U0088,33638,6.4
U0088,43947,6.3
U0088,637920,7.4
U0088,10592,6.7
U0088,644495,7.8
U0088,2671,6.9
U0088,198184,7.3
U0088,1675,8.6
U0088,433502,7.3
U0088,1523145,6.1
U0088,41050,7.3
U0088,9563,6.7
U0088,1852,5.1
U0088,10061,5.8
U0088,109,7.0
U0088,1251,7.5
U0088,1186532,6.9
U0088,10607,7.1
U0088,557646,6.5
U0088,393624,6.9
U0088,820609,6.4
U0088,10775,7.1
U0088,541671,7.5
U0088,1087040,5.7
U0088,922,6.8
U0088,896633,7.4
U0088,1285965,7.3
U0088,2487,6.8
U0088,1293286,4.9
U0089,10890,6.5
U0089,546121,7.3
U0089,13523,7.8
U0089,87502,6.5
U0089,950,5.8
U0089,231164,6.5
U0089,11421,6.5
U0089,574451,7.4
U0089,11,8.4
U0089,740903,4.4
U0089,762430,8.3
U0089,2062,7.3
U0089,8488,5.7
U0089,15080,7.0
U0089,19908,7.9
U0089,1380415,7.0
U0089,395,5.9
U0089,1182047,7.0
U0089,8940,6.9
U0090,334543,8.3
U0090,400160,8.7
U0090,1352874,5.4
U0090,44136,6.9
U0090,4543,7.9
U0090,21422,6.4
U0090,177888,7.1
U0090,13497,6.6
U0090,11782,9.2
U0090,599,8.1
U0090,83533,7.8
U0090,1646,8.0
U0090,38251,6.5
U0090,166426,7.3
U0090,265177,8.8
U0090,6068,6.3
U0090,895,7.7
U0090,865,6.8
U0090,2770,4.9
U0090,531219,5.1
U0090,677179,7.0
U0090,41050,9.9
U0090,9397,7.1
U0091,231164,6.4
U0091,12501,7.4
U0091,17409,6.5
U0091,1134055,7.2
U0091,48138,8.2
U0091,5175,8.1
U0091,823452,8.1
U0091,365177,4.2
U0091,740996,8.6
U0091,14003,6.9
U0091,1985,6.4
U0091,86461,3.4
U0091,565,6.7
U0091,1162,6.7
U0091,20526,7.4
U0092,1443,6.3
U0092,396371,7.8
U0092,942,7.7
U0092,836009,7.1
U0092,11199,4.0
U0092,1090,5.8
U0092,864168,7.3
U0092,11712,7.1
U0092,82675,6.5
U0092,338544,7.6
U0092,856,6.8
U0092,666,9.2
U0092,8699,5.7
U0092,11481,7.3
U0092,10934,6.3
U0092,37292,6.5
U0092,398924,7.8
U0092,75948,6.0
U0092,7863,5.8
U0092,86837,8.6
U0092,10998,5.2
U0092,245913,6.5
U0092,175112,7.3
U0092,46757,7.2
U0092,8656,5.7
U0092,14675,7.6
U0092,306,5.6
U0092,13683,6.1
U0092,10358,6.1
U0092,381288,7.7
U0092,840326,7.0
U0092,18264,6.1
U0092,480414,5.9
U0092,1573,7.4
U0092,8840,5.3
U0092,986056,6.9
U0092,82,6.0
U0092,10982,5.5
U0092,436391,7.8
U0092,9326,8.8
U0092,930094,9.2
U0092,33546,7.5
U0092,597208,7.4
U0092,11697,8.5
U0092,1292695,8.2
U0092,428078,6.7
U0092,98567,7.9
U0092,443319,6.4
U0092,10649,6.8
U0092,1648,8.6
U0092,184004,5.5
U0092,961769,7.2
U0092,7500,8.0
U0092,215,7.3
U0093,1387382,6.3
U0093,2907,6.4
U0093,46033,6.8
U0093,866,8.6
U0093,4234,4.5
U0093,10193,7.9
U0093,11704,7.2
U0093,301337,6.0
U0093,81188,7.0
U0093,9619,7.3
U0093,3780,8.0
U0093,301365,6.5
U0093,364689,7.8
U0093,561325,7.5
U0094,794,7.6
U0094,229,7.2
U0094,337703,6.6
U0094,10195,6.5
U0094,9798,6.5
U0094,639720,7.2
U0094,9766,5.9
U0094,820067,6.6
U0094,739990,4.6
U0094,339331,3.9
U0094,70345,5.3
U0094,440249,3.5
U0094,1160360,6.9
U0094,922,7.9
U0094,312221,7.8
U0094,80274,6.5
U0094,1029575,8.0
U0094,1297842,8.0
U0094,795607,8.5
U0094,3009,6.6
U0094,2064,7.8
U0094,11104,8.0
U0094,132344,6.6
U0094,998846,7.4
U0094,1032823,5.8
U0094,1054867,7.7
U0094,11321,6.6
U0094,173185,6.0
U0094,12110,6.0
U0094,10982,7.1
U0094,15244,7.9
U0094,760774,7.6
U0094,8065,6.2
U0094,11778,8.0
U0094,1000492,7.7
U0094,46853,5.6
U0094,374720,7.7
U0094,72545,7.0
U0094,9767,6.9
U0094,2355,7.4
U0094,18239,5.3
U0094,8489,6.6
U0094,393559,7.9
U0094,559907,6.3
U0094,656663,6.3
U0094,3482,8.8
U0094,14580,8.1
U0095,9600,5.9
U0095,1494,6.4
U0095,4174,7.9
U0095,77016,7.1
U0095,1252309,6.2
U0095,214,5.2
U0095,4638,7.6
U0095,566228,5.4
U0095,136418,6.3
U0095,11078,5.7
U0095,1621,7.0
U0095,10982,6.7
U0095,167032,5.6
U0095,892153,5.6
U0095,21032,6.9
U0095,72190,5.6
U0095,1185528,7.0
U0095,11188,6.7
U0095,216919,5.2
U0095,604822,6.8
U0095,761898,7.0
U0095,451,6.8
U0095,67675,6.9
U0095,8913,7.6
U0095,7090,5.5
U0095,1280768,7.5
U0095,678,8.7
U0095,1777,7.5
U0095,1781,7.0
U0095,739990,6.0
U0095,804,7.2
U0095,246,7.7
U0095,15302,7.6
U0095,49517,6.7
U0095,765,7.7
U0096,283587,7.3
U0096,6075,7.7
U0096,84334,7.8
U0096,290,6.2
U0096,372962,5.3
U0096,508947,7.6
U0096,1487320,5.2
U0096,42337,6.7
U0096,51786,6.7
U0096,43329,6.0
U0096,624479,6.6
U0096,8871,6.7
U0096,41180,6.1
U0096,1425122,6.6
U0097,1280282,7.9
U0097,667216,6.8
U0097,72565,6.1
U0097,934433,6.8
U0097,1220564,8.2
U0097,11674,5.8
U0097,11576,7.5
U0097,1316092,6.4
U0097,10623,5.0
U0097,22215,6.7
U0097,1535,7.6
U0097,4413,5.3
U0097,369299,7.5
U0097,71883,7.8
U0097,269955,6.3
U0097,675,7.1
U0097,1040,7.7
U0097,37169,4.4
U0097,1057491,7.3
U0097,3111,8.6
U0097,13382,7.1
U0097,13483,6.7
U0097,72976,5.7
U0097,1266990,5.6
U0097,12104,8.6
U0097,118340,8.4
U0097,68817,6.2
U0097,134375,5.6
U0097,365222,6.3
U0097,12155,6.7
U0097,43549,6.8
U0097,11544,7.3
U0097,49521,6.4
U0097,13342,7.2
U0097,11528,5.6
U0097,8467,6.3
U0097,463252,8.9
U0097,801688,5.8
U0098,568,7.5
U0098,652,6.2
U0098,568332,8.4
U0098,15165,6.1
U0098,11622,7.2
U0098,80295,5.9
U0098,363676,7.4
U0098,32856,5.8
U0098,113344,3.5
U0098,66150,6.7
U0098,10649,5.9
U0098,501979,6.1
U0098,5548,6.5
U0098,10150,7.0
U0098,13949,8.3
U0098,9609,7.9
U0098,263115,8.2
U0098,11471,7.6
U0098,529203,8.4
U0098,428045,5.5
U0098,10719,6.3
U0098,43002,7.6
U0098,42801,8.7
U0098,44244,6.1
U0098,1215020,5.7
U0098,12244,6.7
U0098,14282,6.9
U0098,49009,6.4
U0098,10875,7.0
U0098,11694,6.6
U0098,521,8.7
U0098,11971,7.2
U0098,2666,8.0
U0098,11854,7.5
U0098,978,7.4
U0098,545609,7.8
U0098,44639,8.2
U0098,46757,6.7
U0098,407448,8.4
U0098,664416,7.1
U0098,9340,8.4
U0098,274862,7.7
U0098,270946,6.8
U0098,5924,9.6
U0099,32856,5.9
U0099,15014,7.3
U0099,11845,5.4
U0099,4258,5.0
U0099,6643,6.8
U0099,12133,7.2
U0099,1991,5.8
U0099,16290,6.0
U0099,1589891,8.0
U0099,68721,6.6
U0099,1159831,4.5
U0099,1027014,8.3
U0099,434203,7.3
U0099,205587,7.9
U0099,309809,7.2
U0099,1546963,6.8
U0099,16642,7.8
U0099,2925,6.3
U0099,6529,7.4
U0099,826914,6.5
U0100,8007,6.6
U0100,45523,8.4
U0100,21208,6.9
U0100,8832,7.0
U0100,570661,7.9
U0100,847,8.8
U0100,14433,6.6
U0100,8909,7.4
U0100,8329,6.6
U0100,531158,6.6
U0100,964980,7.8
U0100,310972,6.9
U0100,47933,5.2
U0100,10303,6.9
U0100,573699,7.9
U0100,8960,5.6
U0100,463158,7.5
U0100,1234731,4.6
U0100,391,8.7
U0100,762968,6.0
U0100,658,6.5
U0100,797309,5.3
U0100,1300116,7.6
U0100,10494,8.8
U0100,10515,8.8
U0100,4495,7.4
U0100,799375,7.3
U0100,524,7.4
U0100,730009,6.2
U0100,626872,7.6
U0100,53932,6.3
U0100,6476,5.8
U0100,14160,7.9
U0100,2277,6.9
U0101,11943,7.0
U0101,634492,4.4
U0101,4824,6.4
U0101,3133,6.9
U0101,50359,5.4
U0101,297222,7.5
U0101,800815,5.8
U0101,948,9.6
U0101,855,8.9
U0101,43319,5.3
U0101,49049,7.0
U0101,11615,7.9
U0101,573730,7.5
U0101,34813,6.3
U0101,9702,7.4
U0101,11506,7.8
U0101,10935,7.4
U0101,307,8.0
U0101,7500,6.3
U0101,940,6.6
U0101,2005,6.7
U0101,597,8.4
U0101,661331,7.3
U0101,864101,6.2
U0101,501979,5.1
U0101,11030,7.4
U0101,8681,7.1
U0101,994108,6.7
U0101,1398,8.0
U0101,852370,5.4
U0101,39144,5.8
U0101,87827,8.1
U0101,504949,7.2
U0101,2108,8.3
U0101,1028182,5.8
U0101,9637,5.5
U0101,39323,9.1
U0101,11074,5.4
U0101,10201,6.1
U0101,963,6.5
U0101,11663,6.5
U0101,9593,7.1
U0101,668742,6.2
U0101,70841,7.0
U0101,1023,8.1
U0101,68730,7.0
U0101,939210,6.0
U0101,1946,7.7
U0102,11675,6.4
U0102,10314,6.8
U0102,439584,6.9
U0102,462677,5.6
U0102,1771,7.2
U0102,1321179,7.7
U0102,38396,7.4
U0102,1000492,8.3
U0102,12093,6.4
U0102,2134,7.1
U0102,8388,6.2
U0102,8839,5.3
U0102,10331,7.3
U0102,15360,6.5
U0102,2976,6.5
U0102,338762,7.0
U0102,4614,6.6
U0102,7508,7.9
U0102,8960,4.1
U0102,579,6.4
U0102,14676,6.0
U0102,9285,6.3
U0102,1083862,7.6
U0102,5879,6.8
U0102,407440,6.8
U0102,278154,6.6
U0102,395834,7.4
U0102,348350,6.8
U0102,5236,6.0
U0102,11679,4.4
U0102,604079,6.8
U0102,567748,6.4
U0102,496,7.9
U0102,11205,7.1
U0102,638,7.0
U0102,38700,6.9
U0102,42337,6.9
U0102,1051896,6.2
U0102,600354,9.8
U0102,8643,6.4
U0102,172752,3.8
U0102,11368,6.6
U0102,9395,6.0
U0102,9836,6.2
U0102,38365,5.6
U0103,14750,7.1
U0103,6439,5.6
U0103,816,6.2
U0103,1266798,7.0
U0103,70006,5.7
U0103,175,8.9
U0103,16234,7.6
U0103,533642,6.2
U0103,403119,5.0
U0103,3034,8.0
U0103,936,7.4
U0103,777,7.7
U0103,1498,7.6
U0103,1378,6.5
U0103,22215,5.5
U0103,11617,7.7
U0103,77950,7.6
U0103,111,8.7
U0103,338969,4.8
U0103,1315986,6.2
U0103,426063,7.2
U0103,968,9.3
U0103,755812,8.0
U0103,10030,6.0
U0103,33638,5.9
U0103,11589,7.1
U0103,694,8.5
U0103,42801,7.2
U0103,739990,6.8
U0103,12155,8.0
U0103,39324,7.7
U0103,58,6.3
U0103,279641,5.7
U0103,670292,6.6
U0103,1184918,9.0
U0103,168259,7.1
U0103,1364,7.7
U0103,502033,7.3
U0103,696806,6.8
U0103,1249213,6.7
U0103,11344,8.3
U0103,336000,6.7
U0103,14836,7.5
U0103,4108,7.3
U0103,20641,6.4
U0103,16995,6.0
U0103,268092,7.9
U0103,16642,7.9
U0103,10423,7.6
U0103,22164,8.4
U0103,2669,7.3
U0103,74643,6.8
U0103,18197,6.7
U0103,19277,5.9
U0103,17903,6.7
U0103,10044,6.2
U0104,407436,6.4
U0104,17431,9.0
U0104,43042,7.1
U0104,634429,7.8
U0104,153104,5.7
U0104,6715,7.3
U0104,65,7.2
U0104,1018,7.1
U0104,370663,6.0
U0104,38396,7.7
U0104,32823,4.1
U0104,11253,7.1
U0104,382517,5.6
U0104,49527,6.4
U0104,70160,6.8
U0104,431937,8.2
U0104,817,6.3
U0104,830784,8.0
U0104,602,6.5
U0104,4256,6.2
U0104,565,8.2
U0104,395458,5.4
U0104,1049471,5.0
U0104,50479,6.4
U0104,180894,6.4
U0104,1477565,5.5
U0104,375366,6.8
U0104,579,5.7
U0104,9476,8.5
U0104,1158915,7.7
U0104,36670,6.7
U0104,146216,7.1
U0104,1057491,7.4
U0104,4257,6.7
U0104,11236,7.5
U0104,18487,5.6
U0104,2486,4.3
U0104,2655,6.4
U0104,1125,7.5
U0104,203217,7.7
U0104,698948,8.3
U0104,39202,7.5
U0104,15916,7.0
U0104,4816,8.0
U0104,149870,9.3
U0104,635,6.7
U0104,535544,6.2
U0104,887767,5.2
U0105,6644,5.4
U0105,10934,6.4
U0105,697843,7.5
U0105,16972,6.4
U0105,16270,7.0
U0105,739993,8.1
U0105,10403,7.3
U0105,1786,7.8
U0105,10947,6.4
U0105,71859,7.1
U0105,51608,7.8
U0105,158,7.0
U0105,1035048,3.9
U0105,437586,8.5
U0105,118379,5.5
U0105,1356039,7.1
U0105,6964,7.1
U0105,9387,6.8
U0105,10393,6.9
U0105,618,6.2
U0105,728118,6.8
U0105,13818,6.5
U0105,426618,7.3
U0105,3981,5.4
U0105,707610,7.3
U0105,16672,6.6
U0105,787,7.5
U0105,2124,5.9
U0105,2005,6.4
U0105,923632,7.2
U0105,39205,7.1
U0105,109428,6.6
U0105,172329,7.9
U0105,862551,6.2
U0105,46528,5.9
U0105,15919,8.1
U0105,37247,8.5
U0105,1445363,10.0
U0106,862557,7.9
U0106,583,7.3
U0106,9273,8.0
U0106,76338,5.5
U0106,49527,6.2
U0106,508883,6.5
U0106,16000,5.2
U0106,244517,5.6
U0106,111969,7.8
U0106,333484,7.3
U0106,40805,7.0
U0106,1064028,8.0
U0106,1426486,5.9
U0106,33602,8.8
U0106,10494,7.8
U0106,3512,6.3
U0106,478798,3.3
U0106,2280,5.6
U0106,10787,7.5
U0106,1416391,4.7
U0106,20126,8.7
U0106,114,5.4
U0106,313106,6.4
U0106,770254,7.0
U0106,6073,5.8
U0106,667,5.8
U0106,1022690,4.5
U0107,668482,6.3
U0107,1735,5.8
U0107,9535,6.2
U0107,4024,7.0
U0107,9619,5.2
U0107,244,7.6
U0107,283566,8.6
U0107,10764,6.9
U0107,90,7.9
U0107,9463,7.6
U0107,1156593,7.6
U0107,592983,7.4
U0107,578189,7.4
U0107,11463,5.8
U0107,34067,7.9
U0107,8367,6.4
U0107,10925,7.1
U0107,445030,8.5
U0107,35552,6.2
U0107,42661,7.3
U0107,6068,6.1
U0107,2611,6.0
U0107,334541,8.0
U0107,53932,6.9
U0107,18264,7.2
U0107,42252,6.9
U0107,152742,8.8
U0107,365177,4.9
U0107,2105,7.9
U0108,9086,5.7
U0108,480530,7.7
U0108,2454,7.0
U0108,11247,6.4
U0108,149870,6.1
U0108,435901,5.5
U0108,11509,6.0
U0108,492008,8.9
U0108,371738,7.5
U0108,613,8.1
U0108,11356,7.6
U0108,946,8.7
U0108,438799,7.1
U0108,246,7.1
U0108,610892,7.5
U0108,10138,6.9
U0108,21481,7.4
U0108,498249,7.4
U0108,11259,7.2
U0108,11841,9.0
U0108,13576,7.0
U0108,11202,7.5
U0108,710,6.0
U0108,969492,6.1
U0108,798021,5.8
U0108,10555,5.7
U0109,80794,4.1
U0109,2898,9.1
U0109,2669,6.8
U0109,77016,9.6
U0109,21575,8.7
U0109,1116,6.8
U0109,201676,6.8
U0109,77338,8.9
U0109,10314,6.3
U0109,187,6.6
U0109,86889,5.5
U0109,314095,6.0
U0109,16958,9.3
U0109,9802,7.0
U0109,83542,6.2
U0109,1185528,6.4
U0109,2280,6.0
U0109,46528,5.6
U0109,2140,8.5
U0109,9344,7.9
U0109,4995,6.8
U0109,13195,6.5
U0109,934,8.5
U0109,14873,7.4
U0109,7191,6.7
U0109,11450,7.3
U0109,66150,9.1
U0110,339877,7.9
U0110,365620,6.6
U0110,575264,7.7
U0110,17483,6.7
U0110,9967,5.9
U0110,1087891,7.1
U0110,12536,3.3
U0110,50789,7.3
U0110,1579,7.2
U0110,1487320,6.7
U0110,18881,6.7
U0110,14741,7.5
U0110,19100,7.1
U0110,333371,7.5
U0110,507089,8.7
U0110,670,7.8
U0110,18647,5.3
U0110,1119449,7.5
U0110,12180,5.0
U0110,968051,6.8
U0110,310972,5.4
U0110,72431,5.6
U0110,1094473,6.1
U0110,1220564,6.7
U0110,1251717,6.5
U0110,436120,7.2
U0110,787699,8.2
U0110,862739,6.0
U0110,37301,7.6
U0110,10019,7.7
U0110,1131759,5.5
U0110,2288,6.1
U0110,11918,6.6
U0110,12516,8.3
U0110,1492608,9.1
U0110,9532,6.9
U0110,204553,6.3
U0110,348892,8.9
U0110,531876,7.2
U0110,1181678,9.2
U0110,276844,5.9
U0110,1151334,6.1
U0110,11422,6.9
U0110,251,8.3
U0110,11806,6.5
U0110,116,8.6
U0110,4553,7.4
U0110,504172,5.4
U0110,9032,7.2
U0110,14911,5.3
U0110,11656,8.7
U0110,1267319,6.6
U0110,13053,7.1
U0110,18804,5.7
U0110,108450,5.5
U0110,16000,5.0
U0110,9479,7.5
U0110,535544,8.0
U0111,111934,5.4
U0111,397243,6.1
U0111,858017,6.1
U0111,173,7.3
U0111,1412,6.6
U0111,792293,7.0
U0111,169813,6.9
U0111,41264,5.7
U0111,11344,7.2
U0111,82703,6.6
U0111,346672,5.3
U0111,330483,6.9
U0111,1985,7.4
U0111,930564,5.1
U0111,793387,8.6
U0111,15383,8.7
U0111,643586,6.5
U0111,624860,5.7
U0111,12104,7.8
U0111,177888,8.4
U0111,10423,5.8
U0111,4442,6.0
U0111,1364,6.5
U0111,62,8.3
U0111,663558,8.6
U0111,7735,7.1
U0111,15999,8.7
U0111,568,7.3
U0111,37211,7.6
U0111,2056,7.0
U0111,796,7.5
U0111,249070,5.4
U0111,704,7.6
U0111,242828,7.8
U0111,571,7.1
U0111,1213,6.8
U0111,9257,5.7
U0111,6529,6.0
U0111,13417,6.1
U0111,573435,6.7
U0111,83965,5.3
U0111,833,8.0
U0111,20914,8.5
U0111,10060,5.9
U0111,438695,8.9
U0111,48831,7.0
U0111,39105,7.5
U0111,559907,7.4
U0111,346648,8.1
U0111,366170,8.2
U0111,3049,6.3
U0111,38286,8.1
U0111,660120,7.2
U0111,9486,5.9
U0111,141052,5.4
U0111,1480295,5.2
U0111,10537,7.0
U0111,1317672,5.1
U0112,725201,7.8
U0112,375794,7.0
U0112,179,6.5
U0112,10545,7.2
U0112,167581,8.9
U0112,361745,5.9
U0112,82690,7.4
U0112,1451398,5.7
U0112,4518,6.2
U0112,1314786,6.9
U0112,939243,7.3
U0112,10971,6.3
U0112,41050,7.8
U0112,170,7.1
U0112,18093,5.1
U0112,72573,5.5
U0112,14882,5.4
U0112,11712,7.8
U0112,1580,7.7
U0112,672322,6.5
U0112,300668,6.3
U0113,20391,4.9
U0113,18118,7.2
U0113,407375,6.2
U0113,478798,4.8
U0113,137,7.8
U0113,11901,7.3
U0113,211954,7.7
U0113,299687,5.8
U0113,531454,6.8
U0113,1127110,7.0
U0113,13342,5.9
U0113,800158,5.9
U0113,1551,7.0
U0113,14863,3.5
U0113,1357633,8.2
U0113,1181540,8.0
U0113,149871,7.5
U0113,413594,7.6
U0114,8740,7.8
U0114,379686,6.2
U0114,4347,6.3
U0114,563708,8.2
U0114,934456,6.8
U0114,426426,8.4
U0114,242,8.3
U0114,15157,9.4
U0114,10559,4.6
U0114,951491,7.1
U0114,10948,6.8
U0114,625,6.4
U0114,1226863,6.2
U0114,438493,6.7
U0114,360605,6.2
U0115,508003,8.6
U0115,9543,6.7
U0115,11971,7.5
U0115,13969,8.5
U0115,20766,8.7
U0115,853088,8.8
U0115,467905,8.1
U0115,12625,4.5
U0115,10661,6.9
U0115,49047,7.3
U0115,16910,6.5
U0115,1257009,6.3
U0115,524,6.8
U0115,492,8.4
U0115,77985,5.7
U0115,1185528,7.1
U0115,265195,8.4
U0115,14784,7.3
U0115,8275,5.8
U0115,112160,5.0
U0115,335977,6.4
U0115,505948,8.3
U0115,9072,4.7
U0115,2675,6.3
U0115,17591,5.4
U0115,11167,6.5
U0115,466272,6.8
U0115,10754,7.1
U0115,6466,5.7
U0115,2758,6.6
U0115,346401,6.1
U0115,205596,5.7
U0115,3766,7.0
U0115,72710,5.8
U0115,46838,8.1
U0115,644,7.2
U0115,20391,6.1
U0115,13470,6.0
U0115,9806,8.1
U0115,831946,6.9
U0115,400155,6.2
U0115,42384,5.9
U0115,268227,6.0
U0115,592863,6.4
U0115,1675,8.4
U0115,10204,4.5
U0115,12615,8.9
U0115,49730,7.5
U0115,10867,8.1
U0115,8814,4.1
U0115,395000,3.0
U0115,8831,5.1
U0115,11379,6.5
U0115,284536,5.7
U0115,561325,7.2
U0115,19901,7.2
U0115,397520,8.8
U0115,531876,7.3
U0116,11423,7.5
U0116,1430,7.8
U0116,214,8.5
U0116,1352624,4.5
U0116,1924,7.0
U0116,590223,8.8
U0116,76757,5.8
U0116,282758,9.7
U0116,648,7.2
U0116,13830,6.9
U0116,1865,6.5
U0116,5723,7.6
U0116,382399,6.0
U0116,10731,8.3
U0116,440471,5.7
U0116,758679,6.3
U0116,68724,6.9
U0116,6068,5.7
U0116,11206,6.6
U0116,938614,7.9
U0116,17277,7.7
U0116,262504,6.8
U0116,1022787,6.2
U0116,1948,5.5
U0116,11072,7.9
U0116,654,7.5
U0116,1462146,7.6
U0116,5708,8.0
U0116,369557,7.8
U0116,294963,5.8
U0116,1397832,7.2
U0116,12437,7.1
U0116,106646,7.8
U0116,591274,6.0
U0116,21717,8.1
U0116,11474,7.3
U0116,21734,6.5
U0116,10982,5.6
U0116,1354700,6.6
U0116,15070,6.1
U0116,38684,7.4
U0116,4564,6.5
U0116,11420,8.1
U0116,350,7.0
U0116,11787,7.5
U0116,1648,7.0
U0116,11635,6.5
U0116,72976,7.4
U0116,196,7.7
U0116,662638,6.2
U0116,2323,6.1
U0116,46738,7.3
U0116,531158,6.9
U0116,1127227,5.4
U0116,507244,5.9
U0116,38643,6.1
U0116,10971,8.9
U0116,6795,5.8
U0116,9023,8.5
U0117,71,7.6
U0117,21385,7.8
U0117,334517,6.6
U0117,792,8.3
U0117,13195,7.1
U0117,1597,6.9
U0117,654,7.3
U0117,1058699,7.4
U0117,765172,6.4
U0117,19173,5.4
U0117,8831,7.3
U0117,435901,6.3
U0117,575604,9.0
U0117,1379963,6.2
U0117,15794,6.3
U0117,38360,6.9
U0117,634429,6.4
U0117,144,7.6
U0117,9547,5.4
U0118,4547,6.2
U0118,67396,2.8
U0118,12535,7.1
U0118,339751,7.5
U0118,628900,4.9
U0118,49524,5.0
U0118,464052,6.2
U0118,10315,7.4
U0118,1161617,9.5
U0118,1167307,7.9
U0118,18126,7.0
U0118,271110,8.4
U0118,651,7.0
U0118,504,6.6
U0118,445030,7.4
U0118,1480295,6.3
U0118,51786,7.9
U0118,11658,8.8
U0118,1480387,5.9
U0119,296099,6.4
U0119,19277,8.3
U0119,14262,5.9
U0119,42884,5.9
U0119,346,8.5
U0119,2662,6.6
U0119,546121,7.6
U0119,72387,6.5
U0119,8741,7.0
U0119,4643,6.8
U0119,9426,7.2
U0119,364111,8.5
U0119,217,5.4
U0119,840,7.4
U0119,658,7.3
U0119,8078,6.2
U0119,10303,6.0
U0119,7516,6.9
U0119,42296,7.1
U0119,813,7.0
U0119,1893,7.4
U0119,16331,6.7
U0119,315846,7.5
U0119,76203,7.8
U0119,20941,8.2
U0119,10715,6.1
U0119,438478,6.7
U0119,579,6.8
U0119,507441,6.7
U0119,624479,7.2
U0119,9912,7.7
U0119,3513,6.1
U0119,8960,6.0
U0119,101557,7.0
U0119,1151272,6.7
U0119,1034541,6.7
U0119,177888,6.4
U0119,48035,8.3
U0119,4488,5.5
U0119,1158915,6.5
U0119,14537,8.5
U0119,11549,8.7
U0119,594767,5.9
U0119,9023,8.3
U0119,21481,8.5
U0119,274857,6.7
U0119,36643,6.4
U0119,176983,7.2
U0119,33273,8.6
U0119,279,9.2
U0119,22383,7.3
U0119,2759,5.3
U0119,1160956,6.8
U0119,407887,6.9
U0119,508570,8.1
U0119,11001,6.2
U0119,11322,6.3
U0119,13078,5.2
U0120,13403,7.9
U0120,7453,7.8
U0120,2609,7.2
U0120,9479,7.5
U0120,4478,4.6
U0120,1480295,6.0
U0120,1517772,6.7
U0120,4816,6.8
U0120,955,6.4
U0120,43367,5.1
U0120,84199,8.3
U0120,47931,7.7
U0120,3111,8.2
U0120,221,7.4
U0120,84362,5.1
U0120,15267,7.4
U0120,206647,7.5
U0120,11074,4.9
U0120,454,6.5
U0120,8374,7.6
U0120,32856,5.4
U0120,340666,7.6
U0120,243683,6.4
U0120,604685,6.7
U0120,11509,7.9
U0120,792307,7.9
U0120,2140,7.7
U0120,41264,5.6
U0120,698687,8.1
U0120,166424,5.4
U0120,538604,6.7
U0120,438674,6.5
U0120,512200,6.9
U0120,10882,7.4
U0120,308504,5.7
U0120,15859,8.1
U0120,152742,7.4
U0120,776,8.3
U0120,511987,6.7
U0120,8810,7.3
U0120,10138,6.3
U0120,9599,7.1
U0120,265177,8.6
U0121,49520,6.6
U0121,796185,6.8
U0121,257,7.4
U0121,583,7.3
U0121,539681,7.7
U0121,1362514,4.8
U0121,296098,7.0
U0121,14069,8.7
U0121,181812,6.8
U0121,338,7.9
U0121,68737,5.1
U0121,83965,7.7
U0121,11932,6.6
U0121,9631,6.2
U0121,11824,5.0
U0121,394269,8.6
U0121,1114513,6.2
U0121,338676,6.6
U0121,893694,5.2
U0121,79871,8.0
U0121,13949,7.8
U0121,768744,6.0
U0121,4478,5.9
U0121,302699,8.0
U0121,1284496,6.6
U0121,34544,6.2
U0121,17917,5.2
U0121,21208,6.1
U0121,8738,6.1
U0122,591273,6.8
U0122,68724,6.3
U0122,333371,8.2
U0122,899082,7.7
U0122,1330421,5.7
U0122,7305,7.6
U0122,27,5.6
U0122,5255,6.8
U0122,13098,7.2
U0122,19913,7.1
U0122,250700,9.1
U0122,150689,7.5
U0122,12761,8.0
U0122,403300,8.0
U0122,10044,7.9
U0122,8095,7.5
U0122,14,8.6
U0123,10312,6.6
U0123,610461,8.2
U0123,46705,7.4
U0123,853088,8.5
U0123,3111,7.7
U0123,47525,9.0
U0123,10195,7.2
U0123,9610,4.3
U0123,1315303,6.4
U0123,140823,6.8
U0123,9547,7.4
U0123,655,8.5
U0123,242224,5.9
U0123,283995,8.7
U0123,15137,7.9
U0123,68817,6.6
U0123,15873,6.8
U0123,48138,6.7
U0123,81005,7.1
U0123,576712,10.0
U0123,7515,6.3
U0123,9604,6.1
U0123,51533,8.4
U0123,11854,8.1
U0123,15472,7.8
U0124,310307,7.1
U0124,1291335,6.9
U0124,492188,8.0
U0124,396,7.1
U0124,335787,5.6
U0124,9870,6.6
U0124,17979,6.6
U0124,12919,7.2
U0124,656690,7.6
U0124,3536,6.6
U0124,9378,5.3
U0124,74879,7.5
U0124,245473,6.4
U0124,47931,8.2
U0124,364902,6.1
U0124,1462146,8.2
U0124,10009,6.7
U0124,10728,8.1
U0124,9312,5.2
U0124,592136,7.9
U0124,9387,7.4
U0124,38810,5.5
U0124,115626,5.9
U0124,1857,7.4
U0124,1893,7.0
U0124,446791,6.6
U0124,2291,7.0
U0124,239416,3.5
U0124,18,6.7
U0124,11778,7.2
U0124,337401,9.2
U0124,894205,7.3
U0124,338969,5.4
U0124,9056,6.5
U0124,250546,6.3
U0124,817,7.1
U0124,109424,8.0
U0124,302946,6.3
U0124,762504,6.7
U0124,37412,9.2
U0124,1151949,7.4
U0124,42801,7.1
U0124,11621,6.8
U0124,623491,6.6
U0124,1115009,6.8
U0124,1921,6.2
U0124,282041,6.1
U0125,3512,5.8
U0125,2062,8.1
U0125,158,9.0
U0125,11589,7.0
U0125,1075,7.6
U0125,438457,6.6
U0125,346364,6.2
U0125,602223,7.4
U0125,393624,7.3
U0125,1001835,8.5
U0125,9902,5.0
U0125,1000492,7.0
U0125,9559,7.6
U0125,42269,8.1
U0125,11349,7.1
U0125,972533,6.2
U0125,505600,7.7
U0125,668742,7.9
U0125,538331,7.8
U0125,7340,8.0
U0125,18239,6.5
U0125,897338,6.2
U0125,11713,8.4
U0125,797,9.6
U0125,640146,7.3
U0125,8738,7.8
U0125,575,7.7
U0125,6844,7.4
U0125,10975,7.1
U0125,1381216,7.1
U0125,9654,5.4
U0125,7012,6.9
U0125,1218925,7.1
U0125,634429,7.1
U0125,389,8.2
U0125,89,8.2
U0125,11636,8.2
U0125,1290432,5.7
U0125,999621,6.2
U0125,568300,9.6
U0125,2698,7.1
U0125,480530,6.9
U0125,1591516,6.7
U0125,1613798,5.8
U0125,6114,7.8
U0125,9285,7.4
U0125,246741,7.6
U0125,869,5.6
U0125,102899,6.5
U0125,440472,8.1
U0125,11782,8.1
U0125,934632,4.6
U0125,2260,5.2
U0125,622,6.3
U0125,638449,6.7
U0125,14534,7.3
U0126,12900,7.4
U0126,9836,6.0
U0126,25,6.0
U0126,475132,7.0
U0126,1725,8.3
U0126,6916,7.3
U0126,42700,7.6
U0126,2712,7.3
U0126,299536,8.1
U0126,1234811,4.7
U0126,79645,4.9
U0126,6715,7.7
U0126,51540,8.3
U0126,1160360,6.6
U0126,1272,6.5
U0126,619,6.5
U0126,1280,8.9
U0127,1546963,7.4
U0127,1100988,6.9
U0127,1214931,6.5
U0127,10757,6.6
U0127,1593,8.2
U0127,307081,5.7
U0127,109,6.7
U0127,834,7.0
U0127,740996,9.0
U0127,1287322,7.6
U0127,11827,7.0
U0127,39451,5.8
U0127,17057,8.3
U0127,14353,5.9
U0127,8879,8.6
U0127,144288,7.5
U0127,5801,8.8
U0127,595975,6.5
U0127,173210,6.2
U0127,396373,6.6
U0127,840705,7.4
U0127,44853,5.4
U0127,11130,6.0
U0127,395,5.7
U0127,4787,6.8
U0127,12162,6.7
U0127,19673,7.9
U0127,1422,9.3
U0127,447332,8.2
U0127,10839,7.2
U0127,774372,8.4
U0127,9362,8.5
U0127,349158,7.6
U0127,661539,7.3
U0127,1403,5.8
U0127,757388,6.1
U0127,13855,8.8
U0127,37301,6.3
U0127,202575,6.6
U0127,9378,6.8
U0127,634429,8.8
U0127,150540,8.1
U0127,1648,6.6
U0127,67659,6.4
U0127,3682,5.3
U0127,849,6.6
U0127,12919,6.2
U0127,3116,7.7
U0127,559,4.7
U0127,513427,6.5
U0128,13949,6.8
U0128,508439,7.8
U0128,70027,5.9
U0128,10056,5.4
U0128,366170,7.0
U0128,798286,7.8
U0128,11074,5.6
U0128,65851,5.2
U0128,508664,7.7
U0128,757388,8.2
U0128,1290432,6.1
U0128,795514,7.0
U0128,339877,7.5
U0128,204,8.3
U0128,43904,8.9
U0128,1584,6.8
U0128,474350,6.7
U0128,1245347,7.2
U0128,9504,6.8
U0128,12776,7.1
U0128,475132,4.0
U0128,939790,8.9
U0128,11216,8.3
U0128,834027,6.5
U0128,50531,8.1
U0128,803700,6.6
U0128,794,6.1
U0128,109431,7.0
U0128,799766,7.9
U0128,36095,6.6
U0128,1491,8.0
U0128,1519168,5.2
U0128,1375,6.3
U0128,136718,7.2
U0128,115626,5.9
U0128,393561,5.7
U0128,1924,8.0
U0128,401478,5.7
U0128,1581,6.6
U0128,399579,7.5
U0128,9823,4.2
U0128,4771,6.1
U0128,408,7.3
U0128,39205,5.0
U0128,843,7.3
U0128,11853,5.9
U0128,1353333,6.3
U0129,754,7.9
U0129,1327688,7.6
U0129,666,8.1
U0129,14299,7.0
U0129,244517,6.1
U0129,843,8.2
U0129,453,8.5
U0129,979,6.5
U0129,11249,5.7
U0129,698687,7.5
U0129,1062722,7.8
U0129,589982,5.7
U0129,1034541,7.3
U0129,11040,7.7
U0129,244458,6.9
U0129,536841,7.9
U0129,11898,7.1
U0129,1589891,7.9
U0129,630004,5.8
U0129,1252309,6.6
U0129,22215,7.4
U0129,1196470,6.4
U0129,12094,6.6
U0129,10153,5.1
U0129,887767,7.5
U0129,14811,9.3
U0129,1156593,6.2
U0129,1722,5.3
U0129,11282,6.9
U0129,49521,6.6
U0129,9737,6.8
U0129,20778,7.9
U0129,8388,5.9
U0129,533533,4.7
U0129,111,7.8
U0130,25,6.8
U0130,958263,4.7
U0130,38360,8.8
U0130,11657,6.0
U0130,37710,7.1
U0130,9587,7.1
U0130,777,7.3
U0130,799710,5.0
U0130,2292,7.0
U0130,440249,6.5
U0130,1430,8.3
U0130,184004,6.5
U0130,5879,7.1
U0131,15691,6.6
U0131,266647,6.2
U0131,803796,7.0
U0131,8422,8.1
U0131,330070,7.1
U0131,3777,6.1
U0131,12491,8.6
U0131,1492608,8.8
U0131,2502,8.1
U0131,993,7.4
U0131,42884,5.7
U0131,308032,6.3
U0131,1089,6.0
U0131,543580,7.5
U0131,475888,8.0
U0131,536841,7.3
U0131,9078,7.6
U0131,283559,8.5
U0131,15255,8.1
U0131,5511,7.8
U0131,9364,7.3
U0131,9486,5.5
U0131,2310,5.3
U0131,9603,6.5
U0132,6439,6.1
U0132,634649,7.7
U0132,11471,6.1
U0132,1252309,6.2
U0132,11620,6.0
U0132,15846,6.3
U0132,8834,4.0
U0132,9563,6.8
U0132,11212,6.4
U0132,10193,9.0
U0132,37257,7.0
U0132,9948,6.5
U0132,82,5.2
U0132,279,9.5
U0132,1091,8.0
U0132,11356,6.3
U0132,978,7.8
U0132,508642,7.6
U0132,979,6.4
U0132,438674,7.4
U0132,530915,8.7
U0132,372754,9.2
U0132,877,8.1
U0132,4977,6.8
U0132,10025,4.9
U0132,407448,7.9
U0132,12140,6.6
U0132,6068,5.3
U0132,505192,8.5
U0132,40662,8.1
U0132,300681,6.1
U0132,470044,7.5
U0132,2330,5.6
U0132,606234,6.0
U0132,343611,5.5
U0132,969492,7.6
U0132,11906,8.2
U0132,16664,6.2
U0132,4105,6.6
U0132,73861,4.9
U0132,36950,6.6
U0132,1315303,6.1
U0132,592350,7.1
U0132,80219,8.2
U0132,7340,6.6
U0132,949,7.5
U0132,9665,6.6
U0132,1620,5.6
U0132,929204,7.2
U0132,11524,8.1
U0133,37414,6.7
U0133,2320,6.2
U0133,986070,7.2
U0133,13223,8.3
U0133,15383,7.0
U0133,10358,7.1
U0133,9912,7.7
U0133,899294,6.3
U0133,13384,8.4
U0133,313106,8.3
U0133,5165,6.9
U0133,9454,6.3
U0133,10946,6.7
U0133,1081676,8.1
U0133,72545,6.1
U0133,513310,8.0
U0133,505026,8.8
U0133,661331,8.4
U0134,3513,6.0
U0134,950396,6.7
U0134,205587,6.6
U0134,858024,8.2
U0134,463319,6.7
U0134,1688,6.3
U0134,213,9.2
U0134,69315,6.6
U0134,21712,7.7
U0134,434853,5.1
U0134,39435,5.7
U0134,68734,6.3
U0134,439079,5.1
U0134,3133,7.1
U0134,1359607,6.8
U0134,4421,7.9
U0134,19898,6.9
U0134,378064,7.5
U0134,9101,6.6
U0134,611291,8.1
U0134,439,8.0
U0134,11430,6.3
U0134,1164355,8.5
U0134,20453,9.0
U0134,245913,6.4
U0134,13825,5.6
U0134,388,7.9
U0134,11893,8.3
U0134,10865,7.2
U0134,1554,6.6
U0134,532794,5.4
U0134,903,8.3
U0134,950387,6.0
U0135,50456,7.6
U0135,2019,5.3
U0135,9992,7.7
U0135,238615,6.5
U0135,10912,4.9
U0135,3782,9.1
U0135,3293,7.7
U0135,114955,6.8
U0135,1546963,7.8
U0135,672322,8.1
U0135,54186,6.4
U0135,14580,7.6
U0135,2786,7.2
U0135,677638,8.2
U0135,10947,5.7
U0135,467244,6.7
U0135,1155828,7.4
U0135,539681,7.2
U0135,687,8.5
U0135,399566,6.8
U0135,657,6.3
U0135,111190,5.4
U0135,396194,8.9
U0135,508763,6.2
U0135,9303,7.5
U0135,1197137,6.2
U0135,2288,6.9
U0135,14684,6.7
U0135,1020006,7.0
U0135,37292,7.8
U0135,532408,8.0
U0135,9545,7.6
U0135,294963,7.1
U0135,1883,7.1
U0135,4518,8.6
U0135,105,7.3
U0135,1278101,7.8
U0135,531428,9.6
U0135,308531,7.2
U0135,434203,5.6
U0135,695,6.9
U0135,6278,6.6
U0135,820609,5.7
U0135,371608,6.4
U0135,1087891,8.8
U0135,1487320,8.0
U0135,79871,7.0
U0135,476968,6.8
U0135,1252428,7.0
U0135,280180,6.6
U0135,200,5.8
U0135,591278,8.1
U0135,240832,5.8
U0135,183011,7.8
U0135,12160,6.4
U0136,762430,6.1
U0136,840326,7.7
U0136,537116,6.7
U0136,17903,8.8
U0136,37916,6.4
U0136,369299,7.9
U0136,926393,8.7
U0136,7294,7.0
U0136,167032,6.5
U0136,1251717,7.1
U0136,594767,5.5
U0136,73456,7.1
U0136,1155828,8.4
U0136,723072,6.1
U0136,4593,8.4
U0136,951491,7.7
U0136,14438,7.5
U0136,994108,8.2
U0136,565028,5.0
U0136,16866,4.8
U0136,41446,6.9
U0136,21521,7.0
U0136,829402,8.0
U0136,949,9.3
U0136,9829,7.3
U0136,16995,6.5
U0136,697843,6.2
U0136,1402,8.2
U0136,11186,7.1
U0136,432976,7.4
U0136,11167,7.5
U0136,700,6.9
U0136,788,8.0
U0136,591,5.5
U0136,439058,7.3
U0136,17015,7.0
U0136,48650,7.1
U0136,404733,6.6
U0136,400160,7.4
U0136,539681,7.1
U0136,14245,6.2
U0136,16996,6.3
U0137,11036,6.2
U0137,571,7.4
U0137,9607,5.4
U0137,1153714,6.0
U0137,11943,6.6
U0137,12160,7.2
U0137,234200,7.0
U0137,14324,6.6
U0137,499932,7.1
U0137,499701,7.2
U0137,1182047,7.2
U0137,265195,7.7
U0137,196,8.0
U0137,11365,5.5
U0137,1116201,7.6
U0137,6977,9.3
U0137,643,7.0
U0137,537996,7.5
U0137,672741,7.9
U0137,979,7.9
U0137,1429348,6.5
U0137,11001,7.1
U0137,1248226,5.5
U0137,896633,7.5
U0137,9340,7.5
U0137,470878,7.7
U0137,42703,6.8
U0137,574475,7.3
U0137,877,7.9
U0137,36955,8.9
U0137,9788,6.6
U0137,853,8.5
U0137,10830,7.9
U0137,2667,6.1
U0137,8885,8.7
U0137,11314,8.0
U0137,307,7.8
U0137,10778,7.4
U0137,15070,4.9
U0137,241239,6.3
U0137,2433,7.5
U0137,17914,5.3
U0137,38732,6.3
U0137,11031,8.0
U0137,111190,5.8
U0137,638974,7.3
U0137,302156,6.1
U0138,4944,7.5
U0138,937941,6.7
U0138,75258,5.7
U0138,11774,7.3
U0138,15512,7.5
U0138,642538,8.1
U0138,65759,5.9
U0138,608195,5.7
U0138,136835,7.7
U0138,39382,5.9
U0138,791177,6.5
U0138,1480382,9.0
U0138,205587,6.9
U0138,214,7.2
U0138,75656,7.0
U0138,3116,8.6
U0138,8835,5.7
U0138,15196,6.5
U0138,331583,5.7
U0138,628847,5.0
U0138,7512,6.3
U0138,823452,7.4
U0138,14245,5.4
U0138,2616,7.0
U0138,1519168,6.6
U0138,1517772,5.0
U0138,9654,6.7
U0138,42884,7.9
U0138,79735,6.7
U0139,395,5.9
U0139,705996,7.0
U0139,39538,5.4
U0139,375588,6.7
U0139,214,6.4
U0139,2013,7.7
U0139,14160,8.5
U0139,1382406,7.5
U0139,106,8.3
U0139,574475,7.4
U0139,1690,5.7
U0139,566525,6.6
U0139,6312,6.2
U0139,112160,6.0
U0139,9836,5.1
U0139,11205,8.7
U0139,337960,7.4
U0139,698687,7.7
U0139,2251,6.2
U0139,532639,6.2
U0139,774531,9.2
U0139,601796,6.2
U0139,400160,8.0
U0139,86889,6.8
U0139,216156,6.9
U0139,20334,9.1
U0139,9846,7.4
U0139,7214,7.4
U0139,10403,6.5
U0139,440472,7.3
U0139,369557,9.4
U0139,9594,3.9
U0139,376660,6.5
U0139,1597,6.8
U0139,10451,7.0
U0139,236399,7.1
U0139,37757,7.7
U0139,568332,8.7
U0139,244786,7.6
U0139,11806,6.4
U0139,43949,8.2
U0139,1688,8.2
U0139,1151334,6.0
U0139,446159,7.5
U0139,763025,6.3
U0139,1280672,5.3
U0139,51786,7.1
U0139,502416,6.9
U0139,1725,9.2
U0139,7345,8.3
U0139,167581,7.1
U0139,801335,7.5
U0139,1383247,4.5
U0139,11797,6.6
U0139,591278,6.1
U0139,1297454,6.9
U0140,11577,7.0
U0140,927342,7.7
U0140,664416,6.3
U0140,9323,7.3
U0140,508664,7.2
U0140,350,7.5
U0140,11212,5.3
U0140,12548,8.6
U0140,402693,7.0
U0140,74465,6.8
U0140,619,6.7
U0140,9016,7.6
U0140,11003,8.0
U0140,7735,7.4
U0140,14245,5.8
U0140,246741,7.3
U0140,232078,3.8
U0140,72213,8.1
U0140,1115009,6.6
U0140,1561758,4.9
U0140,72116,7.4
U0140,341006,5.9
U0140,39108,8.7
U0140,297090,5.0
U0140,39144,5.9
U0140,2056,9.0
U0140,1268,6.3
U0140,253,7.9
U0140,114150,5.8
U0140,440472,8.1
U0140,667257,8.4
U0140,13310,8.0
U0140,8356,6.7
U0140,1285965,8.3
U0140,1949,6.2
U0140,1263421,7.6
U0140,179144,8.1
U0140,780,8.5
U0140,11187,5.6
U0140,7443,5.5
U0140,899524,6.2
U0140,113,8.2
U0141,38410,6.3
U0141,2687,6.8
U0141,102651,6.9
U0141,298382,6.4
U0141,10802,6.3
U0141,114,7.2
U0141,8440,9.0
U0141,993708,3.3
U0141,476968,7.3
U0141,14696,7.9
U0141,9759,6.7
U0141,38684,7.9
U0141,1640,5.7
U0141,9530,6.7
U0141,10633,7.4
U0141,703771,6.6
U0141,24,8.5
U0141,16007,7.7
U0141,572154,8.6
U0141,11970,8.0
U0141,643,6.3
U0141,205321,2.6
U0141,10776,7.0
U0141,575264,6.7
U0141,274862,6.3
U0141,13683,7.1
U0141,656563,7.3
U0141,438799,5.9
U0141,173,7.5
U0141,838209,7.8
U0141,9495,8.7
U0141,862557,8.9
U0141,8832,8.4
U0141,12508,6.6
U0141,9764,8.2
U0141,1450527,8.0
U0141,9909,6.4
U0141,340837,5.9
U0141,431,7.0
U0141,75552,6.6
U0141,8273,5.0
U0141,53182,4.9
U0141,305470,5.4
U0141,80274,7.1
U0141,469019,7.2
U0141,12162,7.1
U0141,41857,7.3
U0141,8271,9.2
U0141,986097,5.6
U0141,12690,7.4
U0141,10999,6.6
U0141,35558,7.7
U0141,277216,7.7
U0141,314,4.3
U0141,13310,8.2
U0141,8043,5.8
U0141,565310,7.6
U0141,282035,6.2
U0141,1033148,7.6
U0142,79707,6.1
U0142,393457,6.5
U0142,19898,7.0
U0142,15165,6.9
U0142,7442,6.3
U0142,1561758,5.3
U0142,797,8.9
U0142,1440,7.5
U0142,50456,4.4
U0142,798645,6.5
U0142,1363123,6.3
U0142,10047,5.9
U0142,138832,7.2
U0142,499631,6.7
U0142,9846,6.4
U0142,338970,6.4
U0142,1116,5.9
U0142,399566,7.9
U0142,522,6.2
U0142,4234,6.9
U0142,696157,6.7
U0142,408,6.5
U0142,34106,6.7
U0142,402200,5.5
U0142,9714,6.1
U0142,7555,7.7
U0142,14411,7.5
U0142,175112,7.9
U0142,375794,6.8
U0142,3635,6.8
U0142,831405,7.9
U0142,137,8.1
U0142,10269,7.6
U0142,593691,8.0
U0142,120,7.9
U0142,14160,8.3
U0142,755566,7.0
U0142,702936,6.1
U0142,954,7.9
U0142,8619,7.0
U0142,16972,5.4
U0142,215,6.7
U0142,4203,7.5
U0142,238615,7.0
U0142,15969,5.1
U0142,9772,7.9
U0142,1538,7.2
U0142,672035,6.3
U0142,377263,7.9
U0142,740903,8.4
U0143,16250,6.5
U0143,840,9.6
U0143,335,7.4
U0143,592,8.5
U0143,9660,7.0
U0143,2655,6.6
U0143,466420,8.5
U0143,13056,5.8
U0143,1426776,6.8
U0143,32985,6.7
U0144,969492,7.5
U0144,46033,7.9
U0144,606,8.5
U0144,957119,6.9
U0144,34106,8.8
U0144,9558,5.2
U0144,7191,7.5
U0144,217,5.9
U0144,49950,5.3
U0144,1161617,6.0
U0144,832,8.9
U0144,263472,4.7
U0144,1966,6.2
U0144,21525,8.4
U0144,709,6.4
U0144,5708,6.4
U0144,953300,5.8
U0144,111934,3.9
U0144,42701,6.3
U0144,1696,8.1
U0144,140823,7.2
U0145,9820,6.2
U0145,607259,6.9
U0145,539885,6.9
U0145,940,6.5
U0145,15080,7.4
U0145,86834,7.2
U0145,10586,8.0
U0145,466081,6.2
U0145,399566,7.7
U0145,46738,8.9
U0145,313369,8.6
U0145,643586,6.3
U0145,265712,8.1
U0145,24,9.4
U0145,460465,8.2
U0145,533533,6.1
U0145,3604,6.7
U0145,1255788,4.1
U0145,9947,5.3
U0145,13151,8.0
U0145,14283,7.2
U0145,10837,7.5
U0145,615,7.3
U0145,7459,6.7
U0145,467905,6.5
U0145,246403,5.6
U0145,833425,7.8
U0145,15360,7.4
U0146,551,7.2
U0146,762968,5.8
U0146,1330421,4.5
U0146,6003,7.6
U0146,539,9.2
U0146,236751,7.1
U0146,14161,6.5
U0146,75780,8.0
U0146,10912,7.0
U0146,3682,5.8
U0146,27,4.5
U0146,473812,7.0
U0146,1083968,6.9
U0146,67396,4.4
U0147,701387,7.3
U0147,146216,6.2
U0147,361745,6.9
U0147,8275,4.8
U0147,6466,5.7
U0147,373571,6.2
U0147,466272,8.4
U0147,667,6.3
U0147,10586,8.1
U0147,5143,6.8
U0147,109445,7.3
U0147,36643,4.9
U0147,21484,7.8
U0147,593691,8.0
U0147,17914,4.7
U0147,21712,6.1
U0147,10934,7.0
U0147,263132,4.3
U0147,1266798,5.2
U0147,2690,7.1
U0147,41283,5.7
U0147,207932,5.2
U0147,565310,7.2
U0147,3170,8.1
U0147,303,7.7
U0147,4816,8.0
U0147,153158,6.9
U0147,40805,4.8
U0147,7345,7.2
U0147,10735,7.3
U0147,624932,7.8
U0147,9299,9.1
U0147,388,8.2
U0147,82702,8.6
U0147,395817,6.3
U0147,12763,8.3
U0147,1641319,4.9
U0147,9769,6.0
U0147,937249,6.4
U0147,40394,4.9
U0148,11069,6.0
U0148,1626,9.3
U0148,13994,4.8
U0148,1266,5.8
U0148,400106,4.5
U0148,730009,7.8
U0148,710356,5.5
U0148,11841,8.2
U0148,7453,7.5
U0148,9947,5.2
U0148,14275,6.8
U0148,697843,6.6
U0148,1061699,7.5
U0148,13188,4.9
U0148,673,8.2
U0148,11358,7.0
U0148,252,7.1
U0148,283566,7.5
U0148,11860,5.6
U0148,4959,6.8
U0148,838,7.4
U0148,9383,7.3
U0148,9880,7.2
U0148,9003,6.7
U0148,2163,7.5
U0148,698948,7.6
U0148,1073,8.0
U0148,571055,5.4
U0148,1580,8.3
U0148,600354,7.2
U0148,1020696,7.3
U0148,134374,7.7
U0148,849,6.8
U0148,1832,7.0
U0148,1648,6.5
U0148,11850,6.9
U0148,244267,6.6
U0148,51620,6.1
U0148,9598,7.0
U0148,200085,7.7
U0148,374720,6.2
U0148,1168190,7.5
U0148,13417,5.3
U0148,1413097,3.7
U0148,302429,7.0
U0148,16608,8.9
U0148,10202,7.2
U0148,18892,7.2
U0148,12429,7.7
U0148,13098,6.2
U0148,10024,8.7
U0148,575,7.6
U0148,9343,8.4
U0148,828613,7.4
U0148,2119,6.3
U0149,76758,6.6
U0149,40807,7.5
U0149,376867,7.9
U0149,1147710,7.9
U0149,467952,5.6
U0149,136795,6.4
U0149,969492,8.2
U0149,37821,4.7
U0149,603661,7.2
U0149,3110,6.8
U0149,301528,5.6
U0149,12244,8.0
U0149,83899,5.4
U0149,112205,5.5
U0149,11092,7.0
U0149,830784,7.0
U0149,13690,5.2
U0149,338803,6.8
U0150,86000,8.4
U0150,335,8.1
U0150,724495,10.0
U0150,696806,7.4
U0150,1051,7.5
U0150,11506,7.6
U0150,266856,8.9
U0150,570670,6.8
U0150,463272,7.4
U0150,76640,7.1
U0150,10771,6.4
U0150,18126,6.5
U0150,595,9.2
U0150,1100099,7.4
U0150,592695,5.5
U0150,218,6.5
U0150,884,5.4
U0150,87502,6.7
U0150,13595,6.5
U0150,86822,7.0
U0150,8689,5.9
U0150,39414,7.4
U0150,429210,8.5
U0150,2907,5.1
U0150,42252,5.2
U0150,36950,8.3
U0150,1722,5.7
U0150,531309,5.6
U0150,704,7.6
U0150,643882,6.2
U0150,11852,5.9
U0150,635302,8.0
U0150,11619,6.3
U0150,8342,7.4
U0150,42994,7.0
U0150,1418657,7.4
U0150,42314,7.8
U0150,311324,4.9
U0150,18264,6.7
U0150,10604,8.9
U0150,15392,8.7
U0150,18239,6.6
U0150,1891,9.6
U0150,508933,6.2
U0150,2604,6.7
U0150,661374,7.7
U0150,9336,7.5
U0150,41446,6.8
U0150,52212,3.4
U0150,10843,7.2
U0150,583,7.8
U0150,276624,7.9
U0150,79871,6.0
U0150,1156593,8.6
U0150,10193,7.8
U0151,44982,6.5
U0151,438695,7.1
U0151,496450,8.5
U0151,1388808,6.6
U0151,11362,8.4
U0151,460885,6.3
U0151,21734,6.8
U0151,393729,6.8
U0151,492565,5.8
U0151,10857,9.0
U0151,273895,7.8
U0151,713,8.3
U0151,98548,5.6
U0151,5236,6.8
U0151,1687,6.5
U0151,363992,7.0
U0151,9772,4.4
U0151,10379,6.6
U0151,8872,7.5
U0151,1031774,7.9
U0151,7972,6.3
U0151,363483,6.4
U0151,281338,7.4
U0151,119283,5.4
U0151,299,6.2
U0151,442065,7.5
U0151,76341,6.5
U0151,445651,7.2
U0151,999621,4.9
U0151,37317,6.2
U0151,576004,5.0
U0151,1289936,6.8
U0151,137106,6.2
U0151,337960,6.9
U0151,475557,6.2
U0151,9343,6.4
U0151,1263012,5.9
U0151,241,6.7
U0151,337339,8.0
U0151,610892,9.1
U0151,896151,5.8
U0151,44264,7.2
U0151,8467,6.6
U0151,588,7.6
U0151,13885,6.2
U0151,38251,6.7
U0151,634429,7.0
U0151,18487,5.3
U0151,82744,7.4
U0151,1422,7.6
U0151,20108,7.1
U0151,49444,8.7
U0152,13333,5.6
U0152,176,7.2
U0152,10719,6.9
U0152,79548,7.8
U0152,381284,9.0
U0152,348089,9.3
U0152,662638,5.3
U0152,2897,6.2
U0152,4133,7.3
U0152,402431,6.7
U0152,394269,8.1
U0152,15873,8.1
U0152,33997,7.7
U0152,11967,6.4
U0152,194,8.1
U0152,33871,5.8
U0152,71672,5.2
U0152,544,6.1
U0152,43418,8.2
U0152,1151334,5.7
U0152,9759,5.9
U0152,75612,7.1
U0152,11420,6.8
U0152,8914,6.1
U0152,5143,7.4
U0152,503919,8.7
U0153,14249,5.3
U0153,1162,8.8
U0153,760336,7.0
U0153,1265,7.5
U0153,17431,6.6
U0153,1147710,6.0
U0153,10974,9.2
U0153,43074,6.8
U0153,4133,7.4
U0153,806368,5.1
U0153,11036,8.5
U0153,3558,6.7
U0153,402431,5.8
U0153,348390,6.4
U0153,11577,6.3
U0153,7553,5.7
U0153,757725,6.1
U0153,1160164,8.3
U0153,86834,6.4
U0153,246655,6.2
U0153,39382,8.0
U0153,17111,7.7
U0153,634649,8.5
U0153,79,7.5
U0153,136718,7.3
U0153,38396,7.4
U0153,492188,7.4
U0153,1941,6.4
U0153,170687,7.7
U0153,17681,7.3
U0153,900,6.6
U0153,707,7.2
U0153,828,6.9
U0153,7485,7.8
U0153,141679,7.6
U0153,10192,5.7
U0153,12201,6.6
U0153,17581,5.8
U0153,761898,7.8
U0153,12651,7.5
U0153,2112,7.4
U0153,49524,6.0
U0153,10228,6.3
U0154,14410,6.5
U0154,9477,4.9
U0154,4148,7.4
U0154,105864,7.4
U0154,3591,6.8
U0154,15739,6.0
U0154,921636,5.2
U0154,13022,5.1
U0154,16331,5.8
U0154,799882,8.5
U0154,1370,6.4
U0154,1001835,6.7
U0154,6279,7.0
U0154,49950,5.0
U0154,810,5.5
U0154,2064,6.8
U0154,9882,7.2
U0154,180863,7.1
U0154,134411,6.2
U0154,338,7.0
U0154,10068,5.7
U0154,54518,6.9
U0154,46169,7.5
U0154,48035,6.8
U0154,115290,7.3
U0154,4291,7.7
U0154,50698,7.9
U0154,109445,7.1
U0154,533642,6.4
U0154,4233,6.6
U0154,10835,6.9
U0154,9833,8.5
U0154,458897,6.2
U0154,11780,7.2
U0154,9629,5.1
U0154,886396,8.2
U0154,624479,7.1
U0154,35739,2.3
U0154,610461,7.3
U0154,601796,6.7
U0154,565276,6.6
U0155,962232,9.5
U0155,7978,4.7
U0155,501,6.7
U0155,1217602,6.3
U0155,10142,7.4
U0155,241554,7.8
U0155,10585,6.5
U0155,300668,7.3
U0155,4108,5.8
U0155,12429,6.8
U0155,1791,7.8
U0155,400136,5.5
U0155,400157,6.0
U0155,999621,6.5
U0155,467660,7.2
U0155,975,8.0
U0155,336804,7.3
U0155,381289,7.7
U0155,12589,5.2
U0155,33408,7.1
U0155,40662,8.6
U0155,423,7.6
U0155,4011,8.2
U0155,15157,7.5
U0155,393624,6.8
U0155,198277,6.8
U0155,19349,9.9
U0156,9766,8.1
U0156,74465,6.7
U0156,348089,7.9
U0156,20677,7.6
U0156,11031,8.0
U0156,755898,4.2
U0156,860159,7.4
U0156,87827,6.6
U0156,1362315,7.3
U0156,726684,8.8
U0156,15137,6.8
U0156,15370,7.5
U0156,604822,6.9
U0156,13455,6.1
U0156,14863,3.7
U0156,637693,6.9
U0156,1198994,4.8
U0156,668482,6.9
U0156,1056444,6.5
U0156,72331,6.5
U0156,479626,9.6
U0156,41498,6.4
U0156,8355,7.2
U0156,101,8.5
U0156,597,8.6
U0156,531454,6.2
U0156,802,7.6
U0156,1887,6.6
U0156,37257,9.5
U0156,21191,7.8
U0156,894169,6.1
U0156,269955,7.7
U0156,675,7.9
U0156,1422166,7.9
U0156,262543,5.8
U0156,16563,8.1
U0156,50839,8.0
U0156,795514,8.2
U0156,17015,5.0
U0157,736069,7.3
U0157,5916,7.4
U0157,364220,5.9
U0157,11509,7.9
U0157,11324,8.7
U0157,547,6.1
U0157,19458,5.7
U0157,87502,7.1
U0157,2135,7.0
U0157,10867,8.6
U0157,1265344,6.8
U0157,412117,6.0
U0157,8055,7.6
U0157,395458,5.4
U0157,332567,7.2
U0157,606117,6.2
U0157,12242,5.6
U0157,7453,5.8
U0157,40348,3.1
U0157,22201,7.4
U0157,13207,5.8
U0157,937278,6.6
U0157,409,7.2
U0157,1381027,8.5
U0157,303991,8.0
U0157,1495,5.7
U0157,15999,7.6
U0157,4437,8.0
U0157,76163,6.9
U0157,402431,6.6
U0157,1028196,7.3
U0157,9607,4.3
U0158,1198984,5.4
U0158,9678,5.4
U0158,725201,6.9
U0158,12242,5.5
U0158,119819,5.9
U0158,812,7.3
U0158,21500,5.2
U0158,103,7.4
U0158,531428,8.2
U0158,300668,6.0
U0158,624479,6.2
U0158,1020696,6.7
U0158,10186,4.9
U0158,11509,7.1
U0158,39105,6.1
U0158,1022789,7.4
U0158,349158,7.3
U0158,547,5.7
U0158,9659,5.6
U0158,74465,7.3
U0158,531219,6.0
U0158,899112,8.1
U0158,32823,5.6
U0158,82703,7.0
U0158,11656,7.3
U0158,426618,8.7
U0158,395991,6.9
U0158,1147710,7.4
U0158,331781,7.6
U0158,10096,5.8
U0158,727340,7.5
U0158,7516,5.1
U0158,13597,8.3
U0158,10207,5.3
U0158,12106,5.6
U0158,153,6.4
U0158,2085,5.1
U0158,1199193,5.5
U0158,15384,7.9
U0158,11780,6.4
U0159,994108,7.2
U0159,439058,7.1
U0159,55156,6.6
U0159,14306,5.6
U0159,306,7.0
U0159,51876,7.8
U0159,10527,6.4
U0159,414906,7.8
U0159,10681,8.7
U0159,214,6.2
U0159,931102,6.6
U0159,44012,7.5
U0159,36593,7.5
U0159,6615,8.2
U0159,12761,9.5
U0159,575813,7.1
U0159,378236,5.3
U0159,2605,7.2
U0159,36950,7.2
U0159,347626,6.8
U0159,804370,9.1
U0159,184345,4.8
U0159,499701,5.7
U0159,393729,8.0
U0159,1059128,5.5
U0159,401981,6.9
U0159,530079,6.9
U0159,2501,8.0
U0159,13510,5.3
U0159,6522,7.2
U0159,1362,6.6
U0159,672035,6.5
U0159,337401,7.4
U0159,9654,7.3
U0159,5070,6.0
U0159,84362,3.9
U0159,9472,6.9
U0159,3777,8.7
U0159,507441,6.6
U0159,9637,6.1
U0159,50723,6.7
U0159,7191,6.6
U0159,592279,7.8
U0159,1266127,6.2
U0159,11033,7.1
U0159,38365,5.7
U0159,11368,7.7
U0159,545611,7.3
U0159,269,6.6
U0159,526702,7.6
U0160,5689,7.1
U0160,1285965,6.3
U0160,502416,6.9
U0160,334074,6.0
U0160,72190,7.8
U0160,760873,4.7
U0160,1200320,4.5
U0160,538362,8.6
U0160,1426306,7.5
U0160,1325678,8.0
U0160,964980,6.6
U0160,36724,7.0
U0160,76696,8.3
U0160,10674,7.7
U0161,1407,7.0
U0161,73353,6.3
U0161,37094,8.9
U0161,643882,5.9
U0161,831815,6.1
U0161,540158,7.1
U0161,9629,5.9
U0161,4643,7.1
U0161,4192,8.1
U0161,579245,8.8
U0161,7220,6.6
U0161,13523,8.5
U0161,11452,5.6
U0161,102382,6.0
U0161,7862,6.9
U0161,570661,6.8
U0161,8342,6.8
U0161,400155,5.9
U0161,869250,7.8
U0161,283445,6.0
U0161,396371,6.9
U0161,2769,7.1
U0161,45132,6.0
U0161,5123,6.3
U0161,665,7.0
U0161,1634,7.3
U0161,35739,5.4
U0161,14684,5.6
U0161,282631,7.1
U0162,575,8.3
U0162,8009,8.1
U0162,11596,5.7
U0162,592136,7.3
U0162,35552,7.4
U0162,9387,6.1
U0162,11001,6.1
U0162,587,7.1
U0162,643586,5.9
U0162,7131,5.6
U0162,2019,7.2
U0162,7552,5.5
U0162,733317,6.0
U0162,50619,5.5
U0162,9589,8.3
U0162,3309,7.7
U0162,1428,6.1
U0162,11860,5.9
U0162,3981,6.3
U0162,5876,6.6
U0162,13350,8.2
U0162,12162,6.9
U0162,345920,7.8
U0162,12113,5.0
U0162,395000,4.4
U0162,2517,7.4
U0162,4148,7.3
U0162,39254,6.6
U0162,531428,8.0
U0162,361743,7.6
U0162,1396965,7.9
U0162,430447,7.0
U0163,21733,8.6
U0163,1368,6.8
U0163,82744,7.3
U0163,14299,6.6
U0163,1847,7.3
U0163,9598,6.6
U0163,340101,6.3
U0163,4587,5.5
U0163,4961,6.6
U0163,434203,5.9
U0163,440249,6.1
U0163,1084199,7.1
U0163,592863,7.8
U0163,11016,8.4
U0163,3512,5.3
U0163,767,9.9
U0163,249070,6.6
U0163,140300,6.8
U0163,337960,7.1
U0163,1908,8.0
U0163,11187,6.6
U0163,38985,8.3
U0163,81401,7.4
U0163,8584,5.5
U0163,840430,6.3
U0163,67395,6.9
U0163,605886,6.2
U0163,1381216,5.7
U0163,79,6.8
U0163,12763,6.1
U0163,6312,6.6
U0163,37710,7.5
U0163,101557,7.3
U0163,101267,6.6
U0163,955916,6.8
U0164,11619,6.6
U0164,201085,7.5
U0164,6950,5.1
U0164,37135,7.6
U0164,9772,5.7
U0164,13809,7.6
U0164,532067,7.8
U0164,13403,7.5
U0164,10451,8.9
U0164,15512,6.0
U0164,307081,7.4
U0164,10747,6.3
U0164,4495,7.5
U0164,245913,6.8
U0164,1316092,6.0
U0164,1480387,7.1
U0164,1969,5.8
U0164,11216,7.3
U0164,396806,6.6
U0164,18283,7.5
U0164,6620,8.2
U0165,51482,8.1
U0165,37903,7.1
U0165,992,8.1
U0165,1100782,6.7
U0165,34016,5.5
U0165,9922,6.2
U0165,68718,8.3
U0165,578,8.9
U0165,1363123,6.0
U0165,1511789,5.3
U0165,55,6.7
U0165,610461,8.1
U0165,1528660,5.2
U0165,336843,6.7
U0165,1367,7.5
U0165,11806,4.9
U0165,38810,7.4
U0165,381283,7.3
U0165,1127227,5.4
U0165,378,7.6
U0165,1103621,6.9
U0165,836009,6.4
U0165,561,6.6
U0165,1519168,6.3
U0165,338762,5.5
U0165,593691,8.4
U0165,8839,5.7
U0166,249,6.1
U0166,10784,8.0
U0166,7857,9.5
U0166,544510,7.8
U0166,4247,7.0
U0166,502033,7.5
U0166,140607,6.4
U0166,45523,8.6
U0166,8487,5.2
U0166,791373,7.9
U0166,75,7.3
U0166,399035,5.9
U0166,372962,5.3
U0166,79735,7.4
U0166,107748,6.5
U0166,11400,7.3
U0166,109451,5.5
U0166,375785,6.7
U0166,10140,7.6
U0166,150689,5.3
U0166,14675,6.8
U0166,46838,7.5
U0166,17422,6.7
U0166,14684,6.5
U0166,575222,7.1
U0166,1992,7.6
U0166,11617,5.9
U0166,9792,6.5
U0166,602734,6.3
U0166,9062,6.4
U0166,73861,5.6
U0166,2135,7.2
U0166,777,8.4
U0166,10413,6.5
U0166,86889,6.8
U0166,1294698,6.5
U0166,12888,6.2
U0166,866463,4.9
U0166,35019,5.5
U0166,8741,6.7
U0166,1228246,6.2
U0166,5902,6.8
U0166,14249,7.9
U0166,87818,3.2
U0166,11247,7.5
U0166,610892,9.2
U0166,14,7.5
U0166,821881,5.9
U0166,7085,6.5
U0166,80321,6.5
U0166,19912,4.9
U0166,250219,7.0
U0166,10340,6.0
U0167,10781,6.5
U0167,41394,7.4
U0167,86837,7.3
U0167,1626,7.8
U0167,399566,8.9
U0167,14574,9.1
U0167,8337,6.1
U0167,11459,6.9
U0167,5722,7.0
U0167,48831,6.3
U0167,699102,6.7
U0167,631,7.7
U0167,14926,7.3
U0167,1294203,6.5
U0167,46169,7.2
U0167,10549,6.4
U0167,12,6.7
U0167,116711,7.1
U0167,8467,7.8
U0167,278154,6.3
U0167,16270,6.9
U0167,1985,8.0
U0167,530442,4.8
U0167,4011,7.7
U0167,557,7.5
U0167,201085,7.3
U0167,109431,4.9
U0167,10402,5.9
U0167,1694,8.2
U0167,1383247,3.7
U0167,12615,7.6
U0167,9473,7.0
U0167,10393,6.9
U0167,1001835,4.8
U0167,375846,6.3
U0167,107985,6.7
U0167,395991,7.1
U0167,722778,8.0
U0167,109417,6.6
U0167,1493859,6.9
U0167,642885,7.1
U0168,21057,5.3
U0168,508883,7.9
U0168,12545,6.7
U0168,755566,6.8
U0168,17609,6.2
U0168,1600,7.8
U0168,72213,7.5
U0168,5968,6.0
U0168,18978,6.3
U0168,1050035,9.5
U0168,37247,7.1
U0168,20544,7.8
U0168,47553,7.0
U0168,1546963,7.8
U0168,662707,6.4
U0168,1280768,6.9
U0168,11033,6.5
U0168,269955,7.6
U0168,10393,7.2
U0168,7345,8.2
U0168,1924,8.3
U0168,19994,6.6
U0169,177572,9.1
U0169,2059,8.3
U0169,50723,7.2
U0169,6415,7.2
U0169,773,7.5
U0169,414425,6.3
U0169,762968,6.7
U0169,957452,6.1
U0169,475557,8.5
U0169,766,8.2
U0169,2153,8.5
U0169,3084,7.1
U0169,5528,7.8
U0169,107,8.2
U0169,640146,6.2
U0169,381284,8.1
U0169,1087891,7.3
U0170,8195,7.1
U0170,8831,4.6
U0170,9276,7.3
U0170,77016,6.5
U0170,597,7.8
U0170,533,7.7
U0170,46705,6.1
U0170,14249,6.9
U0170,9472,7.5
U0170,13370,7.4
U0170,535809,7.1
U0170,18978,6.9
U0170,203801,7.8
U0170,1195631,6.8
U0170,508442,8.8
U0170,1103621,7.7
U0170,922,7.6
U0170,7345,7.7
U0170,774825,8.6
U0170,338803,5.7
U0170,77174,7.6
U0170,508933,7.2
U0170,204,8.5
U0170,10618,6.8
U0170,10907,7.7
U0170,9349,5.1
U0170,21734,6.6
U0170,799710,4.0
U0170,893723,6.8
U0170,839033,5.5
U0170,11853,6.0
U0170,1158996,8.0
U0170,818,6.6
U0170,1522923,7.8
U0170,16007,5.1
U0170,530442,3.0
U0170,44912,5.9
U0170,27,5.0
U0170,3090,7.9
U0170,4546,6.6
U0170,10413,6.4
U0170,150540,8.1
U0170,793,9.0
U0170,1297763,7.0
U0170,12100,7.3
U0170,823452,7.0
U0171,505026,6.3
U0171,1289936,8.3
U0171,1591516,6.5
U0171,705,7.6
U0171,33701,5.6
U0171,11259,6.4
U0171,426,7.8
U0171,35558,6.3
U0171,241239,6.8
U0171,6073,6.5
U0171,32856,6.8
U0171,46064,6.9
U0172,1198994,7.3
U0172,4858,6.7
U0172,8078,5.9
U0172,115,7.0
U0172,19912,6.6
U0172,1168190,5.7
U0172,16174,4.5
U0172,9335,7.3
U0172,22267,6.8
U0172,11814,5.8
U0173,508003,8.0
U0173,4614,6.9
U0173,10857,8.7
U0173,1022453,5.1
U0173,10948,7.6
U0173,1576,6.0
U0173,539,8.5
U0173,1290182,7.4
U0173,13754,7.9
U0173,10015,7.9
U0173,11482,6.4
U0173,524,7.0
U0173,70841,7.5
U0173,77617,7.0
U0173,1027014,6.9
U0173,494466,5.8
U0173,340945,6.3
U0173,374473,8.0
U0173,934632,6.6
U0173,509,6.6
U0173,10604,7.9
U0174,3133,7.3
U0174,643215,6.0
U0174,1245347,8.6
U0174,661374,7.5
U0174,574060,6.5
U0174,46529,4.6
U0174,47327,5.2
U0174,1319969,7.7
U0174,9730,6.6
U0174,341013,6.0
U0174,532794,5.2
U0174,2609,8.2
U0174,2204,4.5
U0174,1290879,6.9
U0174,1360,7.1
U0174,37327,6.4
U0174,82690,8.4
U0174,8429,8.2
U0174,1118031,5.2
U0174,8584,7.5
U0174,930564,7.6
U0174,709631,5.6
U0174,283559,6.6
U0174,609242,7.8
U0174,180314,7.5
U0174,11423,9.0
U0174,3597,7.7
U0174,9081,8.1
U0174,10754,7.0
U0174,629,8.7
U0174,835767,6.9
U0174,39203,7.8
U0174,11583,7.4
U0174,1678,8.0
U0174,758330,6.9
U0174,1156593,5.4
U0174,13310,6.9
U0174,137182,7.7
U0174,9816,6.9
U0174,167581,7.7
U0174,631143,7.6
U0174,407655,6.5
U0174,768520,6.2
U0174,37292,4.8
U0174,15067,6.0
U0174,1155828,8.1
U0174,403300,6.4
U0174,698,6.3
U0174,542178,5.4
U0174,901,9.0
U0174,2056,8.1
U0174,410113,7.4
U0175,71672,6.8
U0175,10633,8.3
U0175,1193501,5.1
U0175,12163,7.4
U0175,102651,6.7
U0175,101299,7.5
U0175,15244,9.8
U0175,622855,6.6
U0175,859,6.1
U0175,9618,7.6
U0175,21935,6.1
U0175,263471,7.2
U0175,39254,6.5
U0175,9366,8.0
U0175,2655,7.1
U0175,20526,5.9
U0175,376660,7.0
U0175,16866,4.2
U0175,525041,6.4
U0175,8274,6.1
U0175,632727,4.4
U0175,371738,7.3
U0175,14161,5.7
U0175,730840,8.9
U0175,6529,7.0
U0175,49020,7.4
U0175,314095,6.5
U0175,4922,8.1
U0175,42987,7.9
U0175,44833,4.6
U0175,37797,8.9
U0175,15302,7.1
U0175,105825,4.6
U0175,167032,6.0
U0175,90,7.1
U0175,820,7.7
U0175,895744,5.9
U0175,1083637,7.6
U0175,438457,6.8
U0175,11797,8.8
U0175,18491,7.8
U0176,608195,6.8
U0176,1073,8.5
U0176,963,7.6
U0176,14711,8.0
U0176,37094,8.8
U0176,626332,5.2
U0176,12096,5.6
U0176,296096,8.2
U0176,15370,8.0
U0176,4133,7.3
U0176,568160,8.6
U0176,538225,6.4
U0176,921785,7.2
U0176,986097,5.5
U0176,1028182,6.9
U0176,1331375,7.1
U0176,2758,6.8
U0176,773543,6.3
U0177,10741,5.8
U0177,9738,4.6
U0177,858,5.4
U0177,20766,5.6
U0177,303991,6.8
U0177,10757,7.4
U0177,9907,6.0
U0177,11424,7.0
U0177,939790,7.7
U0177,3083,6.5
U0177,410113,7.2
U0177,500682,8.6
U0177,1029578,7.1
U0177,2898,6.3
U0177,634524,6.2
U0177,334074,6.6
U0177,2362,8.5
U0177,439,9.2
U0177,14684,5.5
U0177,544401,7.4
U0177,527,6.4
U0177,986206,6.4
U0177,1936,6.5
U0177,9397,6.2
U0177,303857,4.3
U0177,501929,8.3
U0177,2756,8.6
U0177,42314,6.7
U0177,610461,9.1
U0177,956842,7.8
U0177,2009,7.7
U0177,736073,7.8
U0177,19426,6.5
U0177,16320,7.1
U0177,90,7.3
U0177,9360,4.9
U0177,14002,8.0
U0177,44012,7.9
U0177,11860,5.9
U0177,960292,6.6
U0177,6038,6.7
U0178,140823,6.8
U0178,760774,8.9
U0178,569094,8.6
U0178,9972,6.6
U0178,565,6.7
U0178,1128650,8.6
U0178,7451,7.1
U0178,979,7.6
U0178,18240,7.3
U0178,44921,6.2
U0178,17057,7.0
U0178,1026436,6.6
U0178,530079,7.8
U0178,12584,8.6
U0178,462183,4.1
U0178,438493,7.2
U0179,203801,6.0
U0179,1398,8.2
U0179,79406,7.2
U0179,8873,5.4
U0179,10007,5.1
U0179,17903,6.4
U0179,2322,6.6
U0179,854,7.4
U0179,10784,6.9
U0179,8356,8.2
U0179,4547,6.1
U0179,573435,7.8
U0179,540158,7.9
U0179,527641,7.9
U0179,110420,8.4
U0180,4539,8.5
U0180,18639,6.1
U0180,838,6.8
U0180,1004663,6.4
U0180,2539,6.6
U0180,9473,7.7
U0180,129,8.5
U0180,42661,5.4
U0180,9323,8.2
U0180,11774,5.8
U0180,12498,7.7
U0180,5916,8.3
U0180,961484,6.7
U0180,4922,6.3
U0180,705996,7.3
U0180,39557,6.3
U0180,15767,6.9
U0180,22244,6.8
U0180,218,8.3
U0180,18804,6.0
U0180,87101,6.9
U0180,9600,5.2
U0180,467660,7.0
U0180,463158,5.5
U0180,82703,5.9
U0180,531219,5.3
U0180,131634,7.3
U0181,1430,8.6
U0181,76617,6.5
U0181,10586,8.0
U0181,66150,6.5
U0181,44012,5.7
U0181,12776,7.8
U0181,7972,5.9
U0181,805,7.2
U0181,476669,6.8
U0181,10890,6.8
U0181,440161,6.6
U0181,1295400,7.2
U0181,18287,5.8
U0181,14786,6.1
U0181,2712,8.1
U0181,546121,7.1
U0181,14869,5.6
U0182,2621,4.5
U0182,5279,7.4
U0182,14655,5.9
U0182,1087192,7.5
U0182,128,8.6
U0182,246403,4.4
U0182,201085,7.0
U0182,20941,9.5
U0182,310972,6.4
U0182,610461,7.2
U0182,9093,7.3
U0182,1541,8.3
U0182,16,8.2
U0182,4912,7.0
U0182,10379,4.8
U0182,575813,9.1
U0182,575264,7.3
U0182,1291659,8.2
U0182,346685,7.7
U0182,874300,7.8
U0182,5854,5.7
U0182,46528,7.3
U0182,592834,6.9
U0182,16391,6.1
U0182,11835,7.3
U0182,939356,7.1
U0182,606,7.5
U0182,8358,6.5
U0182,372754,7.1
U0182,490,8.7
U0182,42619,5.6
U0182,3035,7.3
U0182,310307,6.0
U0182,1265,7.0
U0182,9090,7.7
U0183,1029235,6.1
U0183,763215,8.7
U0183,9620,5.1
U0183,473812,7.4
U0183,508935,6.2
U0183,379170,7.7
U0183,1378,6.2
U0183,887,6.8
U0183,2067,5.2
U0183,3432,6.7
U0183,375588,5.0
U0183,438799,7.5
U0183,11212,6.7
U0183,14638,5.8
U0183,297222,7.8
U0183,955,5.3
U0183,18283,5.7
U0183,13576,7.9
U0183,11975,6.5
U0183,503314,8.2
U0183,431693,7.6
U0183,11621,7.1
U0183,15657,5.9
U0183,2924,7.4
U0183,11906,7.5
U0183,6958,7.8
U0183,659,6.4
U0183,13320,5.9
U0183,68721,5.9
U0183,1069905,7.1
U0183,20850,7.0
U0183,508642,8.2
U0183,4911,5.7
U0183,1777,6.1
U0183,18978,6.6
U0183,20532,9.6
U0183,575264,8.7
U0183,1097311,5.7
U0183,393559,6.7
U0183,1357633,8.0
U0184,1082195,7.1
U0184,20352,7.1
U0184,11451,5.0
U0184,925,9.3
U0184,836225,7.2
U0184,401478,6.2
U0184,297270,7.5
U0184,440918,5.3
U0184,493099,7.9
U0184,12160,7.8
U0184,6466,4.6
U0184,11296,8.2
U0184,209361,6.0
U0184,6415,7.3
U0184,136795,4.6
U0184,83533,6.7
U0184,16907,8.4
U0184,3558,8.6
U0185,146216,6.3
U0185,48138,7.3
U0185,76341,6.2
U0185,10200,5.3
U0185,45317,7.3
U0185,11932,6.5
U0185,1087891,6.3
U0185,47909,6.5
U0185,9896,5.8
U0185,495925,7.1
U0185,532794,5.6
U0185,113082,8.0
U0185,826,7.9
U0185,16318,6.2
U0185,17015,6.4
U0185,1582770,9.6
U0185,4593,7.1
U0185,47553,7.2
U0185,109,5.5
U0185,47933,6.0
U0186,597,6.8
U0186,637649,7.1
U0186,559907,4.9
U0186,11194,7.4
U0186,502897,6.9
U0186,282848,9.1
U0186,2698,6.4
U0186,820,6.4
U0186,11943,7.6
U0186,43418,6.2
U0186,474350,7.0
U0186,9487,8.8
U0186,14750,6.3
U0186,7446,6.6
U0186,21348,7.4
U0186,44691,5.9
U0186,11963,5.5
U0186,897192,6.5
U0186,11968,5.3
U0186,9552,8.6
U0186,9339,5.9
U0186,440249,6.3
U0187,10327,5.8
U0187,597316,7.0
U0187,1119449,8.0
U0187,7972,6.4
U0187,87502,7.7
U0187,1280768,7.0
U0187,814,8.4
U0187,492188,8.0
U0187,507256,7.7
U0187,11072,7.3
U0187,347629,6.3
U0187,85446,6.6
U0187,900,8.2
U0187,931102,7.3
U0187,583,7.0
U0187,16000,5.3
U0187,1576,6.9
U0187,381890,6.3
U0187,33997,8.6
U0187,67395,6.0
U0187,97,7.1
U0187,232672,7.6
U0187,20271,7.9
U0188,14756,6.9
U0188,921785,7.6
U0188,14132,7.5
U0188,100,9.2
U0188,801688,7.7
U0188,507076,5.9
U0188,2108,7.0
U0188,643,9.1
U0188,172226,5.2
U0188,3090,7.7
U0188,3083,7.5
U0188,43319,5.9
U0188,565310,6.6
U0188,34016,7.2
U0188,813,8.7
U0188,9714,4.0
U0188,936061,6.0
U0188,46623,5.9
U0188,13655,5.5
U0188,3085,7.1
U0188,22383,6.7
U0188,389,8.5
U0188,215,5.5
U0188,12516,8.4
U0188,11081,7.7
U0188,12150,5.3
U0188,363,7.9
U0188,1429348,7.5
U0188,364111,8.4
U0188,270303,6.4
U0188,360606,7.1
U0188,46195,7.2
U0188,4960,8.1
U0189,1100099,8.6
U0189,1058647,7.7
U0189,33602,9.0
U0189,10193,7.3
U0189,9346,7.8
U0189,698948,6.4
U0189,1535,6.8
U0189,12548,5.6
U0189,42456,6.5
U0189,9870,7.4
U0189,75612,5.8
U0189,2897,6.1
U0189,507532,6.4
U0189,9759,7.7
U0189,214,7.0
U0190,12242,7.5
U0190,310307,7.7
U0190,610892,7.2
U0190,19,7.7
U0190,603,7.8
U0190,900667,8.0
U0190,955555,7.9
U0190,895,8.9
U0190,14223,4.8
U0190,43549,7.3
U0190,407440,5.5
U0190,49964,9.2
U0190,677638,7.9
U0190,371645,7.7
U0190,9399,7.1
U0190,10065,5.2
U0190,828613,6.6
U0190,1375,5.7
U0190,10911,8.5
U0190,5175,7.9
U0190,1263256,6.7
U0190,1319895,7.6
U0190,10184,6.2
U0190,379686,6.1
U0190,9480,4.6
U0190,4257,5.5
U0190,1450599,5.5
U0190,602063,8.0
U0190,507244,5.9
U0190,1255350,7.3
U0190,9065,7.9
U0190,531219,6.9
U0190,635910,6.1
U0190,79,7.5
U0190,758323,8.0
U0190,508664,7.4
U0190,391,8.4
U0190,16538,7.6
U0190,9645,7.8
U0190,510,7.2
U0190,109424,7.8
U0190,834,9.1
U0190,434203,6.2
U0190,467938,5.2
U0190,39939,6.8
U0190,1640,8.3
U0190,8988,7.9
U0190,36669,6.3
U0190,84334,6.5
U0190,257,6.6
U0190,72559,5.6
U0190,146216,6.8
U0190,10673,7.2
U0190,800,8.8
U0190,394117,8.1
U0190,2048,6.7
U0190,1597,7.2
U0190,1425122,7.7
U0191,185,9.1
U0191,2119,7.6
U0191,44639,9.5
U0191,284053,7.5
U0191,722149,6.4
U0191,11636,8.9
U0191,697843,7.8
U0191,10068,6.6
U0191,10045,6.1
U0191,1017163,7.2
U0191,10010,7.8
U0191,13455,7.6
U0191,44741,7.7
U0191,1452,4.6
U0191,10056,5.0
U0191,1297763,6.8
U0191,11972,8.0
U0191,393850,4.8
U0191,984105,7.4
U0191,316152,7.2
U0191,3482,7.1
U0191,345940,4.9
U0191,1487320,7.0
U0191,180894,7.8
U0191,866,7.2
U0191,16007,6.9
U0191,770254,8.1
U0191,840326,7.0
U0191,377273,8.1
U0191,526,5.8
U0191,620,7.1
U0191,575813,9.2
U0191,1396,8.9
U0191,10150,7.3
U0191,297,6.7
U0191,991494,7.6
U0191,227,5.7
U0191,1589891,6.7
U0191,198375,6.7
U0191,11420,7.2
U0191,9352,7.1
U0191,1233506,4.6
U0191,177572,7.2
U0191,168259,6.7
U0191,10178,7.3
U0191,9433,8.2
U0191,4478,6.9
U0191,231164,5.7
U0192,16052,5.6
U0192,462181,6.8
U0192,9549,7.4
U0192,393559,8.0
U0192,42701,5.1
U0192,109439,4.9
U0192,365177,6.9
U0192,42987,8.8
U0192,1028541,7.3
U0192,11683,5.9
U0192,20312,5.8
U0192,803104,6.9
U0192,10144,7.7
U0192,1299655,7.4
U0192,203833,7.9
U0192,7978,5.1
U0192,12491,7.2
U0192,10340,7.4
U0192,9610,6.5
U0192,339,8.8
U0192,12277,5.1
U0192,109,7.4
U0192,559,6.0
U0192,393729,7.3
U0192,41446,6.3
U0192,758336,5.5
U0192,2251,7.9
U0192,1965,6.7
U0192,13223,6.9
U0192,10877,5.5
U0192,237791,7.5
U0192,858024,7.3
U0192,7944,6.8
U0192,6038,4.6
U0192,603661,8.3
U0192,895,8.3
U0192,10860,6.3
U0192,298312,5.9
U0192,1297446,7.8
U0192,265195,6.0
U0192,21710,6.1
U0192,9946,3.9
U0192,110354,6.5
U0192,713,6.3
U0192,663712,6.0
U0192,10404,8.0
U0192,696806,9.2
U0192,308504,6.7
U0192,75,7.3
U0192,17899,5.1
U0192,339751,6.4
U0192,13333,5.8
U0192,12837,7.5
U0192,242828,8.3
U0192,20343,6.2
U0192,37327,5.6
U0192,1364,8.3
U0193,12651,6.1
U0193,6958,7.2
U0193,662707,5.9
U0193,140,7.1
U0193,8007,7.3
U0193,47327,5.2
U0193,1985,7.3
U0193,137116,7.7
U0193,15384,8.3
U0193,1288072,4.5
U0193,74406,7.8
U0193,113833,8.6
U0193,72331,5.1
U0193,660982,7.5
U0193,950,7.6
U0193,553,7.9
U0193,12536,4.0
U0193,279641,8.4
U0193,707610,5.3
U0193,10200,5.9
U0193,44136,7.1
U0193,68718,7.6
U0193,1005331,7.0
U0193,1084577,6.4
U0193,105,7.7
U0193,1892,7.3
U0193,20677,8.3
U0193,10047,6.3
U0193,10159,6.9
U0193,562,7.7
U0193,328425,6.4
U0193,345,7.1
U0193,812,9.0
U0193,442249,5.3
U0193,1212855,6.5
U0193,9655,6.5
U0193,250700,6.2
U0193,629542,7.5
U0193,526051,6.9
U0193,265712,8.0
U0193,696506,6.6
U0193,1734,7.2
U0193,997120,7.4
U0193,272,7.4
U0193,11344,8.0
U0193,469019,7.3
U0193,867,4.8
U0193,44244,6.8
U0193,3036,7.1
U0193,12444,7.2
U0193,939790,8.5
U0193,33408,6.3
U0193,773,7.0
U0193,1902,7.3
U0193,14161,5.3
U0193,37301,6.7
U0193,869250,6.8
U0194,51540,7.1
U0194,2062,8.6
U0194,335578,8.4
U0194,12444,6.5
U0194,609,6.4
U0194,1064028,5.8
U0194,479626,8.1
U0194,11336,8.0
U0194,14836,6.1
U0194,11282,6.3
U0195,857800,6.9
U0195,54138,7.7
U0195,348892,8.2
U0195,11450,8.0
U0195,15869,5.3
U0195,10423,7.3
U0195,253,5.9
U0195,15080,6.9
U0195,651,7.3
U0195,33997,6.9
U0195,4806,7.1
U0195,9766,6.7
U0195,9506,6.1
U0195,14462,6.6
U0195,1278,6.0
U0195,205775,6.0
U0195,334616,8.6
U0195,13963,8.5
U0195,270487,7.1
U0195,551,7.2
U0195,37724,7.3
U0195,411,6.0
U0195,101299,7.7
U0195,240,8.8
U0195,961,8.1
U0195,47327,5.9
U0195,8845,5.2
U0195,18671,7.8
U0195,1669,7.1
U0195,1003580,6.8
U0195,11356,7.9
U0195,614,9.3
U0195,597922,9.0
U0195,20352,7.6
U0195,1610413,7.4
U0195,10734,7.6
U0195,571,8.1
U0195,1379963,5.5
U0195,664767,7.3
U0195,10057,4.9
U0195,39514,6.2
U0195,4912,7.4
U0195,866398,6.1
U0195,10830,6.1
U0195,7552,5.8
U0196,9335,5.7
U0196,74465,7.4
U0196,921636,6.6
U0196,11397,5.9
U0196,574475,6.4
U0196,1185528,7.6
U0196,8328,7.9
U0196,244,7.6
U0196,13637,5.7
U0196,72784,8.2
U0196,11453,7.5
U0196,836225,8.0
U0196,13403,9.2
U0196,710356,6.3
U0196,9480,4.6
U0196,43837,6.0
U0196,336843,6.8
U0196,934,8.3
U0196,44264,7.6
U0196,339,7.0
U0196,1633,7.5
U0196,10877,7.2
U0196,331781,8.3
U0196,8689,6.7
U0196,380,7.9
U0196,334541,7.6
U0196,1159206,4.6
U0196,9325,7.7
U0196,300673,7.0
U0196,7350,8.2
U0196,1923,7.1
U0196,894169,5.4
U0196,439,9.4
U0196,11631,6.6
U0196,805,7.3
U0196,430447,6.6
U0196,873,8.1
U0196,11583,5.6
U0196,1073,7.9
U0196,37165,6.7
U0196,38321,5.6
U0196,51739,7.9
U0196,754,7.3
U0196,7551,8.1
U0196,282848,8.6
U0196,1051,7.8
U0196,276624,6.7
U0196,405746,4.7
U0196,637,8.7
U0196,144,6.9
U0196,11663,6.7
U0196,10303,5.5
U0196,12837,7.2
U0196,12481,7.9
U0196,9425,6.2
U0196,1259,7.8
U0196,34851,6.9
U0196,659959,8.0
U0197,51786,7.1
U0197,18925,7.0
U0197,214756,5.6
U0197,10015,7.5
U0197,1181678,8.1
U0197,866,6.3
U0197,14359,8.0
U0197,271110,6.2
U0197,216919,5.3
U0197,19576,8.0
U0197,21733,6.7
U0197,381719,7.2
U0197,12277,5.9
U0197,1300116,5.8
U0197,284052,5.9
U0197,513427,6.1
U0197,1941,6.8
U0197,103731,8.3
U0197,79735,6.9
U0197,103663,7.5
U0197,396194,7.6
U0197,10202,6.6
U0197,434355,6.5
U0197,896151,4.4
U0197,250546,6.9
U0197,11782,7.5
U0197,180,7.8
U0197,999621,6.8
U0197,544510,7.2
U0197,37034,8.1
U0197,840705,7.5
U0197,1200320,4.4
U0197,527,7.2
U0197,5991,9.1
U0197,13398,8.6
U0197,543753,6.2
U0197,36568,7.2
U0197,338958,8.0
U0197,11902,8.2
U0197,574060,6.8
U0197,9461,6.9
U0197,508933,6.7
U0197,10839,7.2
U0197,74997,4.3
U0197,50646,7.2
U0197,575299,5.6
U0197,44741,8.5
U0198,933260,7.7
U0198,827,7.3
U0198,1924,6.6
U0198,1147710,7.6
U0198,869250,8.3
U0198,8422,8.2
U0198,138832,5.9
U0198,9846,7.5
U0198,9477,7.3
U0198,300669,7.1
U0198,36568,6.2
U0199,378,8.1
U0199,16619,6.8
U0199,3031,7.4
U0199,10849,7.3
U0199,638,7.0
U0199,1904,7.3
U0199,475,7.1
U0199,635910,7.6
U0199,1073,6.6
U0199,20123,9.4
U0199,6844,7.9
U0199,378108,7.9
U0199,262500,6.9
U0199,133919,7.3
U0199,177677,7.7
U0199,39144,7.3
U0199,270303,5.9
U0199,968,8.7
U0199,32985,4.4
U0199,9336,8.1
U0199,1127227,6.0
U0199,36670,6.0
U0199,10784,8.5
U0199,11948,9.2
U0199,505262,7.5
U0199,10950,8.0
U0199,16119,6.8
U0199,791373,8.0
U0199,10998,6.7
U0199,764,7.0
U0199,934456,6.1
U0199,982,7.4
U0199,249,5.8
U0199,9506,6.6
U0199,903,8.1
U0200,14362,5.1
U0200,1000475,6.7
U0200,788,6.3
U0200,630566,8.0
U0200,273059,7.8
U0200,295237,7.3
U0200,663558,8.0
U0200,97,7.3
U0200,629176,5.2
U0200,429617,7.1
U0200,20533,5.9
U0200,17467,6.1
U0200,140,7.5
U0200,9377,7.6
U0200,936,7.0
U0200,674,7.9
U0200,16007,6.5
U0200,1100988,6.7
U0200,722778,7.3
U0200,8920,6.2
U0200,262543,6.1
U0200,21385,7.5
U0200,1258151,7.8
U0200,777,6.4
U0200,13494,4.5
U0200,4824,6.4
U0201,399057,8.0
U0201,544510,7.7
U0201,371608,6.1
U0201,7350,6.3
U0201,347626,7.1
U0201,1450527,6.9
U0201,634,6.1
U0201,16234,8.3
U0201,21734,7.7
U0201,10952,7.3
U0202,1313003,6.3
U0202,2759,6.4
U0202,14161,5.8
U0202,8328,7.7
U0202,1147400,6.3
U0202,2616,7.0
U0202,2619,5.8
U0202,13386,7.6
U0202,816,6.6
U0202,836225,5.5
U0202,869,6.0
U0202,10096,6.3
U0202,18764,6.9
U0202,434203,7.5
U0202,546121,7.8
U0202,339331,4.7
U0202,111083,7.4
U0202,2768,7.4
U0202,700,6.9
U0202,629,9.2
U0202,936245,4.9
U0202,539885,5.1
U0202,298382,7.3
U0202,147441,5.2
U0202,35056,5.1
U0202,441282,6.9
U0202,19100,7.7
U0202,1388808,5.6
U0202,14869,5.1
U0202,610461,7.0
U0202,109689,7.1
U0202,11224,6.9
U0202,873,8.0
U0202,1032823,5.7
U0202,8095,6.8
U0202,65759,4.7
U0202,2268,5.1
U0202,1593,6.4
U0202,1155089,7.2
U0202,765,7.0
U0202,33408,6.6
U0202,343611,5.7
U0202,1392796,8.1
U0202,382517,4.9
U0202,13342,7.4
U0203,11172,6.8
U0203,132,7.5
U0203,9913,7.4
U0203,13310,6.8
U0203,11517,6.8
U0203,858024,8.2
U0203,571055,7.1
U0203,9792,6.1
U0203,9992,6.7
U0203,113344,4.8
U0203,440298,7.6
U0203,236751,6.6
U0204,970450,4.9
U0204,1001311,5.8
U0204,8363,7.1
U0204,374473,8.0
U0204,11165,5.5
U0204,272,8.4
U0204,9056,7.3
U0204,429200,6.8
U0204,560057,7.1
U0204,11971,6.6
U0204,180894,5.9
U0204,566228,7.0
U0204,13222,7.0
U0204,16320,7.6
U0204,722926,6.2
U0204,10198,7.4
U0204,20126,9.5
U0204,550,8.8
U0204,9100,6.5
U0204,15067,7.8
U0204,116149,6.7
U0204,1633,8.5
U0204,15097,7.4
U0204,333371,6.7
U0204,4771,7.1
U0204,142,8.0
U0204,1830,6.2
U0204,9504,7.8
U0204,13321,7.4
U0204,42607,6.1
U0204,910,5.9
U0204,8916,6.1
U0204,68722,7.7
U0204,14624,7.7
U0204,1100795,8.1
U0204,460458,7.0
U0204,1771,5.6
U0204,13161,6.2
U0204,821881,7.8
U0204,914,8.6
U0204,79406,6.9
U0204,1688,5.9
U0204,73861,4.7
U0204,313297,8.6
U0204,503,5.0
U0204,696806,6.9
U0204,407375,7.1
U0204,937746,6.8
U0204,36669,5.7
U0204,10802,6.4
U0204,11372,6.6
U0204,11509,7.1
U0204,9798,7.3
U0204,9441,6.3
U0205,10009,6.8
U0205,264656,7.1
U0205,198184,7.0
U0205,398818,8.3
U0205,1633,7.9
U0205,595975,6.8
U0205,19901,7.4
U0205,438695,7.8
U0205,396535,7.7
U0205,109439,5.8
U0205,4959,5.7
U0205,348390,6.1
U0205,37233,6.0
U0205,271110,6.8
U0205,536841,6.3
U0205,4478,6.9
U0205,1364,7.4
U0205,19543,4.6
U0205,860,7.9
U0205,612,8.0
U0205,1029235,5.6
U0205,9593,5.7
U0205,274167,6.3
U0205,52520,6.5
U0205,11360,6.2
U0205,281,7.5
U0205,8873,6.3
U0205,8697,8.0
U0205,18197,7.1
U0205,20544,8.2
U0205,1584215,5.9
U0205,333371,7.4
U0205,2000,7.4
U0205,13683,6.7
U0205,14160,8.8
U0205,11206,6.6
U0205,8848,5.5
U0205,100042,6.8
U0205,166424,5.9
U0205,348678,5.7
U0205,4248,5.3
U0205,398173,6.1
U0205,398978,7.6
U0205,10435,6.3
U0205,282041,7.2
U0205,964980,7.3
U0205,1294203,6.3
U0205,348350,7.6
U0205,11238,6.2
U0206,136799,6.7
U0206,37094,7.0
U0206,12144,8.1
U0206,1996,5.7
U0206,41003,7.5
U0206,458897,7.5
U0206,535544,7.0
U0206,820446,6.5
U0206,668,7.3
U0206,11071,7.4
U0206,49730,6.8
U0206,1844,4.4
U0206,280092,6.7
U0206,533514,8.5
U0206,1450599,6.4
U0206,858017,5.2
U0206,132232,6.7
U0206,1215020,4.0
U0206,707610,5.6
U0206,214756,5.4
U0206,1934,6.6
U0206,346672,5.6
U0206,11305,7.5
U0206,345944,7.8
U0206,20504,6.3
U0206,11621,8.0
U0206,925,8.0
U0206,184314,6.9
U0206,177888,6.8
U0206,1578,8.5
U0206,922,7.8
U0206,265208,5.9
U0206,11016,7.4
U0206,250658,7.1
U0206,43074,4.3
U0206,12208,5.6
U0206,1430,7.3
U0206,4481,8.8
U0206,795607,7.2
U0206,37958,7.0
U0206,1388808,6.9
U0206,1069905,6.2
U0206,4495,7.8
U0206,49020,7.3
U0206,52744,5.0
U0206,3087,7.7
U0206,46195,7.3
U0206,6003,7.6
U0206,248504,5.0
U0206,531428,8.8
U0206,51533,7.8
U0206,9339,6.5
U0206,622,6.8
U0206,10775,7.8
U0207,109,6.9
U0207,1352624,6.2
U0207,10995,7.5
U0207,1445363,6.9
U0207,9056,7.8
U0207,799710,5.6
U0207,382399,6.5
U0207,967941,7.7
U0207,86889,5.5
U0207,18972,7.6
U0207,39538,6.3
U0207,13510,6.9
U0207,966,7.1
U0207,346698,7.5
U0207,1611398,5.4
U0207,8470,9.0
U0207,6958,5.6
U0207,303483,6.9
U0207,216769,6.9
U0207,313297,7.9
U0207,44214,8.2
U0207,405774,7.0
U0207,13503,5.4
U0207,19101,6.9
U0207,930094,9.5
U0207,5503,7.9
U0207,7553,8.0
U0207,74997,5.8
U0207,1103621,9.2
U0207,6069,6.0
U0207,414419,9.1
U0207,11527,7.6
U0207,404,8.4
U0207,1028506,7.0
U0207,1397832,6.3
U0207,592863,8.0
U0207,10998,6.3
U0208,507256,6.9
U0208,2000,6.8
U0208,395458,5.5
U0208,13888,6.0
U0208,5968,6.5
U0208,17332,6.8
U0208,13909,8.2
U0208,14245,5.6
U0208,10538,6.2
U0208,10971,7.5
U0208,20766,7.2
U0208,1786,7.0
U0208,15121,9.1
U0209,10451,7.7
U0209,332567,6.5
U0209,414,5.3
U0209,342473,7.7
U0209,4203,6.2
U0209,232078,3.9
U0209,277,8.0
U0209,820609,6.8
U0209,992,7.1
U0209,8489,6.8
U0209,13056,6.5
U0209,183392,6.3
U0209,19173,4.2
U0209,20442,6.8
U0209,529216,7.0
U0209,7347,7.7
U0209,603661,6.0
U0209,10731,6.4
U0209,11013,7.5
U0209,17295,8.6
U0209,594,7.3
U0209,107748,7.6
U0209,11917,6.2
U0209,8195,6.4
U0209,11653,5.8
U0209,771,6.6
U0209,274862,7.2
U0209,860,8.2
U0209,526702,8.7
U0209,4476,7.2
U0209,297762,6.4
U0209,1022787,6.4
U0209,3594,7.2
U0210,11615,8.1
U0210,79707,7.0
U0210,308504,7.6
U0210,242828,9.0
U0210,11782,6.9
U0210,1429738,6.1
U0210,12535,6.0
U0210,1290417,6.3
U0210,212778,7.4
U0210,170,8.0
U0210,2204,7.7
U0210,1124566,7.6
U0210,631,8.4
U0210,5174,6.5
U0210,10204,6.7
U0210,33740,5.1
U0210,99,6.2
U0210,11778,7.3
U0210,73499,5.8
U0210,10015,6.7
U0210,827,7.6
U0210,481084,6.0
U0210,75780,7.2
U0210,11001,6.2
U0210,250219,6.4
U0210,269509,6.0
U0210,47796,6.8
U0210,9383,6.8
U0210,12093,6.9
U0211,1125510,7.0
U0211,1781,6.8
U0211,9444,5.6
U0211,11620,8.0
U0211,9425,5.8
U0211,21710,4.8
U0211,201676,7.1
U0211,271674,7.1
U0211,9522,7.5
U0211,9463,7.2
U0211,1234731,6.0
U0211,11092,6.4
U0211,10950,7.2
U0211,513434,8.7
U0211,10377,7.5
U0211,10327,6.4
U0211,1287141,7.2
U0211,10860,6.1
U0211,1087192,7.9
U0211,98,7.6
U0211,13460,5.9
U0211,393,8.4
U0211,360605,6.5
U0211,12599,8.0
U0211,6282,5.9
U0211,1029330,6.3
U0211,51739,8.9
U0211,906126,7.6
U0211,337170,8.5
U0211,11621,6.8
U0211,1100099,6.2
U0211,136835,6.0
U0211,44865,7.0
U0211,119819,7.0
U0211,1186532,7.7
U0211,9948,5.5
U0211,894169,6.1
U0211,1317672,6.8
U0211,846,6.7
U0211,9543,7.4
U0211,853088,8.1
U0211,10476,7.2
U0211,463252,7.6
U0211,45132,7.3
U0211,763,6.7
U0211,11451,6.2
U0211,946,7.0
U0211,566525,7.7
U0211,1198994,8.5
U0211,570480,6.1
U0211,332270,8.6
U0212,446354,7.9
U0212,1357633,7.1
U0212,14873,6.1
U0212,1156594,7.1
U0212,11918,5.9
U0212,99099,5.7
U0212,310,6.0
U0212,369885,7.7
U0212,1151272,7.0
U0212,11206,9.8
U0212,800158,7.0
U0212,1093,9.9
U0212,112205,5.9
U0212,1492608,8.3
U0212,13022,6.3
U0212,11030,7.9
U0212,2457,7.8
U0212,18491,7.6
U0212,88,8.4
U0212,1637,9.2
U0212,10882,7.3
U0212,12219,8.4
U0212,2501,8.2
U0212,1584215,6.7
U0212,2786,7.2
U0212,508943,7.1
U0212,9349,7.1
U0212,147,8.4
U0212,338766,7.4
U0212,1083420,6.5
U0212,36998,8.2
U0212,12155,7.5
U0212,2454,6.6
U0212,603661,6.6
U0212,402431,6.8
U0212,67659,5.2
U0212,440471,4.6
U0212,266285,6.2
U0213,1052558,4.6
U0213,4476,6.9
U0213,431530,6.3
U0213,12201,7.4
U0213,990,8.1
U0213,11694,5.9
U0213,20530,6.5
U0213,7984,7.4
U0213,41823,5.1
U0213,363992,5.5
U0213,736073,7.5
U0213,924,7.4
U0213,704,7.7
U0214,15157,7.2
U0214,1965,7.6
U0214,7980,7.7
U0214,361743,7.6
U0214,203833,6.0
U0214,1632,7.2
U0214,37347,6.9
U0214,41180,7.4
U0214,1391,8.2
U0214,39207,6.8
U0214,205321,5.1
U0214,2024,8.1
U0214,9326,7.9
U0214,996,8.9
U0214,15873,7.4
U0214,37137,6.8
U0214,1489187,9.4
U0214,11033,6.0
U0214,558655,8.5
U0215,2655,5.4
U0215,1195518,5.7
U0215,278,9.2
U0215,82654,6.5
U0215,1028506,4.8
U0215,38167,6.1
U0215,37735,6.8
U0215,866398,6.9
U0215,838,6.5
U0215,4174,7.5
U0215,759,8.0
U0215,177888,7.3
U0215,36648,5.6
U0215,453,7.1
U0215,11688,8.7
U0215,10138,6.3
U0215,337167,6.1
U0216,11230,6.6
U0216,10555,5.8
U0216,13333,6.9
U0216,11562,8.1
U0216,206487,6.7
U0216,13855,8.9
U0216,698438,5.6
U0216,7553,6.2
U0216,9281,8.0
U0216,36586,6.0
U0216,75278,4.8
U0216,2712,7.1
U0216,18405,6.6
U0216,16859,8.9
U0216,11282,7.6
U0216,863,8.4
U0216,79645,7.1
U0216,9081,7.6
U0216,707,5.9
U0216,67394,4.0
U0216,1578,9.3
U0216,35739,4.5
U0216,9662,6.7
U0216,223,6.9
U0216,12106,6.0
U0216,758724,6.9
U0216,283366,6.6
U0217,43829,8.1
U0217,1817,6.8
U0217,755898,5.3
U0217,285,7.4
U0217,13830,7.9
U0217,13475,6.6
U0217,2433,8.1
U0217,6312,8.0
U0217,4911,6.7
U0217,1422166,7.1
U0217,664280,7.0
U0217,73454,6.7
U0217,2712,6.1
U0217,180147,7.9
U0217,929170,7.2
U0217,979,6.7
U0217,15392,7.2
U0217,50359,5.1
U0217,254,8.8
U0217,11249,3.9
U0217,467244,6.0
U0217,5921,8.0
U0217,451,7.4
U0217,10007,4.8
U0217,360605,6.9
U0217,573435,7.8
U0217,55,7.7
U0217,86838,6.9
U0217,3175,8.8
U0217,592279,7.0
U0217,15067,7.8
U0217,5000,8.2
U0217,37034,7.8
U0217,246400,8.1
U0217,16237,7.2
U0217,185,7.2
U0217,1878,7.8
U0217,16563,6.8
U0217,369557,6.9
U0217,37799,6.5
U0217,3031,7.6
U0217,47423,6.7
U0217,11423,8.1
U0217,1495694,6.8
U0217,634544,8.0
U0217,1362514,4.7
U0217,9802,7.3
U0217,332567,7.2
U0217,525041,5.7
U0217,11368,7.2
U0217,239416,2.2
U0217,910,7.6
U0217,39144,6.7
U0217,240832,5.3
U0217,838209,6.9
U0217,498249,7.1
U0217,9766,6.7
U0217,43904,9.6
U0217,736769,6.2
U0218,80295,6.2
U0218,9323,7.4
U0218,1830,7.6
U0218,1000837,9.1
U0218,134411,5.7
U0218,9336,6.7
U0218,82703,7.4
U0218,363,6.7
U0218,8446,6.3
U0218,2023,6.7
U0218,1317672,6.6
U0218,824,7.8
U0218,12100,5.2
U0218,591,8.0
U0218,445651,5.3
U0218,11770,6.6
U0218,36643,8.1
U0218,1245,6.3
U0218,396422,6.8
U0218,118,9.0
U0218,604,6.1
U0218,11697,8.0
U0219,277,6.8
U0219,504,6.6
U0219,50646,7.5
U0219,167,6.3
U0219,6114,7.8
U0219,884,6.4
U0219,14160,8.9
U0219,2109,6.1
U0219,11205,6.1
U0219,463272,4.8
U0219,42337,7.1
U0219,73499,5.3
U0219,154,8.1
U0219,11397,4.7
U0219,8327,7.5
U0219,11830,5.7
U0219,11657,6.8
U0219,1561758,5.1
U0220,18283,5.9
U0220,804150,6.9
U0220,11622,6.6
U0220,11842,7.4
U0220,265180,8.1
U0220,947,9.1
U0220,6105,6.4
U0220,759584,5.6
U0220,337404,7.9
U0220,15263,6.4
U0220,1847,8.2
U0220,7085,7.9
U0220,5722,7.1
U0220,1676,6.0
U0220,6038,6.9
U0220,1656,4.8
U0221,88,7.4
U0221,508442,8.0
U0221,76726,6.9
U0221,6844,7.4
U0221,1280768,8.6
U0221,3031,6.9
U0221,282758,6.1
U0221,10404,8.7
U0221,2457,7.8
U0221,604079,7.4
U0221,535167,6.8
U0221,962232,8.1
U0221,15259,6.2
U0221,9802,7.3
U0221,49040,6.1
U0221,1562,5.2
U0221,218746,5.3
U0221,7278,4.9
U0221,512195,6.3
U0221,347626,5.7
U0221,961,8.1
U0221,540158,7.2
U0221,11171,6.8
U0221,13808,5.8
U0221,1115544,7.0
U0221,72565,7.3
U0221,42701,7.0
U0221,39538,6.4
U0221,1519168,5.1
U0221,1050035,6.9
U0221,1147416,7.9
U0221,52520,6.1
U0221,2502,6.8
U0221,925,7.4
U0221,283566,8.2
U0221,9800,6.0
U0221,54186,6.7
U0222,10009,6.4
U0222,9982,6.5
U0222,203217,7.1
U0222,601796,7.5
U0222,84308,6.8
U0222,20941,9.2
U0222,2119,6.0
U0222,109439,4.8
U0222,34857,7.6
U0222,8329,6.7
U0222,429351,6.6
U0222,1147416,6.6
U0222,9444,7.5
U0222,363992,6.6
U0223,45132,6.7
U0223,267860,6.7
U0223,34854,3.9
U0223,955555,7.2
U0223,9870,7.8
U0223,9620,6.3
U0223,1635,7.9
U0223,592834,5.7
U0223,10683,6.4
U0223,169607,8.1
U0223,16858,7.6
U0223,13648,8.0
U0223,592983,7.4
U0223,527,8.3
U0223,235271,4.6
U0223,1290417,6.0
U0223,447277,6.2
U0223,1387382,6.1
U0223,11527,7.5
U0223,38765,5.6
U0223,8922,8.0
U0223,2669,7.3
U0223,17809,7.2
U0223,10540,5.0
U0223,28,9.0
U0223,760873,5.7
U0223,34544,7.8
U0223,1710,6.7
U0223,284,7.8
U0223,1163,5.8
U0223,3133,8.0
U0223,978,6.2
U0223,312221,7.1
U0223,639933,7.9
U0223,7278,5.6
U0223,9593,5.2
U0223,840464,6.7
U0223,433356,4.8
U0224,9922,5.9
U0224,507441,6.6
U0224,21734,8.3
U0224,799882,5.8
U0224,1725,7.6
U0224,15167,7.3
U0224,407436,7.0
U0224,9459,7.1
U0224,436391,7.4
U0224,295830,5.9
U0224,9303,6.8
U0224,11829,7.6
U0224,77985,5.6
U0224,14729,5.9
U0224,10935,6.4
U0224,522,7.3
U0224,13809,6.0
U0224,107846,7.6
U0224,754,7.5
U0224,80278,6.6
U0224,11846,6.4
U0224,539,8.7
U0224,43042,6.9
U0224,340945,7.3
U0224,1429348,7.5
U0224,828853,7.4
U0224,9618,6.9
U0224,804095,6.7
U0224,478798,5.9
U0224,795607,7.2
U0224,33542,7.8
U0224,1195506,8.5
U0224,11011,7.9
U0224,371638,6.6
U0224,1029330,7.0
U0224,799583,7.1
U0224,9093,7.4
U0224,9645,5.9
U0224,629176,6.7
U0224,668489,6.2
U0224,1034541,5.2
U0224,13333,4.7
U0224,8337,7.1
U0224,961,8.4
U0224,15301,6.7
U0224,9909,5.0
U0224,345938,6.4
U0224,1233069,5.1
U0224,1125257,7.5
U0224,1374,7.4
U0224,760774,7.6
U0225,32909,7.6
U0225,13963,7.4
U0225,68818,6.0
U0225,920081,5.9
U0225,953300,4.8
U0225,10623,6.7
U0225,479626,8.7
U0225,68722,6.1
U0225,18239,5.3
U0225,295237,7.9
U0225,1381027,6.4
U0225,578701,6.6
U0225,722926,6.3
U0225,11969,7.9
U0225,83542,8.4
U0225,10997,7.7
U0226,51888,8.6
U0226,86822,4.6
U0226,16871,7.9
U0226,85350,9.0
U0226,76489,5.9
U0226,14675,6.7
U0226,576,7.9
U0226,872,10.0
U0226,823,6.4
U0226,747,8.2
U0226,698438,5.6
U0226,9482,5.6
U0226,433498,9.3
U0226,3021,6.9
U0226,9459,7.4
U0226,1190012,8.9
U0226,1734,6.0
U0226,1450599,7.2
U0226,11898,8.2
U0226,149870,8.9
U0226,18500,5.9
U0226,76600,7.6
U0226,208134,7.6
U0226,279641,5.8
U0226,10754,7.7
U0226,6522,8.0
U0226,162,8.3
U0226,7446,7.4
U0226,10476,7.1
U0226,17581,7.6
U0226,800425,8.0
U0226,242,5.1
U0226,2687,4.9
U0226,466420,7.1
U0226,41394,8.2
U0226,14741,6.1
U0226,1607,7.7
U0226,73723,6.5
U0226,19223,7.1
U0226,271706,6.7
U0226,9732,8.2
U0226,35122,7.0
U0226,6575,6.2
U0226,218726,7.2
U0226,1075,7.5
U0226,22215,5.6
U0226,10911,7.2
U0226,395000,4.4
U0226,1571,6.6
U0226,7451,4.9
U0226,13637,5.7
U0226,43418,5.8
U0226,33217,4.6
U0226,530385,6.5
U0226,738652,5.8
U0226,17835,6.4
U0226,407887,5.7
U0226,510,8.2
U0227,15070,6.1
U0227,10150,7.1
U0227,10802,6.8
U0227,1028506,8.0
U0227,11365,6.1
U0227,4539,7.9
U0227,7862,6.4
U0227,799766,7.9
U0227,1134055,8.0
U0227,406759,7.2
U0227,299,5.6
U0227,1064486,8.8
U0227,1029578,8.0
U0227,115,7.8
U0227,330127,5.2
U0227,44982,5.2
U0227,1093995,5.2
U0227,86834,5.3
U0227,242582,8.6
U0227,1125,7.3
U0227,924,6.5
U0227,12,7.7
U0227,703,7.3
U0227,994108,6.2
U0227,379170,8.0
U0227,840,6.6
U0227,396461,7.5
U0227,1844,5.9
U0227,2907,7.0
U0227,72559,5.4
U0227,1155089,7.9
U0227,10030,4.4
U0227,1215020,5.1
U0227,15370,7.7
U0227,960292,5.2
U0227,262543,6.0
U0227,9563,6.7
U0227,1125257,6.6
U0227,576920,7.6
U0227,3777,7.4
U0227,114168,6.6
U0228,5289,6.0
U0228,866463,5.5
U0228,526,6.6
U0228,425,6.4
U0228,9398,7.0
U0228,299534,8.1
U0228,7446,6.4
U0228,185664,6.1
U0228,19959,5.4
U0228,503919,6.2
U0228,332270,6.1
U0228,11202,7.5
U0228,524,8.5
U0228,20943,6.5
U0228,512196,6.5
U0228,644495,5.8
U0228,38646,6.6
U0228,759175,6.2
U0228,10925,6.6
U0228,829402,8.7
U0228,178682,7.9
U0228,789708,8.4
U0228,1028196,6.8
U0228,10620,6.5
U0228,704,6.7
U0228,2323,6.1
U0228,11358,6.9
U0228,944,5.8
U0228,10780,6.7
U0228,791373,8.5
U0228,513648,6.5
U0228,10715,7.3
U0228,18333,7.4
U0229,1427,6.2
U0229,10802,5.4
U0229,17979,7.6
U0229,73,7.1
U0229,2023,7.2
U0229,1297763,5.6
U0229,15157,6.9
U0229,1251717,4.8
U0229,297090,5.0
U0229,339877,6.6
U0229,1162,8.2
U0229,15137,8.0
U0229,632727,6.8
U0229,828947,8.1
U0229,16296,7.5
U0229,14534,8.0
U0229,1607,8.0
U0229,41216,5.9
U0229,10538,5.3
U0229,1168190,7.4
U0229,955555,6.9
U0229,2277,7.9
U0229,10895,7.9
U0229,763285,6.8
U0229,507256,6.6
U0229,961484,6.7
U0229,8848,7.4
U0229,1574,5.6
U0229,15371,7.2
U0229,1354700,6.1
U0229,1164,7.0
U0229,3036,4.5
U0229,9360,5.7
U0229,466272,6.3
U0229,2788,5.6
U0229,19,8.9
U0229,898,7.7
U0229,9480,6.2
U0229,5038,7.3
U0229,9563,5.7
U0230,1291335,6.8
U0230,9072,5.8
U0230,8009,7.2
U0230,201676,7.6
U0230,648,5.7
U0230,335984,7.4
U0230,186,7.2
U0230,1190511,8.0
U0230,8392,8.9
U0230,298094,4.6
U0230,308266,7.6
U0230,835767,6.0
U0230,1949,8.2
U0230,16871,5.1
U0230,20982,8.1
U0231,20442,6.2
U0231,146,7.2
U0231,8329,7.6
U0231,5921,6.1
U0231,8584,6.3
U0231,268227,5.3
U0231,962232,7.4
U0231,13161,7.2
U0231,4147,7.0
U0231,1360,8.2
U0231,5255,7.5
U0231,21481,5.7
U0231,11209,6.2
U0231,9433,8.0
U0231,2082,7.1
U0231,9655,6.3
U0231,635,7.2
U0231,1495,7.1
U0231,8224,6.0
U0231,13935,5.7
U0231,49519,8.1
U0231,45612,7.5
U0231,870360,8.2
U0231,8988,5.4
U0231,150689,8.5
U0231,10428,6.0
U0231,49529,6.0
U0231,9102,7.1
U0231,1098006,8.1
U0231,18892,6.7
U0231,704239,5.4
U0232,15014,7.5
U0232,11421,6.8
U0232,4203,7.8
U0232,21734,9.5
U0232,625568,6.2
U0232,531158,7.2
U0232,567604,6.3
U0232,381289,8.4
U0232,134411,7.9
U0232,592695,6.0
U0232,5070,6.9
U0232,545611,7.4
U0232,9705,7.8
U0232,901362,5.8
U0232,39391,7.0
U0232,138843,8.4
U0232,607259,7.2
U0232,33546,6.7
U0232,705,8.3
U0232,17914,7.3
U0232,9476,6.7
U0232,13971,5.8
U0232,37757,7.7
U0232,338762,6.8
U0232,11852,5.4
U0232,9620,5.3
U0232,52449,5.1
U0232,1259,6.3
U0232,333352,8.2
U0232,206487,8.2
U0232,12444,8.3
U0233,137113,7.3
U0233,18,7.9
U0233,5991,7.5
U0233,1185528,4.2
U0233,491584,8.8
U0233,51608,7.9
U0233,46853,5.4
U0233,570480,6.1
U0233,1353333,3.9
U0233,333381,4.6
U0233,535167,5.7
U0233,479626,7.1
U0233,528761,6.3
U0233,637534,8.1
U0233,635910,5.5
U0233,462,5.7
U0233,1097311,7.5
U0233,1058699,7.9
U0233,295830,5.6
U0233,16306,8.1
U0233,1293286,6.6
U0233,432836,7.4
U0233,66150,7.4
U0233,431,7.2
U0233,724089,8.9
U0233,40394,3.6
U0233,9473,8.2
U0233,11321,7.9
U0233,10654,7.1
U0233,801688,6.6
U0233,4552,8.2
U0233,1522377,8.2
U0233,38765,6.7
U0233,75612,6.5
U0233,3782,10.0
U0233,1083968,5.7
U0233,8329,6.2
U0233,1949,7.6
U0233,1159311,6.3
U0233,87421,6.0
U0233,36955,9.0
U0233,16633,7.1
U0233,33408,7.0
U0233,13350,9.6
U0233,822119,4.4
U0233,644,5.2
U0233,1610413,7.1
U0233,339331,2.0
U0233,118,6.9
U0233,795607,8.9
U0233,1125257,7.3
U0233,18148,6.5
U0233,10895,8.6
U0233,597,9.1
U0233,21935,6.0
U0233,8536,7.7
U0233,8769,8.4
U0234,1103621,8.8
U0234,1293167,7.5
U0234,443791,4.5
U0234,146233,8.1
U0234,1354627,6.1
U0234,9757,6.0
U0234,9340,6.6
U0234,429450,7.6
U0234,330457,7.8
U0234,9739,7.3
U0234,13909,6.4
U0234,366170,7.0
U0234,49046,8.4
U0234,15263,8.1
U0234,11424,7.6
U0234,265180,8.3
U0234,6415,5.1
U0235,273248,8.2
U0235,244786,6.9
U0235,11713,6.2
U0235,1388808,6.0
U0235,14424,5.4
U0235,923,9.0
U0235,1635,6.3
U0235,1287141,6.1
U0235,11424,5.3
U0235,204082,6.7
U0235,235271,4.2
U0235,1939,7.5
U0235,10204,5.6
U0235,7012,6.1
U0235,72573,8.0
U0235,9584,5.8
U0235,9599,6.1
U0235,1677,7.3
U0235,1278950,4.8
U0235,1026227,6.6
U0235,820912,6.4
U0235,10494,8.0
U0235,1590097,5.4
U0235,2758,6.8
U0235,11636,6.5
U0235,768141,9.7
U0235,920394,8.2
U0235,790,6.7
U0235,364137,8.0
U0235,479,5.0
U0235,21500,6.3
U0235,10303,5.5
U0235,44136,5.7
U0235,667257,8.2
U0235,8470,8.0
U0235,19901,6.0
U0235,559969,7.5
U0235,884,5.2
U0235,46738,7.7
U0235,7944,7.8
U0235,58,7.8
U0235,11212,7.0
U0235,4011,6.8
U0235,8429,6.8
U0235,7552,8.0
U0235,430447,6.1
U0236,603,9.2
U0236,347123,8.3
U0236,10184,6.4
U0236,395458,4.2
U0236,4970,5.6
U0236,1291559,7.5
U0236,10585,7.0
U0236,76640,5.4
U0236,1064835,7.6
U0236,589982,7.1
U0236,1885,7.3
U0236,32856,6.0
U0236,198184,7.4
U0236,11587,5.9
U0236,1226578,6.0
U0236,632322,7.6
U0236,341013,7.3
U0236,336808,6.9
U0236,13321,7.4
U0236,155,7.1
U0236,1586,6.4
U0236,467244,8.3
U0236,3021,5.8
U0236,634492,4.8
U0236,1407,7.9
U0236,9705,6.9
U0236,642,8.1
U0236,783,7.2
U0236,6949,6.1
U0236,102651,7.4
U0236,862739,6.3
U0236,282758,7.6
U0236,557,7.1
U0236,268896,6.2
U0236,6557,6.9
U0236,201085,7.1
U0236,10586,6.7
U0236,1287322,6.3
U0236,132232,5.8
U0236,1429738,5.6
U0236,4587,8.1
U0236,1327688,7.4
U0236,2486,4.9
U0236,597208,6.6
U0236,1040,7.1
U0236,545742,8.2
U0236,438674,5.5
U0236,9602,7.1
U0236,9609,6.9
U0236,13963,7.2
U0236,916,5.7
U0236,70345,4.2
U0236,1561955,6.3
U0236,363088,7.2
U0236,12535,6.5
U0236,839033,6.6
U0236,40096,8.2
U0236,205596,8.7
U0237,11577,6.5
U0237,134764,4.9
U0237,5708,5.9
U0237,14438,7.4
U0237,443791,6.5
U0237,42269,7.4
U0237,13637,6.3
U0237,11040,7.6
U0237,9101,4.9
U0237,84199,6.6
U0237,628,6.1
U0237,387,6.7
U0237,9339,6.4
U0237,14359,7.0
U0237,13004,6.9
U0237,508947,7.7
U0237,532639,6.6
U0237,335777,5.8
U0237,9659,5.9
U0237,9303,7.2
U0237,2698,6.3
U0237,10494,8.1
U0237,35056,6.0
U0237,476292,9.0
U0238,397567,8.8
U0238,557646,8.7
U0238,9543,6.2
U0238,13345,7.4
U0238,9334,4.7
U0238,10189,7.3
U0238,37137,7.8
U0238,180,8.9
U0238,640344,8.3
U0238,758724,7.2
U0238,5917,7.1
U0238,13690,5.1
U0238,1374,7.9
U0238,642538,6.6
U0238,9571,5.8
U0238,9374,6.3
U0238,1676,6.1
U0238,400160,8.3
U0238,939243,8.0
U0238,553,7.3
U0238,537996,6.4
U0238,347969,4.2
U0238,545609,8.0
U0238,17803,7.2
U0238,11645,7.8
U0238,1352624,6.0
U0238,15999,8.3
U0238,1443940,8.5
U0238,11663,7.4
U0238,378108,8.2
U0238,205596,9.3
U0238,1058694,7.8
U0238,1398,8.5
U0238,828853,6.6
U0238,568,7.3
U0238,44244,7.4
U0238,15278,6.6
U0238,10591,6.0
U0238,810,6.9
U0238,567,8.9
U0238,5038,6.3
U0238,927342,7.0
U0238,923632,8.5
U0238,14750,6.2
U0238,545611,6.8
U0238,10837,7.3
U0238,347123,7.5
U0238,643882,6.6
U0238,956842,6.9
U0238,2123,6.5
U0238,565426,6.4
U0239,15301,6.9
U0239,9394,7.1
U0239,44018,6.7
U0239,600354,9.0
U0239,599521,7.3
U0239,11036,7.9
U0239,1267319,5.6
U0239,4235,5.8
U0239,11536,6.5
U0239,10802,5.4
U0239,100,7.7
U0239,504056,7.5
U0239,896633,6.7
U0239,12763,7.5
U0239,1383247,5.6
U0239,12776,8.1
U0239,10671,7.1
U0239,168672,7.3
U0239,9343,6.1
U0239,11077,6.6
U0239,18333,8.3
U0239,68718,8.9
U0239,180299,6.6
U0239,79406,6.5
U0239,568620,6.8
U0239,881,7.5
U0239,16219,7.3
U0239,9772,6.3
U0239,953,8.3
U0239,1217584,6.3
U0239,11621,8.8
U0239,69315,8.3
U0239,19912,5.2
U0239,211954,8.6
U0239,9028,7.5
U0239,13969,6.4
U0239,51822,9.0
U0239,9490,7.5
U0239,14534,6.1
U0239,1362,4.8
U0239,11159,6.3
U0239,209112,6.8
U0240,11968,5.8
U0240,3110,7.4
U0240,1199193,6.4
U0240,2770,7.6
U0240,6435,7.3
U0240,807,6.9
U0240,350,8.2
U0240,118379,5.8
U0240,379686,6.8
U0240,597,8.4
U0240,244063,8.6
U0240,926670,8.0
U0240,529203,7.5
U0240,470878,7.9
U0240,47423,6.3
U0240,410119,6.0
U0240,14438,7.1
U0240,534,6.0
U0240,630,6.2
U0240,72190,7.5
U0240,44741,6.8
U0240,929,5.1
U0240,5879,7.5
U0240,16250,5.6
U0240,1781,8.2
U0240,768744,8.2
U0240,49047,7.1
U0240,2022,6.0
U0240,17538,7.6
U0240,15794,8.3
U0240,475888,7.4
U0240,207768,5.9
U0240,20829,4.3
U0240,470,6.8
U0240,10671,6.8
U0240,44865,6.4
U0240,346685,6.0
U0240,7515,6.7
U0240,11824,7.2
U0240,433,7.9
U0241,1426776,6.9
U0241,8078,6.2
U0241,6003,6.6
U0241,9056,6.5
U0241,168259,7.4
U0241,9035,6.8
U0241,138038,5.8
U0241,1284496,5.3
U0241,962,7.5
U0241,823,6.8
U0241,755812,8.4
U0241,906126,7.4
U0241,298,7.6
U0241,7249,6.9
U0241,429351,5.0
U0241,245473,7.5
U0241,531876,6.9
U0241,739993,5.6
U0241,532327,6.1
U0241,1586,6.9
U0241,328425,6.8
U0241,1232449,9.6
U0242,2291,7.8
U0242,8966,7.9
U0242,1266990,7.3
U0242,9693,8.0
U0242,493551,7.3
U0242,20442,8.2
U0242,1547,6.8
U0242,545609,7.0
U0242,16174,5.6
U0242,1028196,6.4
U0242,6878,5.0
U0242,1155281,5.4
U0242,16620,7.1
U0242,467905,7.7
U0242,1130276,8.9
U0242,838209,8.2
U0242,1215162,6.1
U0242,17591,6.2
U0242,11324,9.3
U0242,399402,6.3
U0242,117251,6.5
U0242,16442,6.9
U0242,5925,7.7
U0242,11943,6.1
U0242,21525,8.1
U0242,1033148,7.0
U0242,9335,6.5
U0242,660982,5.9
U0242,11421,8.1
U0242,42685,4.2
U0242,1991,6.8
U0242,329505,7.8
U0242,14863,4.8
U0242,672741,7.0
U0242,1290432,4.8
U0242,14534,6.8
U0242,38142,6.8
U0242,12545,7.7
U0242,640,7.9
U0242,677638,7.3
U0242,361263,6.2
U0242,15657,7.1
U0242,673593,5.2
U0242,531876,7.3
U0242,708,7.4
U0242,18707,6.2
U0242,204,7.6
U0242,591273,6.5
U0242,930094,8.0
U0242,280092,6.1
U0242,440298,8.3
U0242,16007,7.3
U0242,1443,7.0
U0242,11893,8.3
U0242,527776,7.3
U0242,8195,7.1
U0242,532794,6.5
U0242,1155089,7.2
U0243,975,7.6
U0243,1923,7.4
U0243,11560,6.8
U0243,13971,5.9
U0243,280180,6.2
U0243,10934,5.6
U0243,42703,6.1
U0243,382517,4.6
U0243,631143,7.4
U0243,12508,7.8
U0243,245,7.0
U0243,1523,5.2
U0243,565028,6.6
U0243,681,8.1
U0243,1026436,5.9
U0244,800425,5.9
U0244,7516,7.6
U0244,8413,6.8
U0244,563708,6.4
U0244,901362,7.9
U0244,73,8.7
U0244,531428,8.3
U0244,798021,6.9
U0244,40047,6.5
U0244,39345,5.4
U0244,3088,9.3
U0244,1632,7.0
U0244,17591,7.2
U0245,397422,6.1
U0245,13497,5.9
U0245,15301,5.8
U0245,4912,6.4
U0245,673,8.4
U0245,7326,7.6
U0245,11134,7.2
U0245,266856,7.6
U0245,440249,5.3
U0245,442249,6.9
U0245,432976,8.1
U0245,11077,5.8
U0245,576845,6.8
U0245,501395,6.3
U0245,1585,8.3
U0245,1576,7.0
U0245,562,6.7
U0245,2355,6.8
U0245,84309,6.7
U0245,576920,6.8
U0245,1120911,6.1
U0245,11344,7.6
U0245,1291335,8.8
U0245,250480,7.6
U0245,8814,6.2
U0245,296096,7.8
U0245,333352,8.4
U0245,269955,5.7
U0245,333484,6.3
U0245,11852,6.5
U0246,11545,6.6
U0246,43367,6.2
U0246,637920,8.3
U0246,271706,7.8
U0246,12153,5.5
U0246,10543,6.7
U0246,1317672,6.3
U0246,9882,6.4
U0246,12761,7.6
U0246,545609,7.3
U0246,360814,9.4
U0246,12516,7.2
U0246,1159559,6.7
U0246,1027014,6.3
U0246,445651,8.1
U0246,935,8.4
U0246,9354,4.3
U0246,341013,5.4
U0246,686,8.4
U0246,11806,4.6
U0246,337401,6.6
U0246,206647,6.0
U0246,42801,7.6
U0246,85877,6.4
U0246,15789,7.0
U0246,433502,5.2
U0246,466272,6.8
U0246,70160,7.1
U0246,705,9.6
U0246,39435,7.1
U0246,820232,8.0
U0246,1018,5.6
U0246,28,7.3
U0246,18642,7.0
U0246,2291,6.5
U0246,15157,6.0
U0246,1546963,5.7
U0247,11860,6.5
U0247,798645,6.9
U0247,16331,7.3
U0247,10772,8.0
U0247,14128,5.5
U0247,10911,8.4
U0247,634524,6.6
U0247,799379,6.8
U0247,10975,7.3
U0247,5236,8.0
U0247,274,7.7
U0247,504949,7.9
U0247,181283,6.5
U0247,921,7.2
U0247,1083658,5.3
U0247,574475,5.3
U0247,601796,6.7
U0247,1054867,8.5
U0247,630004,8.5
U0247,68730,7.4
U0247,11694,7.0
U0247,2322,7.3
U0247,19994,7.5
U0247,9589,6.9
U0247,49797,8.0
U0247,181812,6.5
U0247,9522,6.7
U0247,7364,7.3
U0247,242582,8.5
U0247,11617,6.5
U0247,791177,8.8
U0247,39254,6.4
U0247,341174,6.1
U0247,11199,6.0
U0247,19426,7.3
U0247,200085,6.2
U0247,8769,7.4
U0248,9767,6.6
U0248,1412,6.6
U0248,667,5.2
U0248,387,7.1
U0248,278,7.2
U0248,1578,8.1
U0248,866398,6.7
U0248,302401,7.0
U0248,10633,8.4
U0248,76203,6.7
U0248,9386,7.0
U0248,11023,7.0
U0248,1061474,7.4
U0248,7972,8.0
U0248,726759,9.2
U0248,440596,7.9
U0248,85,8.1
U0248,10033,5.6
U0248,86834,5.6
U0248,408,7.0
U0248,942,6.6
U0248,76649,6.0
U0248,9081,8.3
U0248,1090,6.6
U0248,170,7.3
U0248,860159,8.3
U0248,1600,7.0
U0248,74643,8.5
U0248,5123,6.9
U0248,11199,6.9
U0249,2048,8.0
U0249,8290,9.5
U0249,68735,6.3
U0249,13345,8.9
U0249,2054,6.6
U0249,204,7.4
U0249,14926,6.5
U0249,333658,6.4
U0249,9769,6.8
U0249,10030,5.9
U0249,1297454,7.1
U0249,37797,7.8
U0249,16391,6.8
U0249,9922,5.7
U0249,762879,6.7
U0249,5279,5.9
U0249,569547,8.7
U0249,4495,8.2
U0249,83533,6.7
U0249,10398,6.6
U0249,103,7.3
U0249,38810,7.2
U0249,232672,6.8
U0249,209262,5.8
U0249,5967,8.0
U0249,726684,6.7
U0249,262,6.6
U0249,1791,8.1
U0249,1891,8.5
U0249,1448497,7.4
U0249,2770,6.9
U0249,12092,7.0
U0249,11797,7.1
U0249,332270,6.9
U0249,15360,5.7
U0249,439584,6.7
U0249,1084187,5.5
U0249,492188,8.5
U0249,777,8.6
U0249,19913,7.7
U0249,533514,7.6
U0249,363,6.0
U0249,818,6.1
U0249,18269,6.3
U0249,758009,6.1
U0249,804150,5.8
U0249,508642,7.0
U0249,1573,6.4
U0249,412117,7.2
U0249,10227,8.0
U0249,18329,5.7
U0249,10897,7.5
U0249,1538,6.3
U0250,985939,5.8
U0250,15767,8.2
U0250,299054,6.2
U0250,33701,7.6
U0250,11675,5.9
U0250,1087040,7.0
U0250,6916,6.9
U0250,398181,6.0
U0250,596161,7.7
U0250,369557,7.4
U0250,136400,5.9
U0250,6529,6.8
U0250,10510,6.8
U0250,38050,6.9
U0250,84309,8.3
U0250,150540,9.6
U0250,5255,6.5
U0250,710,6.1
U0250,597,7.3
U0250,11428,5.5
U0250,371738,7.6
U0250,12776,8.2
U0250,438478,9.3
U0250,1406,7.0
U0250,339987,7.2
U0250,3597,6.2
U0250,14784,7.7
U0251,347688,7.3
U0251,926606,7.4
U0251,1966,5.9
U0251,11228,5.0
U0251,1278101,8.1
U0251,76163,6.0
U0251,34148,7.7
U0251,591,5.9
U0251,82,6.0
U0251,16620,7.7
U0251,7131,6.4
U0251,369299,7.6
U0251,780,8.4
U0251,114168,7.2
U0251,1582770,8.1
U0251,12584,6.5
U0251,1026436,6.7
U0251,8426,7.8
U0251,18881,7.5
U0251,1267,6.4
U0251,10474,7.2
U0251,11898,6.5
U0251,387,8.2
U0251,1217584,7.6
U0251,201,6.0
U0251,795,6.7
U0251,660000,8.1
U0251,338676,5.0
U0251,1230368,6.9
U0251,426410,7.6
U0251,96,7.2
U0251,1126915,5.8
U0251,201811,1.5
U0251,11886,7.9
U0251,543753,6.4
U0251,712,6.2
U0251,4257,5.0
U0251,11497,7.2
U0251,283566,9.2
U0251,1325734,8.3
U0251,5336,7.3
U0251,42121,7.7
U0251,402900,5.9
U0251,11349,8.2
U0251,1571,6.8
U0251,14696,9.4
U0251,1635,6.4
U0251,823452,8.2
U0251,243,6.9
U0251,184,7.4
U0251,5000,6.9
U0251,375572,7.8
U0251,197796,6.7
U0251,12429,8.0
U0251,10585,6.0
U0251,601169,7.9
U0252,804,7.8
U0252,134375,4.2
U0252,590,7.2
U0252,1098006,6.2
U0252,410718,7.7
U0252,1249289,6.0
U0252,8697,6.8
U0252,889737,4.8
U0252,723072,6.1
U0252,2204,8.9
U0252,10186,4.5
U0252,402298,8.0
U0252,38117,6.4
U0252,1900,8.1
U0252,13885,7.8
U0252,877,7.1
U0252,13813,6.1
U0252,374205,8.1
U0252,575813,7.8
U0252,15244,7.4
U0252,629176,6.4
U0252,10882,7.3
U0252,39451,5.8
U0253,462677,8.8
U0253,4964,6.0
U0253,9541,7.1
U0253,75258,7.5
U0253,43002,6.7
U0253,11661,6.2
U0253,382614,8.4
U0253,39204,6.1
U0253,140823,6.4
U0253,20558,7.8
U0253,13053,7.4
U0253,81390,6.4
U0253,9802,8.7
U0253,17914,7.0
U0253,53344,8.1
U0253,499191,6.9
U0253,763215,7.2
U0253,3114,6.5
U0253,544401,7.5
U0253,407655,6.7
U0253,828613,8.0
U0253,1364608,6.0
U0253,8881,6.1
U0253,238636,6.5
U0253,33542,7.2
U0253,9257,6.6
U0253,68724,5.3
U0253,15714,6.3
U0253,18,8.6
U0253,14128,6.3
U0253,1440,6.9
U0253,11842,6.7
U0253,284052,7.9
U0253,8810,7.5
U0253,513427,7.3
U0253,986097,6.6
U0254,808396,5.5
U0254,11972,5.8
U0254,137,7.5
U0254,9907,6.9
U0254,11909,7.6
U0254,12501,7.4
U0254,22073,7.6
U0254,19959,6.2
U0254,10592,5.7
U0254,11886,8.0
U0254,643,6.9
U0254,185664,6.2
U0254,428045,6.6
U0254,1369,6.2
U0254,1082195,6.4
U0254,346648,6.7
U0254,84287,8.5
U0254,10400,7.9
U0254,874,8.4
U0254,249070,5.5
U0254,335,8.1
U0254,40047,6.8
U0254,440472,7.0
U0254,543753,7.9
U0254,11209,8.3
U0254,238713,6.8
U0254,845,7.7
U0254,513434,8.1
U0254,927342,9.6
U0254,13204,6.8
U0255,21032,7.8
U0255,282631,8.0
U0255,1891,9.0
U0255,1969,5.4
U0255,14132,6.3
U0255,2124,6.4
U0255,608,5.4
U0255,268092,9.2
U0255,8224,7.1
U0255,787699,8.3
U0255,1379963,5.9
U0255,10200,7.9
U0255,9543,6.1
U0255,3170,7.3
U0255,20391,6.7
U0255,42661,7.4
U0256,10242,9.0
U0256,205584,6.3
U0256,282848,9.3
U0256,6477,5.3
U0256,37301,7.3
U0256,14624,7.3
U0256,116711,6.8
U0256,820,7.5
U0256,279641,5.6
U0256,138832,6.7
U0256,10323,7.1
U0256,1084577,5.5
U0256,277216,8.2
U0256,42121,6.7
U0256,626332,9.1
U0256,37094,7.1
U0256,9461,7.0
U0256,41630,4.7
U0256,37853,7.0
U0256,146,7.5
U0256,1278263,6.7
U0256,1018,8.4
U0256,79,7.7
U0256,9870,7.0
U0256,2252,7.0
U0256,10867,7.1
U0256,17660,7.1
U0256,9504,7.4
U0256,11,8.7
U0256,1084242,7.4
U0256,9889,6.0
U0256,505058,7.0
U0256,11652,7.2
U0256,115290,6.0
U0256,7350,7.8
U0256,20760,7.1
U0256,179,6.0
U0257,493922,7.7
U0257,2657,8.6
U0257,4032,6.2
U0257,829280,8.0
U0257,77617,6.3
U0257,9767,6.4
U0257,508,8.0
U0257,371645,8.4
U0257,826914,5.7
U0257,792307,6.8
U0257,9664,6.6
U0257,1722,6.6
U0258,12477,7.6
U0258,3036,6.4
U0258,958263,6.8
U0258,1620,8.1
U0258,1883,8.6
U0258,308369,9.2
U0258,1185528,7.2
U0258,9618,5.9
U0258,338766,7.2
U0258,296,6.9
U0258,929590,6.7
U0258,335787,7.1
U0258,14160,7.2
U0258,897192,6.9
U0258,11971,5.8
U0258,73499,5.0
U0258,672741,7.8
U0258,169,5.9
U0258,12429,7.9
U0258,4836,7.1
U0258,345940,5.5
U0258,12162,8.2
U0258,576712,10.0
U0258,4587,7.6
U0258,306,5.8
U0258,1291659,4.5
U0258,50619,6.0
U0258,111934,5.1
U0258,1033148,5.0
U0258,9967,5.3
U0259,830784,5.1
U0259,1087040,5.9
U0259,509967,6.5
U0259,17474,7.0
U0259,4480,8.1
U0259,1156594,7.2
U0259,531158,9.0
U0259,993708,7.4
U0259,2768,4.7
U0259,1450527,7.5
U0259,2667,6.2
U0259,11324,7.4
U0259,38288,7.4
U0259,19576,6.6
U0259,280180,6.4
U0259,399360,6.1
U0259,12207,7.6
U0259,1541,7.2
U0259,407445,7.1
U0259,21500,6.7
U0259,928358,3.9
U0259,38643,7.4
U0259,967,7.9
U0259,508642,6.7
U0259,1001835,6.5
U0259,9350,8.3
U0259,397422,5.3
U0259,393457,5.9
U0259,70981,6.2
U0259,172385,7.6
U0259,10839,7.2
U0259,7451,3.9
U0259,545742,7.0
U0259,402,6.7
U0259,1159559,6.8
U0259,11253,6.8
U0259,300673,7.1
U0259,11360,7.1
U0259,492188,6.6
U0259,1669,7.9
U0259,531876,8.0
U0259,795607,8.7
U0260,41216,5.7
U0260,894169,5.7
U0260,10925,8.8
U0260,1734,6.1
U0260,183011,7.1
U0260,51997,5.5
U0260,38985,6.3
U0260,1359607,8.6
U0260,44921,6.6
U0260,14362,5.3
U0260,10065,5.7
U0260,19908,6.4
U0260,632322,8.6
U0260,33,7.5
U0260,838,5.7
U0260,33740,8.2
U0260,1287536,7.2
U0260,5879,6.7
U0260,209451,7.1
U0260,464593,6.4
U0260,153,8.5
U0260,33701,8.2
U0260,509967,6.4
U0260,2355,8.5
U0260,6145,7.5
U0260,363483,6.7
U0260,12780,7.6
U0260,9629,6.7
U0260,1148677,6.2
U0260,7552,6.6
U0260,407375,7.5
U0260,476968,7.3
U0260,7220,7.0
U0260,10618,7.1
U0260,957452,5.0
U0260,5511,8.6
U0261,614,8.6
U0261,1268,5.4
U0261,137,7.3
U0261,4477,6.4
U0261,809,7.5
U0261,405775,5.4
U0261,163,5.9
U0261,13855,7.0
U0261,276624,6.4
U0261,198375,9.0
U0261,1381216,5.5
U0261,297761,3.7
U0261,10015,6.3
U0261,1197306,6.5
U0261,1246049,8.0
U0261,13098,6.6
U0261,10586,8.3
U0261,11683,6.8
U0261,7870,6.9
U0262,605722,7.1
U0262,141,9.4
U0262,39013,6.8
U0262,37865,5.4
U0262,303857,6.3
U0262,217,6.5
U0262,1477565,4.9
U0262,392,7.0
U0262,11049,7.2
U0262,36648,6.3
U0262,844,8.8
U0262,997120,4.6
U0262,1195631,5.7
U0262,207933,6.6
U0262,21208,6.6
U0262,299,7.2
U0262,169607,5.7
U0262,10061,6.4
U0262,36670,6.1
U0262,9486,4.2
U0262,36724,6.8
U0262,440596,7.1
U0262,10708,5.1
U0262,241,7.5
U0262,2786,6.2
U0262,43837,6.1
U0262,626872,8.4
U0262,1063877,6.1
U0262,630004,7.2
U0262,13969,7.2
U0262,7305,7.4
U0262,4584,6.7
U0262,349158,7.6
U0262,1128650,5.9
U0262,339331,3.4
U0262,21835,8.0
U0262,5156,8.2
U0262,631143,7.0
U0262,334543,8.7
U0262,14831,6.2
U0262,11909,6.9
U0262,19404,9.9
U0262,412519,7.0
U0262,280092,7.7
U0262,335578,9.4
U0263,703771,6.9
U0263,7340,7.8
U0263,4256,6.3
U0263,426410,7.3
U0263,38684,7.7
U0263,1443940,7.4
U0263,12104,8.0
U0263,574638,7.6
U0263,5503,8.5
U0263,2300,5.5
U0263,636706,6.6
U0263,1677,6.9
U0263,271706,6.9
U0263,1724,4.3
U0263,1676,5.4
U0263,1591516,5.9
U0263,525,6.5
U0263,86000,6.4
U0263,242828,7.9
U0263,983,7.7
U0263,11428,5.5
U0263,606,6.5
U0263,21835,8.2
U0263,338970,6.5
U0263,6145,7.1
U0263,440021,6.1
U0263,9757,5.7
U0263,664280,9.0
U0263,793,6.8
U0263,271110,8.1
U0263,443791,6.8
U0263,267193,6.6
U0263,9954,6.1
U0263,15379,5.2
U0263,5902,7.0
U0263,727340,6.2
U0263,12405,9.1
U0263,10907,7.5
U0263,433498,5.8
U0263,8426,6.7
U0263,10501,6.9
U0263,302429,7.3
U0263,787699,7.1
U0263,4513,6.5
U0263,12208,5.0
U0263,8195,7.7
U0263,44853,4.9
U0263,203833,7.4
U0263,13655,6.6
U0263,939243,6.8
U0263,596161,6.5
U0263,1297454,6.6
U0264,10971,7.6
U0264,1352874,8.2
U0264,1147400,6.8
U0264,242,5.7
U0264,3021,6.8
U0264,10999,6.8
U0264,12761,7.1
U0264,1253000,7.0
U0264,18405,6.3
U0264,66195,5.3
U0264,8699,5.7
U0264,76025,6.9
U0264,42269,8.5
U0264,924482,5.8
U0264,16236,6.3
U0264,36685,7.8
U0264,78192,7.3
U0264,1051,8.8
U0264,5559,6.0
U0264,3088,8.4
U0264,17914,6.2
U0265,10019,6.2
U0265,13690,6.1
U0265,9907,6.1
U0265,3512,6.3
U0265,762,6.6
U0265,1592,7.9
U0265,2142,8.2
U0265,37710,5.6
U0265,11631,7.0
U0265,17664,7.3
U0265,296099,6.3
U0265,479455,5.6
U0265,11230,8.0
U0265,1589891,6.9
U0265,10358,5.8
U0265,205321,5.1
U0265,45001,6.5
U0265,36998,7.5
U0265,1902,6.4
U0265,70417,6.9
U0265,15691,7.6
U0265,34106,8.3
U0265,674324,7.0
U0265,80295,5.8
U0265,8881,7.3
U0265,9312,5.2
U0265,454,6.4
U0265,1103,6.8
U0265,9559,7.9
U0265,273059,6.3
U0265,242224,5.5
U0265,1362514,5.5
U0265,930564,7.2
U0265,435366,8.1
U0265,2925,6.6
U0265,604079,6.5
U0265,1640,6.7
U0265,1327862,8.1
U0265,9342,7.1
U0265,508943,7.8
U0265,527261,5.6
U0265,282758,8.1
U0265,389,8.5
U0266,1290821,5.5
U0266,535544,7.9
U0266,8848,6.4
U0266,3087,6.9
U0266,1022787,6.7
U0266,13183,8.2
U0266,15263,7.8
U0266,1265609,7.7
U0266,75674,6.3
U0266,2133,5.3
U0266,10195,6.7
U0266,1020006,6.6
U0266,38985,7.4
U0266,329505,6.1
U0266,49013,6.8
U0266,429351,4.9
U0266,12180,5.2
U0267,74465,8.3
U0267,831815,5.7
U0267,49047,6.1
U0267,438493,6.8
U0267,114150,7.3
U0267,3933,8.5
U0267,10010,8.1
U0267,335984,8.7
U0267,7299,7.5
U0267,34560,5.4
U0267,152742,7.8
U0267,497582,7.3
U0267,180863,7.5
U0267,509967,3.6
U0267,654,7.9
U0267,943,5.7
U0267,1450527,6.2
U0267,1032823,5.7
U0267,534490,6.2
U0267,489,7.8
U0267,950,7.1
U0267,1181678,9.6
U0267,3309,8.1
U0267,18,9.8
U0267,10515,7.8
U0267,209361,6.7
U0268,4481,6.5
U0268,14655,5.3
U0268,1378,6.3
U0268,9471,4.3
U0268,870,6.9
U0268,9591,6.6
U0268,4517,5.9
U0268,800,7.7
U0268,507244,5.6
U0268,559907,6.6
U0268,2756,6.8
U0268,163,6.9
U0268,16672,7.3
U0268,39323,8.1
U0268,533533,6.1
U0268,284427,9.5
U0268,662638,5.5
U0268,11972,8.3
U0268,1419826,8.4
U0268,9342,7.4
U0268,617,5.6
U0268,51822,6.7
U0268,547,5.6
U0268,935,7.2
U0268,11694,6.8
U0268,565276,6.3
U0268,72570,5.9
U0268,85877,7.1
U0268,18917,6.2
U0269,656690,7.4
U0269,3685,7.2
U0269,39939,6.7
U0269,12163,8.2
U0269,81167,6.0
U0269,616,7.4
U0269,11202,7.1
U0269,18069,6.7
U0269,11322,7.8
U0269,399055,8.6
U0269,9730,5.4
U0269,10398,6.6
U0269,173,8.2
U0269,11683,4.6
U0269,18,7.0
U0269,986056,7.4
U0269,112160,4.5
U0269,558449,5.6
U0269,1001835,7.6
U0269,504172,5.0
U0269,86461,3.3
U0269,14002,6.9
U0269,538604,6.4
U0269,11287,7.1
U0269,922,7.6
U0269,33320,8.4
U0269,399366,6.6
U0269,1352874,6.1
U0269,169881,7.2
U0269,11072,6.7
U0269,804370,8.1
U0269,14249,5.6
U0269,934456,7.3
U0269,14836,8.1
U0269,1643,7.5
U0269,299824,7.8
U0269,658,7.7
U0269,32823,7.0
U0269,773736,7.9
U0269,43947,7.8
U0269,11206,7.9
U0269,393624,7.0
U0269,13161,6.2
U0269,532327,7.2
U0269,736069,6.4
U0269,11379,6.0
U0269,381288,7.6
U0269,38732,6.9
U0269,9374,8.2
U0269,573171,7.6
U0269,339403,7.9
U0269,15764,7.0
U0269,15302,7.3
U0270,338803,6.4
U0270,184346,6.5
U0270,526702,7.4
U0270,508664,7.2
U0270,22,9.5
U0270,51888,7.5
U0270,10515,10.0
U0270,316727,6.4
U0270,11845,6.2
U0270,1233069,5.6
U0270,11033,7.8
U0270,17538,6.9
U0270,467660,6.6
U0270,1554,6.5
U0270,13252,6.2
U0270,269149,6.5
U0270,302528,7.5
U0270,49051,8.4
U0270,786,8.5
U0270,603661,8.3
U0270,22073,6.7
U0270,819,8.2
U0270,81390,5.5
U0270,488,7.9
U0270,6075,7.5
U0270,14114,5.6
U0270,507532,6.5
U0270,13696,8.7
U0270,20533,4.5
U0270,678,7.6
U0270,10142,6.0
U0270,497698,6.6
U0270,9778,6.7
U0270,3133,7.6
U0270,8832,7.4
U0270,8831,6.3
U0270,9609,8.2
U0270,424,9.2
U0270,33320,7.7
U0270,5175,5.8
U0270,13524,6.7
U0270,9404,8.9
U0270,1448560,6.1
U0270,396535,8.8
U0270,2034,7.8
U0270,470878,7.9
U0270,504608,7.1
U0270,382591,7.8
U0270,901563,7.8
U0270,301337,6.5
U0270,117263,6.6
U0271,1020696,7.4
U0271,862557,7.8
U0271,9482,6.6
U0271,2069,6.1
U0271,9587,7.8
U0271,33638,7.5
U0271,11560,6.0
U0271,55156,8.7
U0271,1418657,6.8
U0271,899405,7.9
U0271,13655,6.7
U0271,14158,6.0
U0271,2671,8.2
U0271,8703,8.3
U0271,277834,6.9
U0271,1902,6.5
U0271,68817,6.5
U0271,19186,7.3
U0271,714,5.6
U0271,1426776,8.2
U0271,826914,6.3
U0271,32909,6.9
U0271,35739,3.4
U0271,542178,6.7
U0271,336000,7.8
U0272,377,8.0
U0272,1391,8.0
U0272,210577,7.7
U0272,1164355,7.0
U0272,234,8.3
U0272,37247,7.0
U0272,3049,5.8
U0272,46004,5.8
U0272,177945,9.1
U0272,186,6.9
U0272,7442,6.1
U0272,10144,6.2
U0272,544401,8.6
U0272,537116,8.8
U0272,298618,7.6
U0272,13189,5.8
U0272,83389,8.0
U0272,1281,7.2
U0272,6978,8.0
U0272,4481,7.8
U0272,2668,6.4
U0272,513434,7.2
U0272,2428,5.8
U0272,11078,5.9
U0272,567604,6.5
U0272,1931,7.4
U0272,115290,6.4
U0272,10607,7.2
U0272,49049,7.2
U0272,117263,8.5
U0272,631842,4.9
U0272,10280,5.5
U0272,710295,6.7
U0272,189,4.5
U0272,458897,5.7
U0272,163,6.4
U0272,966220,6.0
U0272,223,6.9
U0272,335984,7.5
U0272,10538,6.2
U0272,17467,7.5
U0272,529216,7.2
U0272,674324,8.5
U0272,1103621,8.6
U0272,19082,7.2
U0272,105825,4.7
U0272,16305,6.6
U0272,9846,6.6
U0272,9268,5.4
U0272,67394,4.9
U0272,10671,6.3
U0272,364111,7.6
U0272,1934,7.4
U0272,285,7.3
U0273,1033148,5.6
U0273,329,9.4
U0273,9869,6.3
U0273,1020006,5.8
U0273,774825,7.2
U0273,2009,7.7
U0273,11704,5.2
U0273,11576,7.7
U0273,6878,8.1
U0273,9671,5.6
U0273,12254,6.2
U0273,426618,8.4
U0273,76025,6.2
U0273,1050035,7.7
U0273,19101,9.1
U0273,303991,6.3
U0273,333669,5.8
U0273,666277,8.2
U0273,282758,6.4
U0273,404,6.4
U0273,339987,7.3
U0273,18228,6.8
U0273,470,7.9
U0273,14353,5.0
U0273,68728,7.0
U0273,7551,7.4
U0273,8967,6.9
U0273,1333100,10.0
U0274,2657,8.6
U0274,497,8.1
U0274,12180,6.4
U0274,9595,7.2
U0274,2300,6.4
U0274,9461,7.7
U0274,396194,8.4
U0274,107257,5.7
U0274,120467,7.1
U0274,601796,6.6
U0274,346364,7.9
U0274,630,8.5
U0274,1379963,5.5
U0274,20334,9.5
U0274,9618,7.6
U0274,2359,7.6
U0274,508935,5.0
U0274,17664,6.9
U0274,12201,7.1
U0274,832502,6.3
U0274,11077,5.7
U0274,18642,6.8
U0274,84287,6.7
U0274,1100795,6.4
U0274,760873,5.5
U0274,15137,7.9
U0274,1058710,5.7
U0274,13004,8.6
U0274,593643,6.2
U0274,11656,7.6
U0275,624,7.1
U0275,18491,7.9
U0275,282035,5.1
U0275,674,7.7
U0275,15356,6.5
U0275,100042,4.7
U0275,3766,8.7
U0275,1949,6.5
U0275,1592,8.1
U0275,11321,6.2
U0275,958263,7.0
U0275,252,8.6
U0275,44639,8.8
U0275,573699,6.6
U0275,37327,6.9
U0275,10242,7.6
U0275,34106,8.0
U0275,6522,6.2
U0275,530254,6.6
U0275,502,8.3
U0275,446354,7.7
U0275,774752,7.8
U0275,9395,6.8
U0275,1908,7.6
U0275,1022690,7.0
U0275,695721,5.2
U0275,11011,6.6
U0275,13417,5.6
U0275,295237,6.7
U0275,12572,4.5
U0275,380225,8.4
U0275,653,6.7
U0275,759584,6.9
U0275,192,7.2
U0275,833425,7.5
U0275,274855,7.4
U0275,1094138,6.6
U0275,1561687,5.9
U0275,109424,7.5
U0275,5000,7.7
U0275,9090,6.7
U0275,10741,6.1
U0275,1087192,8.6
U0275,177945,6.7
U0275,37181,8.0
U0275,839369,6.7
U0275,389,8.2
U0275,51739,7.2
U0275,80794,5.4
U0275,11497,6.6
U0276,320,6.6
U0276,7299,7.5
U0276,10435,7.3
U0276,906126,7.2
U0276,85446,8.1
U0276,502,7.5
U0276,16052,6.4
U0276,241239,7.0
U0276,15263,7.1
U0276,534,6.0
U0276,567609,7.3
U0277,13754,8.3
U0277,853,8.1
U0277,70981,6.4
U0277,493922,6.8
U0277,9428,6.6
U0277,11249,4.9
U0277,65759,5.4
U0277,6435,6.4
U0277,10728,8.0
U0277,76757,6.1
U0277,9598,7.4
U0277,335984,7.2
U0277,3131,7.0
U0277,15167,6.5
U0277,68724,6.0
U0277,9374,9.1
U0277,338676,6.1
U0277,246741,8.3
U0277,1154538,9.9
U0278,600354,7.0
U0278,568124,7.7
U0278,11078,5.5
U0278,8374,8.0
U0278,13885,6.9
U0278,400106,7.0
U0278,1491902,7.9
U0278,2907,7.2
U0278,59,6.3
U0278,140823,8.2
U0278,10313,6.9
U0278,1419826,9.0
U0278,364220,6.4
U0278,1291335,7.2
U0278,10357,6.0
U0278,535544,6.7
U0278,139038,7.4
U0278,795,6.3
U0278,8643,7.6
U0279,2099,5.6
U0279,828947,6.7
U0279,2768,6.6
U0279,407375,6.0
U0279,16236,7.7
U0279,43042,6.5
U0279,557646,6.1
U0279,315011,7.6
U0279,1280,8.2
U0279,1022256,6.4
U0279,632727,6.5
U0279,411,8.2
U0279,763215,6.8
U0279,12481,7.2
U0279,567410,6.7
U0279,76617,5.0
U0279,12279,5.3
U0279,529203,7.1
U0279,11360,6.9
U0279,9741,7.0
U0279,76726,6.7
U0279,345911,7.0
U0279,13022,7.0
U0279,1000475,6.2
U0280,1366,7.7
U0280,2619,4.0
U0280,3111,6.8
U0280,82633,6.0
U0280,17431,6.1
U0280,8665,7.1
U0280,13002,8.2
U0280,83533,6.7
U0280,826510,7.2
U0280,763873,6.4
U0280,19576,7.2
U0280,8738,7.6
U0280,1081676,8.6
U0280,658,7.4
U0280,511987,6.2
U0280,476669,8.2
U0280,665,7.7
U0280,508947,8.3
U0280,12144,6.2
U0280,695,6.8
U0280,375262,6.3
U0280,533514,8.3
U0280,10890,6.0
U0280,8470,7.1
U0280,595975,8.2
U0280,796185,7.1
U0280,13386,9.1
U0280,709631,5.9
U0280,72559,5.8
U0280,4977,6.5
U0281,570670,8.1
U0281,11916,6.4
U0281,13207,6.0
U0281,1029330,6.1
U0281,2277,6.2
U0281,363483,6.9
U0281,14711,8.0
U0281,1160956,6.8
U0281,9800,8.3
U0281,3604,5.2
U0281,11003,7.5
U0281,464889,6.7
U0281,468284,8.4
U0281,1156594,7.6
U0281,13225,5.9
U0281,72753,4.8
U0281,11023,7.6
U0281,966220,7.4
U0281,346685,6.1
U0282,505192,8.3
U0282,8446,6.9
U0282,374720,7.8
U0282,1093995,6.2
U0282,175168,7.1
U0282,9909,7.1
U0282,62,7.5
U0282,1232827,6.3
U0282,44136,6.3
U0282,460885,9.1
U0282,637693,6.0
U0282,4480,7.0
U0282,509967,5.5
U0282,40047,6.0
U0282,67675,8.1
U0282,136,7.3
U0282,2605,7.1
U0282,19413,7.6
U0282,167,9.0
U0282,12311,6.8
U0282,42402,7.2
U0282,698687,8.1
U0282,16617,6.0
U0282,10882,7.5
U0282,308504,6.4
U0282,1159206,6.8
U0282,51739,7.5
U0282,676701,7.7
U0282,310307,7.4
U0282,11230,7.1
U0282,10637,8.0
U0282,17578,5.9
U0282,153158,6.5
U0282,561,8.1
U0282,4176,7.1
U0282,110160,6.9
U0282,35552,6.0
U0282,1396,9.6
U0282,18764,7.2
U0282,49687,6.6
U0282,7980,7.5
U0282,675445,5.9
U0282,108,7.3
U0282,856289,7.9
U0282,10007,5.7
U0283,2734,5.7
U0283,338762,5.8
U0283,15370,7.3
U0283,11209,7.2
U0283,183011,8.2
U0283,10875,7.9
U0283,216015,6.5
U0283,3597,6.2
U0283,13680,5.0
U0283,431530,5.6
U0283,928,6.2
U0283,7452,7.2
U0284,16664,6.5
U0284,1263012,7.0
U0284,329,6.8
U0284,4415,6.6
U0284,839,8.5
U0284,2062,7.0
U0284,76568,7.4
U0284,173185,7.3
U0284,20391,6.4
U0284,923,7.3
U0284,14362,6.5
U0284,736074,9.4
U0284,1265,6.6
U0284,245,7.7
U0284,512196,5.7
U0284,941,6.7
U0284,21734,7.4
U0284,964980,7.4
U0284,87421,6.4
U0284,936,7.1
U0284,1299655,6.8
U0284,70587,5.9
U0284,284019,6.9
U0284,985939,7.9
U0284,1451398,6.0
U0284,161,6.6
U0284,10830,5.6
U0284,504,6.5
U0284,47327,6.0
U0284,1059128,6.6
U0284,9353,6.4
U0284,926670,6.5
U0284,5879,5.9
U0284,17295,7.4
U0284,1579,6.6
U0284,1554,6.4
U0284,662707,7.5
U0284,2359,7.9
U0284,9837,5.7
U0284,409,7.9
U0284,950,6.9
U0284,1000475,6.6
U0284,489,8.0
U0284,921,7.5
U0284,475132,8.3
U0284,9359,7.5
U0284,66,7.5
U0284,466282,7.6
U0284,836225,7.0
U0284,13345,8.9
U0284,216156,7.5
U0284,11324,6.8
U0284,347123,6.1
U0285,369885,6.6
U0285,47423,6.0
U0285,311,8.7
U0285,401698,6.9
U0285,1083420,5.7
U0285,11686,6.3
U0285,1280450,5.7
U0285,535167,6.6
U0285,1131759,6.6
U0285,1677,8.8
U0285,471707,7.2
U0285,1059811,6.3
U0285,800,7.5
U0285,374720,6.6
U0285,85,7.5
U0285,7342,7.0
U0285,3604,5.1
U0285,443791,6.0
U0285,11570,6.6
U0285,567748,4.7
U0285,263471,5.9
U0285,20766,7.2
U0285,671583,7.9
U0285,1582770,8.3
U0285,14003,5.8
U0285,9816,7.7
U0285,70160,7.3
U0285,16391,6.3
U0285,1522377,9.3
U0285,399174,8.0
U0285,11824,5.4
U0285,1158915,6.6
U0285,347375,6.5
U0285,45523,8.8
U0285,1880,6.4
U0285,9693,7.7
U0285,20271,7.2
U0285,42661,4.9
U0285,800425,6.3
U0285,11071,7.4
U0285,1419406,5.4
U0285,6435,8.7
U0285,508883,6.5
U0285,16237,7.2
U0285,788,6.9
U0285,4977,9.3
U0285,966,8.3
U0285,253,4.5
U0285,9353,7.0
U0285,1382406,9.6
U0285,12279,6.1
U0285,202575,7.2
U0285,14,8.4
U0286,4421,5.9
U0286,870028,7.2
U0286,11881,7.3
U0286,55,7.3
U0286,39108,8.3
U0286,5336,6.5
U0286,393561,6.7
U0286,634544,6.9
U0286,839033,7.7
U0286,579245,7.5
U0286,1418657,6.3
U0286,405774,6.9
U0286,6795,4.6
U0286,17914,5.0
U0286,10912,7.1
U0286,3021,6.6
U0286,129,7.3
U0286,6476,6.4
U0286,401469,6.9
U0286,9461,7.6
U0286,673593,8.2
U0286,10951,7.2
U0286,12919,6.0
U0286,11679,5.7
U0286,50479,6.7
U0286,2322,6.6
U0286,9426,8.1
U0286,172329,5.3
U0286,1040,7.3
U0286,438457,6.2
U0286,9641,5.3
U0286,81796,7.1
U0286,44345,6.6
U0286,48855,6.0
U0286,49687,7.8
U0286,109439,6.1
U0286,412656,6.8
U0286,1003580,6.7
U0286,9487,5.9
U0286,1522377,7.6
U0286,428078,5.9
U0286,81774,6.0
U0286,234200,7.3
U0286,13161,4.8
U0286,11918,4.3
U0286,890825,7.2
U0286,594,8.2
U0286,11220,7.6
U0286,9836,4.8
U0286,459414,7.2
U0287,1126166,6.5
U0287,381341,8.0
U0287,1149947,8.7
U0287,1197306,7.2
U0287,14926,6.0
U0287,75,6.4
U0287,1147710,6.1
U0287,759175,6.4
U0287,11688,7.7
U0287,9619,5.7
U0287,180147,7.5
U0287,11602,7.9
U0287,1029330,8.2
U0287,1535,6.9
U0287,1034062,6.3
U0287,53064,6.0
U0287,462183,2.8
U0287,34544,6.4
U0287,103731,6.7
U0287,10661,4.9
U0287,11631,6.4
U0287,476292,7.4
U0287,16290,6.1
U0287,755898,4.0
U0287,81,8.5
U0287,834,6.7
U0287,574638,6.6
U0287,9894,7.3
U0287,305470,8.3
U0287,12716,6.2
U0287,480530,6.2
U0287,590,6.2
U0287,1265,7.2
U0287,659,6.6
U0287,20558,6.3
U0288,1040,9.5
U0288,115290,7.9
U0288,4912,7.3
U0288,9705,4.8
U0288,2769,8.4
U0288,1151334,6.7
U0288,11774,7.4
U0288,11853,6.5
U0288,1267319,6.3
U0288,13830,8.4
U0288,272,8.0
U0288,9411,6.7
U0288,11013,7.6
U0288,503,6.4
U0288,10423,7.5
U0288,10137,5.2
U0288,642538,9.3
U0288,1319895,7.5
U0288,77174,6.5
U0288,271706,7.7
U0288,71672,5.8
U0288,937278,7.4
U0288,16871,8.3
U0288,493100,6.1
U0288,802,7.9
U0288,297761,6.3
U0288,300673,6.4
U0288,671583,7.0
U0288,13825,6.2
U0288,986070,6.8
U0288,829280,7.5
U0288,943,6.0
U0288,319,8.1
U0288,11829,7.3
U0288,507241,6.5
U0288,13313,6.7
U0288,402331,7.4
U0288,2288,7.1
U0288,11202,6.9
U0288,138038,6.7
U0288,8831,6.4
U0288,399360,7.3
U0288,502,7.1
U0288,1511057,6.4
U0288,32985,5.7
U0289,1097311,7.3
U0289,295830,6.0
U0289,4234,5.1
U0289,66195,6.4
U0289,694,8.2
U0289,220,7.4
U0289,2013,7.0
U0289,1151334,6.4
U0289,22244,7.3
U0289,11948,7.6
U0289,2623,8.3
U0289,463252,8.3
U0289,9549,6.7
U0289,38543,5.2
U0289,9819,6.8
U0289,11362,7.5
U0289,16642,8.5
U0289,397567,8.0
U0289,513434,6.6
U0289,767,6.1
U0289,926670,8.5
U0289,9588,5.5
U0289,1643,5.7
U0289,20123,7.8
U0289,1330421,6.9
U0289,55157,7.0
U0289,19426,6.5
U0289,11902,6.1
U0289,899405,7.5
U0289,13350,7.3
U0289,9486,5.6
U0289,2712,7.7
U0289,9103,6.1
U0289,508763,8.8
U0289,759584,6.0
U0289,4024,7.8
U0289,513648,8.4
U0289,394117,8.6
U0290,6615,8.4
U0290,20829,7.1
U0290,281957,6.3
U0290,49040,5.2
U0290,20533,4.7
U0290,399055,6.9
U0290,1852,5.0
U0290,301337,4.1
U0290,399366,8.6
U0290,438674,7.2
U0290,524434,6.3
U0290,8470,7.4
U0290,1315303,4.7
U0290,597890,6.2
U0290,49020,6.9
U0290,1084199,6.1
U0290,705,8.9
U0290,567604,7.9
U0290,12615,6.7
U0290,2604,6.8
U0290,1280672,5.6
U0290,508003,8.7
U0290,339846,6.5
U0290,526051,5.9
U0290,1895,8.0
U0290,10229,7.5
U0290,542196,7.2
U0290,635302,8.8
U0290,16250,5.9
U0290,688,9.2
U0290,928,5.8
U0290,926606,6.3
U0290,839033,5.8
U0290,43347,7.8
U0290,2270,8.0
U0290,446791,7.9
U0290,10648,6.1
U0290,12100,5.3
U0290,1087040,6.6
U0290,984,7.0
U0290,1512623,6.6
U0290,9488,6.5
U0290,1057491,7.2
U0290,347629,6.9
U0290,117251,5.9
U0290,21334,8.2
U0290,644,7.9
U0290,956842,7.0
U0290,740966,7.1
U0290,814,6.1
U0290,11423,8.8
U0290,790,7.3
U0290,18823,5.1
U0291,772,6.9
U0291,49524,5.2
U0291,301502,5.6
U0291,10912,5.9
U0291,865,6.1
U0291,634524,6.0
U0291,268092,7.6
U0291,409297,5.7
U0291,347688,7.4
U0291,756397,6.7
U0291,8689,6.3
U0291,282758,8.5
U0291,739993,5.9
U0291,347201,7.5
U0291,333669,6.7
U0291,16236,6.0
U0291,3685,6.9
U0291,16995,6.1
U0291,285,7.9
U0291,101,9.3
U0291,16296,5.6
U0291,4951,9.7
U0291,553,8.1
U0291,10015,7.8
U0291,1879,7.8
U0291,701,7.4
U0291,503919,6.8
U0291,343668,8.3
U0291,7278,4.2
U0291,19,9.2
U0291,422,7.4
U0291,8277,6.5
U0291,12535,5.6
U0291,166424,4.7
U0291,251,6.1
U0291,14696,8.1
U0291,340666,7.6
U0291,337404,7.3
U0291,86331,7.8
U0291,11293,7.9
U0291,1263421,8.3
U0291,348390,6.0
U0291,1316092,5.8
U0291,36998,7.9
U0291,149,7.6
U0291,916,6.8
U0291,1913,7.3
U0291,9078,7.0
U0291,347626,3.8
U0291,9918,5.9
U0292,242,7.3
U0292,558655,7.0
U0292,934433,7.0
U0292,760161,6.7
U0292,315162,7.2
U0292,10897,6.7
U0292,18900,7.6
U0292,508933,7.7
U0292,12102,8.8
U0292,337170,6.6
U0292,398181,6.5
U0292,1710,6.9
U0292,1357633,8.6
U0292,427,8.1
U0292,9316,5.9
U0292,804370,7.0
U0292,1287536,7.3
U0292,331583,5.6
U0292,854,5.6
U0292,475,7.5
U0292,8738,5.4
U0292,564,6.2
U0292,162,9.2
U0292,512191,6.0
U0292,820,7.7
U0292,12289,6.3
U0292,9474,7.2
U0292,116149,8.3
U0292,409,7.1
U0292,80295,6.8
U0292,7870,6.1
U0292,15,9.4
U0293,392,6.8
U0293,1049471,5.4
U0293,8012,5.7
U0293,9100,7.4
U0293,20943,5.5
U0293,1512623,6.0
U0293,10754,8.6
U0293,1519168,4.8
U0293,45612,8.3
U0293,763,6.8
U0293,234,8.4
U0293,278924,5.8
U0293,49520,5.8
U0293,172329,5.7
U0293,591274,7.6
U0293,11459,7.3
U0293,132232,6.2
U0293,33320,8.4
U0293,8355,6.9
U0293,568012,6.4
U0293,209262,7.9
U0293,49530,6.2
U0293,1591516,6.7
U0294,680,9.4
U0294,18487,6.6
U0294,274854,6.1
U0294,17809,7.0
U0294,38396,6.7
U0294,13909,8.0
U0294,338967,7.8
U0294,820912,5.2
U0294,568124,8.0
U0294,863,7.8
U0294,132,6.8
U0294,797,6.8
U0294,736074,6.3
U0294,13475,7.0
U0294,11071,6.9
U0294,569547,7.5
U0294,16270,6.4
U0294,1029235,7.3
U0294,10618,7.2
U0294,6075,6.7
U0294,36724,7.5
U0294,20638,6.7
U0294,426410,7.0
U0294,46623,6.8
U0294,10150,7.8
U0294,8388,7.5
U0294,6643,5.5
U0294,54065,4.6
U0294,22201,5.7
U0294,1965,6.3
U0294,1255,6.9
U0294,13576,9.1
U0294,1263421,9.1
U0294,35,6.6
U0294,643,6.2
U0294,756397,7.6
U0294,1393151,6.9
U0294,10061,6.2
U0294,11617,7.0
U0294,927254,6.8
U0294,11713,8.2
U0294,1893,7.5
U0294,10781,7.6
U0294,158,5.8
U0294,44603,6.9
U0294,447404,8.2
U0294,76617,4.4
U0294,1032425,7.0
U0294,381890,7.2
U0294,278,10.0
U0294,687,6.4
U0294,77,8.5
U0294,376570,8.0
U0294,8065,5.7
U0295,10601,6.4
U0295,48650,6.3
U0295,530915,7.3
U0295,631,7.0
U0295,16194,6.8
U0295,11842,5.9
U0295,429210,8.2
U0295,440249,5.3
U0295,10019,7.2
U0295,10907,7.7
U0295,207,7.4
U0295,10057,6.4
U0295,7299,7.7
U0295,10935,7.5
U0295,8358,7.6
U0295,674,8.4
U0295,50698,5.3
U0295,9609,7.2
U0295,459414,7.9
U0295,508,6.1
U0295,407440,6.3
U0295,820609,6.3
U0295,9691,5.8
U0295,13,8.4
U0295,436969,7.6
U0295,800158,6.6
U0295,42884,5.9
U0296,4550,7.9
U0296,5968,5.7
U0296,14275,8.1
U0296,1327819,7.3
U0296,3175,7.2
U0296,12477,7.8
U0296,2268,5.5
U0296,1161617,8.6
U0296,5781,8.1
U0296,2123,5.3
U0296,293,7.1
U0296,138,8.4
U0296,630220,7.4
U0296,1026227,8.3
U0296,512200,6.4
U0296,8835,5.5
U0296,527435,6.9
U0296,535,4.7
U0296,283566,7.9
U0296,542196,6.8
U0296,13455,7.4
U0296,1927,6.5
U0296,13496,5.9
U0296,410718,7.8
U0296,18,7.5
U0296,204,8.6
U0296,610892,8.7
U0296,492008,6.6
U0297,1613798,6.9
U0297,8275,4.9
U0297,1715,7.5
U0297,1022453,5.8
U0297,38643,8.0
U0297,431693,7.0
U0297,375794,7.8
U0297,610461,7.4
U0297,480414,4.3
U0297,1190511,6.7
U0297,6145,7.6
U0297,9386,7.5
U0297,8069,6.8
U0297,491584,7.8
U0297,1272,6.7
U0297,8489,7.3
U0297,334541,7.6
U0297,762509,7.6
U0297,504,7.2
U0297,10935,6.8
U0297,18438,8.7
U0297,9479,8.9
U0297,7972,7.7
U0297,37034,6.1
U0297,467660,7.4
U0297,346698,6.4
U0297,11615,8.1
U0297,9268,6.1
U0297,16161,7.3
U0297,1825,6.6
U0297,82693,7.3
U0297,800,7.1
U0297,20778,8.1
U0297,11430,6.6
U0297,76568,6.9
U0297,1059064,6.3
U0297,6615,6.1
U0297,299,6.5
U0297,12088,6.9
U0297,16194,7.2
U0297,136795,7.4
U0297,115626,6.5
U0297,862739,3.7
U0297,13595,5.1
U0297,6073,6.5
U0297,371645,7.9
U0297,11247,6.1
U0297,14684,6.6
U0298,714,6.3
U0298,726684,8.8
U0298,447332,8.3
U0298,399057,8.7
U0298,238636,6.5
U0298,13335,6.0
U0298,374473,7.4
U0298,14433,6.8
U0298,337339,7.9
U0298,17663,7.4
U0298,10065,6.6
U0298,39202,8.2
U0298,133919,7.4
U0298,320,6.4
U0298,21832,7.1
U0298,329865,8.6
U0298,149870,8.8
U0298,1678,6.8
U0298,823482,6.7
U0298,11653,7.3
U0298,372754,7.4
U0298,11968,5.2
U0298,339403,5.9
U0298,10654,8.1
U0298,900,7.3
U0298,36568,5.6
U0298,12100,7.4
U0298,8077,7.4
U0298,1389149,4.5
U0298,68734,5.1
U0298,72213,6.7
U0298,347626,6.3
U0298,107846,6.9
U0299,38543,7.7
U0299,8413,7.2
U0299,9714,5.4
U0299,12761,7.2
U0299,432976,9.4
U0299,374461,6.1
U0299,8856,6.0
U0299,14674,5.6
U0299,664767,7.7
U0299,35564,5.2
U0299,9029,5.4
U0299,13935,5.3
U0299,13223,7.5
U0299,11690,7.6
U0299,1299655,7.4
U0299,1249213,6.6
U0300,507441,6.9
U0300,1151031,5.7
U0300,1029235,4.6
U0300,343,7.5
U0300,5994,8.1
U0300,345938,7.1
U0300,82507,5.6
U0300,1297763,9.4
U0300,314,4.1
U0300,818,5.3
U0300,502897,6.4
U0300,9522,6.2
U0300,2832,6.3
U0300,650,8.3
U0300,1296404,6.8
U0300,181533,6.0
U0300,897338,6.9
U0300,340945,4.8
U0300,400157,4.9
U0300,2978,7.0
U0300,12573,6.7
U0300,2503,8.4
U0300,565426,6.1
U0300,218726,6.5
U0300,1029575,8.6
U0300,10890,7.6
U0300,6557,5.7
U0300,10634,6.9
U0300,17431,8.3
U0300,568,7.1
U0300,460555,8.1
U0300,399035,7.3
U0300,86838,7.5
U0300,675327,6.2
U0300,13350,6.2
U0300,12244,6.8
U0300,12536,4.3
U0300,1069905,6.0
U0300,936643,6.8
U0300,4477,5.8
U0300,270303,5.2
U0300,440472,6.7
U0300,404733,5.3
U0300,768141,8.1
U0300,962232,9.1
U0301,20533,4.7
U0301,881,7.4
U0301,2758,6.5
U0301,4517,7.1
U0301,87818,5.3
U0301,302699,6.9
U0301,1083420,5.4
U0301,1232827,8.6
U0301,624,6.9
U0301,4970,5.2
U0301,19082,8.5
U0301,106164,7.8
U0301,13195,7.4
U0301,339877,7.4
U0301,442065,6.8
U0301,754,6.9
U0301,347123,6.0
U0301,9444,7.9
U0301,343,8.1
U0301,589982,7.2
U0301,239563,7.7
U0301,976,8.2
U0302,1088434,8.1
U0302,9348,6.3
U0302,8982,7.1
U0302,13528,6.9
U0302,13655,7.3
U0302,439058,7.6
U0302,1372,8.5
U0302,808,7.2
U0302,758323,7.5
U0302,10975,5.8
U0302,963,8.7
U0302,1223601,8.1
U0302,677179,8.3
U0302,311,10.0
U0302,10771,5.5
U0302,16391,7.4
U0302,654,7.8
U0302,4934,6.4
U0302,10137,6.3
U0302,1393151,7.6
U0302,834027,7.0
U0302,736769,7.4
U0302,10358,6.2
U0302,314,5.3
U0302,967847,5.7
U0302,18785,6.6
U0302,500,7.6
U0302,1058537,6.2
U0302,217,6.4
U0302,315162,9.2
U0302,437557,7.1
U0302,8204,6.0
U0302,507532,8.4
U0302,36095,6.4
U0302,74465,7.4
U0302,18823,5.1
U0303,38528,7.6
U0303,10860,5.8
U0303,635012,7.5
U0303,18069,8.6
U0303,934,9.0
U0303,622855,7.8
U0303,1949,8.3
U0303,19,7.5
U0303,301351,6.4
U0303,76025,7.4
U0303,13809,7.2
U0304,36557,6.9
U0304,988402,8.3
U0304,340666,6.3
U0304,9476,6.5
U0304,979,6.4
U0304,11416,8.4
U0304,10567,6.5
U0304,446893,7.0
U0304,613,7.7
U0304,115626,5.3
U0304,11972,8.2
U0304,460885,7.5
U0304,10030,5.5
U0304,37135,7.7
U0304,470044,9.0
U0304,5879,7.5
U0304,975,7.5
U0304,38117,7.6
U0304,9040,7.8
U0304,72331,6.2
U0304,11656,8.2
U0305,432836,7.8
U0305,175168,6.4
U0305,136241,6.9
U0305,13386,7.3
U0305,530915,7.6
U0305,346401,8.4
U0305,17529,6.1
U0305,668,8.6
U0305,800,7.9
U0305,10204,7.6
U0305,19901,6.8
U0305,527435,7.6
U0305,10044,6.1
U0305,333658,6.7
U0305,14674,8.4
U0305,1312946,6.6
U0305,7453,5.1
U0305,70821,5.7
U0305,19610,5.3
U0305,9671,6.6
U0305,1032823,5.7
U0305,395834,7.1
U0306,37137,5.1
U0306,41513,4.7
U0306,15015,7.5
U0306,347969,4.2
U0306,655,9.1
U0306,814,7.5
U0306,11658,8.9
U0306,791177,6.6
U0306,11968,4.8
U0306,4538,5.5
U0306,736069,7.4
U0306,204553,7.4
U0306,1280672,5.6
U0306,1028182,5.8
U0306,10336,5.5
U0306,9732,7.0
U0306,41857,6.2
U0306,1266127,6.9
U0306,76600,7.3
U0306,470,7.1
U0306,11209,7.5
U0306,636706,6.0
U0306,893712,6.3
U0306,14438,6.4
U0306,660120,6.1
U0306,1396,7.7
U0306,4034,6.5
U0306,38410,6.9
U0306,1904,7.7
U0306,336808,8.3
U0306,1103,7.8
U0306,507505,8.6
U0306,426543,6.3
U0306,14674,7.3
U0306,447277,6.2
U0306,249,6.6
U0306,9769,6.1
U0306,194,6.3
U0306,9428,6.7
U0306,1114967,7.3
U0306,77174,6.3
U0306,1093995,6.8
U0306,109428,6.6
U0306,9426,8.7
U0306,54186,8.5
U0306,10140,6.2
U0306,1388808,6.5
U0306,10400,6.0
U0306,20532,6.4
U0306,17529,8.1
U0306,606234,6.8
U0306,431530,5.3
U0306,393,8.9
U0306,603,7.7
U0306,1255,6.8
U0306,10549,7.1
U0306,762975,7.7
U0306,538362,9.0
U0306,13022,6.1
U0307,1422096,6.8
U0307,137116,6.7
U0307,1522923,6.9
U0307,16269,7.8
U0307,43074,5.5
U0307,116745,8.0
U0307,249070,6.0
U0307,9619,4.6
U0307,235,9.2
U0307,5966,6.8
U0307,10784,6.7
U0307,2671,7.4
U0307,381289,7.7
U0307,2770,5.6
U0307,901,6.2
U0307,502033,6.2
U0307,550,8.8
U0307,85350,7.9
U0307,559907,7.1
U0307,841,6.0
U0307,666,8.5
U0307,53932,5.9
U0307,1369,6.3
U0308,532408,5.3
U0308,696,8.7
U0308,86822,7.0
U0308,760104,7.3
U0308,9075,7.7
U0308,989662,7.5
U0308,162,6.7
U0308,800939,8.0
U0308,12477,9.1
U0308,1059064,7.4
U0308,147,7.9
U0308,201676,7.4
U0308,86834,4.4
U0308,1151949,6.9
U0308,929,7.3
U0308,436969,7.1
U0308,22215,6.7
U0308,962192,6.9
U0308,202575,6.2
U0308,504056,7.0
U0308,1391,7.4
U0308,15917,8.9
U0308,758724,6.2
U0308,377273,6.3
U0308,246,8.0
U0308,16910,6.5
U0308,8645,5.8
U0308,13830,7.7
U0308,335,9.3
U0308,21525,6.9
U0308,10946,7.6
U0309,2123,6.0
U0309,763164,5.9
U0309,576845,5.9
U0309,18917,6.5
U0309,281957,7.5
U0309,1865,7.1
U0309,334,7.7
U0309,298382,7.2
U0309,85446,7.1
U0309,435,5.9
U0309,397567,7.4
U0309,11893,7.1
U0309,5825,8.5
U0309,9600,7.2
U0309,508965,7.4
U0309,4553,9.0
U0309,1061699,6.9
U0309,15371,8.1
U0309,440161,5.9
U0309,593,5.8
U0309,68555,7.1
U0309,8699,7.2
U0309,10585,7.1
U0309,2105,7.3
U0309,773736,8.2
U0310,13345,8.2
U0310,38985,8.3
U0310,202575,5.7
U0310,413594,7.4
U0310,1018332,6.7
U0310,13528,6.9
U0310,11368,6.5
U0310,365177,5.3
U0310,9479,7.4
U0310,11293,6.9
U0310,11092,6.7
U0310,497582,7.7
U0310,1410082,5.5
U0310,10056,6.3
U0310,205587,6.7
U0310,238,9.1
U0310,16972,5.9
U0310,46195,6.6
U0310,1058710,6.1
U0310,1290417,5.7
U0310,404733,6.1
U0310,474395,7.6
U0310,12444,7.1
U0310,929204,8.1
U0310,4787,7.5
U0310,111934,4.8
U0310,680,7.2
U0310,15999,7.7
U0310,16391,6.5
U0311,594767,7.0
U0311,691179,8.0
U0311,335777,5.6
U0311,9364,6.3
U0311,114955,7.5
U0311,361745,6.0
U0311,71689,6.3
U0311,451,7.8
U0311,16619,7.0
U0311,1610413,8.1
U0311,459414,7.6
U0311,375366,6.1
U0311,522,7.2
U0311,363088,8.4
U0311,18764,6.8
U0311,14008,7.6
U0311,121,7.9
U0311,664236,4.7
U0311,43074,5.6
U0311,12429,8.1
U0311,9772,6.9
U0311,6114,7.0
U0311,436459,6.3
U0311,1419406,8.5
U0311,400617,8.5
U0311,1353333,5.3
U0311,14442,6.2
U0311,11814,6.1
U0311,544510,7.6
U0312,280217,6.7
U0312,11460,6.9
U0312,43090,6.6
U0312,66195,8.1
U0312,41154,6.9
U0312,11697,8.5
U0312,109445,6.6
U0312,20558,6.2
U0312,508,7.7
U0312,338,7.6
U0312,606117,5.6
U0312,1315986,6.8
U0312,4174,7.5
U0312,371608,3.9
U0312,1199193,5.5
U0312,68027,6.1
U0312,2619,6.5
U0312,312221,7.0
U0312,339,7.1
U0312,595975,8.1
U0312,504172,7.0
U0312,839369,6.2
U0312,629,8.2
U0312,8274,4.7
U0312,10618,6.2
U0312,1251717,6.5
U0312,508642,7.6
U0312,389,8.3
U0312,755566,7.2
U0312,1251,7.4
U0312,565276,7.4
U0312,532408,7.4
U0312,51540,7.2
U0312,9312,5.8
U0312,9800,7.5
U0312,680,7.6
U0312,1326106,8.0
U0312,19082,7.6
U0312,10054,4.6
U0312,11424,7.0
U0312,298094,7.2
U0312,1880,6.1
U0312,1234731,6.6
U0312,1147710,6.8
U0312,46528,6.4
U0313,3084,6.8
U0313,951491,7.0
U0313,963,8.9
U0313,534,5.9
U0313,12639,5.1
U0313,404,7.7
U0313,2668,7.0
U0313,3536,5.7
U0313,10027,7.0
U0313,982,7.4
U0313,335977,6.4
U0313,11224,6.6
U0313,17581,8.2
U0313,639,7.4
U0313,316029,7.9
U0313,1903,6.9
U0313,2897,7.0
U0313,1151272,7.6
U0313,393345,5.3
U0313,136795,7.0
U0313,33701,5.4
U0313,7249,7.6
U0313,40662,6.8
U0313,1392796,6.8
U0313,2005,6.1
U0313,283559,7.8
U0313,867,6.1
U0313,152,7.5
U0313,3021,6.1
U0313,13004,9.4
U0313,10772,6.1
U0313,608195,6.9
U0313,184345,6.1
U0313,14624,8.5
U0313,8488,7.8
U0313,703771,5.6
U0313,70,6.9
U0313,11646,6.9
U0313,376290,8.1
U0313,1266127,6.6
U0313,985,7.6
U0313,79,6.5
U0313,4964,7.7
U0313,299537,7.2
U0313,402693,8.7
U0313,11647,6.5
U0313,943,5.1
U0313,298382,7.7
U0313,184004,6.7
U0313,13320,6.2
U0313,610253,5.1
U0313,10537,5.9
U0313,1325734,8.4
U0314,498249,7.2
U0314,11368,7.4
U0314,100271,6.7
U0314,505642,6.1
U0314,20558,7.7
U0314,595841,6.7
U0314,10549,7.9
U0314,643882,5.4
U0314,395834,8.3
U0314,10045,8.3
U0314,284052,7.6
U0314,110415,7.6
U0314,430162,6.3
U0314,809,8.6
U0314,1372,7.4
U0314,15789,5.6
U0314,852370,5.9
U0314,755566,5.7
U0314,476292,7.7
U0314,798286,5.7
U0314,1083433,6.8
U0314,914,7.7
U0314,316152,6.3
U0314,9730,6.5
U0314,285,7.5
U0314,1134055,8.3
U0314,41003,7.8
U0314,927,7.9
U0314,8997,4.9
U0314,1291659,5.8
U0314,934,6.5
U0314,11046,7.0
U0314,281338,7.2
U0314,1134865,6.9
U0314,334,8.1
U0314,336804,7.6
U0314,443319,6.6
U0314,13690,6.0
U0314,946,7.2
U0315,755898,4.2
U0315,72387,5.4
U0315,701,7.1
U0315,399402,8.4
U0315,340945,6.6
U0315,5722,5.6
U0315,1000837,8.4
U0315,592834,7.8
U0315,1688,5.1
U0315,808023,5.9
U0315,8094,7.9
U0315,51482,8.8
U0315,550,7.6
U0315,1147416,7.7
U0315,36669,5.6
U0315,1427,7.2
U0315,821,8.6
U0315,4911,5.2
U0315,529216,7.4
U0315,799375,7.9
U0315,38360,8.2
U0315,671,7.0
U0315,10376,7.7
U0315,10638,6.4
U0315,440918,7.5
U0315,526896,6.1
U0315,72431,8.0
U0315,85350,7.4
U0315,4517,7.8
U0315,297761,6.0
U0315,589982,6.8
U0315,249397,6.8
U0315,377,8.4
U0315,338676,6.6
U0315,11005,8.7
U0315,730840,6.6
U0315,1119878,5.9
U0315,13027,6.5
U0315,630586,5.0
U0315,8738,7.0
U0315,10139,6.5
U0315,11971,6.8
U0315,727340,6.9
U0315,412117,8.4
U0315,15370,6.6
U0315,740903,5.0
U0315,430231,6.6
U0315,1223601,8.6
U0315,18079,8.7
U0315,508003,7.9
U0315,155,7.4
U0315,114955,8.0
U0315,14655,5.5
U0315,102651,5.8
U0315,1100099,8.6
U0316,10997,8.6
U0316,632,6.4
U0316,675327,5.2
U0316,9792,6.8
U0316,33273,7.2
U0316,407887,6.7
U0316,402298,6.1
U0316,34851,5.5
U0316,508883,5.3
U0316,7553,6.8
U0316,1033148,6.5
U0316,399170,7.5
U0316,14784,7.9
U0316,593910,7.6
U0316,73454,6.7
U0316,1923,7.5
U0316,11576,5.6
U0316,1252309,3.8
U0316,11081,7.7
U0316,22244,8.2
U0316,11007,5.8
U0316,13199,8.6
U0316,17529,7.6
U0316,14160,6.3
U0316,245916,6.8
U0316,828853,6.9
U0316,2619,5.1
U0316,1883,6.9
U0316,115626,5.1
U0316,829400,6.0
U0316,10139,7.0
U0316,19576,7.1
U0316,11528,6.8
U0316,11524,6.6
U0316,76163,6.1
U0316,100271,6.9
U0317,80295,6.5
U0317,466282,6.4
U0317,1357633,7.5
U0317,342473,7.0
U0317,20677,7.9
U0317,453,7.9
U0317,14262,5.9
U0317,7457,6.0
U0317,14069,7.6
U0317,500,7.0
U0317,702,7.7
U0317,48138,6.0
U0317,82675,6.4
U0317,155,8.7
U0317,1379963,6.2
U0317,150540,6.5
U0317,8388,6.8
U0317,8835,7.5
U0317,830,8.0
U0317,15070,7.2
U0317,1412,6.8
U0317,551,6.1
U0317,401200,6.1
U0317,601,7.4
U0317,11293,6.0
U0317,273895,7.8
U0317,6916,7.9
U0317,594634,9.1
U0317,78192,9.0
U0318,18333,7.8
U0318,299534,9.1
U0318,823,6.4
U0318,406385,7.1
U0318,16690,5.2
U0318,6003,7.4
U0318,1168719,7.5
U0318,11259,7.6
U0318,509598,6.6
U0318,1313003,6.0
U0318,8840,7.1
U0318,466282,6.5
U0318,943,7.0
U0318,4808,8.0
U0318,399366,8.5
U0318,164,6.7
U0318,4232,8.2
U0318,5915,7.9
U0318,395834,7.0
U0318,597922,7.0
U0318,1678,8.4
U0318,631143,8.0
U0318,592834,6.7
U0318,132363,7.5
U0318,998846,6.1
U0318,11824,6.8
U0318,16672,8.2
U0318,2486,5.4
U0318,41264,6.0
U0318,441168,6.6
U0318,920,6.6
U0318,14533,6.7
U0318,775996,6.0
U0318,1115544,7.1
U0318,346698,7.1
U0319,5966,6.2
U0319,300671,6.6
U0319,8329,6.5
U0319,39204,6.7
U0319,1725,7.4
U0319,709,6.3
U0319,1592,6.8
U0319,805,7.8
U0319,504172,7.4
U0319,1086747,6.4
U0319,4816,10.0
U0319,1252309,5.0
U0319,365222,7.0
U0319,2280,6.6
U0319,360603,7.4
U0319,245916,6.2
U0319,200085,7.9
U0319,20123,8.1
U0319,1086260,7.2
U0319,597922,7.3
U0319,10061,5.7
U0319,7512,5.1
U0319,1287322,6.6
U0319,41050,7.8
U0319,2268,5.3
U0319,17903,7.0
U0319,561,6.0
U0319,46064,6.8
U0319,2457,6.5
U0319,10764,7.0
U0319,115626,7.3
U0319,347123,6.9
U0319,925,8.5
U0319,1168719,7.6
U0319,1480387,6.2
U0319,10895,7.8
U0319,42337,7.3
U0319,14160,7.2
U0319,137094,5.8
U0319,8645,4.4
U0319,527641,9.5
U0319,396373,6.6
U0319,44214,9.3
U0319,284054,6.6
U0319,1293167,5.5
U0319,337339,6.0
U0319,1397364,8.0
U0319,20941,8.0
U0319,927342,5.9
U0319,12501,7.4
U0319,734858,7.2
U0319,11853,5.8
U0319,9645,7.1
U0320,115724,3.2
U0320,47327,6.4
U0320,21935,7.4
U0320,496243,8.1
U0320,19349,7.4
U0320,610461,8.6
U0320,1147400,8.2
U0320,460885,6.7
U0320,44639,8.9
U0320,864168,5.2
U0320,12139,7.1
U0320,434616,7.8
U0320,870360,7.3
U0320,2291,8.2
U0320,333339,9.2
U0320,16620,7.4
U0320,640344,8.4
U0320,262841,5.4
U0320,10192,7.1
U0320,8699,6.6
U0320,376660,6.7
U0320,494466,6.5
U0321,166428,8.4
U0321,6844,7.4
U0321,1029575,7.3
U0321,858017,6.2
U0321,432836,7.1
U0321,1000475,5.6
U0321,11023,8.1
U0321,296098,7.3
U0321,86837,6.8
U0321,13813,6.2
U0321,35552,8.0
U0321,17295,6.9
U0321,1158915,6.6
U0321,16174,6.6
U0321,899294,7.5
U0321,134375,3.6
U0321,21710,6.7
U0321,299534,7.9
U0321,1690,7.2
U0321,72573,6.1
U0321,10975,6.3
U0321,899112,7.9
U0321,401478,6.0
U0321,329996,7.5
U0321,431937,7.7
U0321,10971,5.7
U0321,2668,7.0
U0321,282041,8.4
U0321,900,7.7
U0321,592983,7.0
U0321,577922,7.4
U0321,14684,6.4
U0321,1125257,7.5
U0321,1620551,6.6
U0321,1228246,5.9
U0321,223,8.5
U0321,43074,5.0
U0321,76349,5.1
U0321,1847,6.8
U0321,86825,6.5
U0321,12536,4.4
U0321,676701,8.0
U0321,8738,5.6
U0321,1000837,8.8
U0321,19543,3.1
U0321,210726,6.2
U0322,11287,7.1
U0322,639,7.9
U0322,39382,5.7
U0322,429197,7.7
U0322,9946,5.8
U0322,11453,5.2
U0322,1590097,5.3
U0322,1153714,7.3
U0322,760336,7.7
U0322,68727,7.3
U0322,9350,6.4
U0322,111479,6.9
U0322,393729,6.9
U0322,338969,6.5
U0322,9660,7.6
U0322,763,6.8
U0322,20504,6.4
U0322,9441,7.2
U0322,3763,6.6
U0322,8920,5.5
U0322,200,8.1
U0322,11916,7.1
U0322,114,7.3
U0322,20558,6.9
U0322,86837,7.4
U0322,70345,3.9
U0322,530254,7.9
U0322,1904,8.3
U0322,101,6.5
U0322,65754,6.4
U0322,399057,6.4
U0322,505192,8.5
U0322,928270,6.6
U0322,10648,8.2
U0322,542196,7.5
U0322,48831,6.6
U0322,8333,7.2
U0322,1018,7.0
U0322,10947,6.5
U0322,436459,6.3
U0322,19576,7.2
U0322,216156,8.4
U0322,8290,8.2
U0322,708,6.9
U0322,80785,4.7
U0322,1233575,6.2
U0322,1397832,6.0
U0322,792307,7.2
U0322,1034541,6.8
U0322,1517772,6.7
U0322,98,8.0
U0322,10202,7.1
U0322,37094,6.6
U0322,628847,8.0
U0322,1083862,6.5
U0323,8290,7.9
U0323,807172,5.7
U0323,10585,5.3
U0323,567604,7.5
U0323,703,7.6
U0323,11621,6.8
U0323,10065,5.9
U0323,434203,6.7
U0323,543580,7.3
U0323,43949,8.0
U0323,501,6.7
U0323,70006,6.5
U0323,565276,6.1
U0323,18118,6.6
U0323,53182,5.1
U0323,8388,5.6
U0323,5680,9.0
U0323,22292,7.8
U0323,347969,5.3
U0323,10439,7.6
U0323,624479,7.3
U0323,333484,7.2
U0323,740996,9.0
U0323,11321,8.5
U0323,1581,8.4
U0323,616,7.3
U0323,12625,4.0
U0323,631843,6.7
U0323,15714,7.5
U0323,10586,7.8
U0323,195,5.4
U0323,33701,6.6
U0323,9919,7.5
U0323,153,7.9
U0323,440472,8.2
U0323,10538,5.5
U0323,11893,7.9
U0323,841,6.2
U0323,600354,8.0
U0323,701387,7.0
U0324,1598,9.0
U0324,534780,8.2
U0324,1124566,6.6
U0324,46838,8.6
U0324,9662,7.9
U0324,1131759,6.2
U0324,2662,7.4
U0324,11675,5.9
U0324,802,7.1
U0324,803104,6.6
U0324,782,8.1
U0324,378108,7.1
U0324,479,5.1
U0324,3595,6.4
U0324,6795,6.5
U0324,1214484,8.1
U0324,21734,6.7
U0324,44945,6.2
U0324,32856,6.3
U0324,12096,5.9
U0324,21242,7.5
U0324,597316,7.2
U0324,38199,7.4
U0324,14684,5.7
U0324,49530,8.4
U0324,3604,4.4
U0324,17903,7.6
U0324,77930,6.4
U0324,36568,5.6
U0324,575813,9.4
U0324,16619,7.9
U0324,9539,7.9
U0324,14282,7.5
U0324,396461,6.8
U0325,116745,7.2
U0325,16119,8.3
U0325,77617,6.4
U0325,106,7.8
U0325,196867,5.2
U0325,13980,7.9
U0325,381284,8.6
U0325,986070,6.2
U0325,173210,7.1
U0325,831405,7.7
U0325,414906,6.6
U0325,11778,7.5
U0325,84892,7.4
U0325,9471,6.6
U0325,856,8.2
U0325,19101,8.2
U0325,640344,8.9
U0325,1495694,6.7
U0325,8665,7.0
U0325,242828,7.3
U0325,734858,6.0
U0325,298250,4.7
U0325,9472,8.6
U0325,1196470,5.5
U0325,13648,7.5
U0325,300668,6.0
U0325,2204,8.6
U0325,71672,6.1
U0325,18785,9.0
U0325,533,7.8
U0325,1026227,9.0
U0325,36685,7.6
U0325,308504,6.4
U0325,14533,6.1
U0325,44018,6.6
U0325,988402,7.7
U0326,270487,6.1
U0326,1103621,9.2
U0326,464593,7.1
U0326,496450,7.1
U0326,1116,7.9
U0326,832964,6.2
U0326,19994,8.0
U0326,13528,8.0
U0326,664236,5.5
U0326,3604,5.4
U0326,990,7.3
U0326,2164,7.1
U0326,675,7.0
U0326,42252,4.9
U0326,9429,6.3
U0326,338967,8.0
U0326,640344,7.7
U0326,832502,6.6
U0326,928358,6.4
U0327,227,7.3
U0327,314,4.2
U0327,9530,6.9
U0327,76600,7.3
U0327,264660,8.4
U0327,595841,7.5
U0327,1418657,6.5
U0327,34480,5.1
U0327,2124,4.3
U0327,11372,5.8
U0327,1029575,7.2
U0327,3482,7.8
U0327,14863,3.6
U0327,16119,7.0
U0327,10096,4.1
U0327,475132,6.0
U0327,480530,6.9
U0327,39514,7.0
U0327,13576,7.3
U0327,33320,7.8
U0327,1694,7.1
U0327,339846,6.0
U0327,860623,7.4
U0327,10925,7.9
U0327,283366,6.9
U0327,180894,6.5
U0327,12477,7.5
U0327,268531,6.3
U0327,2204,7.3
U0327,41630,6.2
U0327,2134,7.3
U0327,871,7.5
U0327,244267,7.6
U0327,10336,6.3
U0327,81005,6.0
U0327,1127227,7.0
U0327,280092,5.4
U0327,172226,6.5
U0327,558,8.0
U0327,1147710,7.1
U0327,50014,9.1
U0327,439058,7.6
U0327,763873,6.5
U0327,20778,6.8
U0327,1353117,5.8
U0327,13935,7.2
U0328,2669,7.6
U0328,667520,7.9
U0328,592136,7.2
U0328,543836,7.6
U0328,195,7.3
U0328,10787,6.9
U0328,409,8.2
U0328,610892,9.1
U0328,136,6.5
U0328,1228246,8.6
U0328,539885,5.9
U0328,10925,7.3
U0328,800345,6.3
U0328,792,7.2
U0328,640,7.0
U0328,374473,6.7
U0328,6477,7.9
U0328,4929,7.5
U0328,1412,6.1
U0328,39207,5.8
U0328,1422096,6.0
U0328,923667,6.8
U0328,1212742,4.9
U0329,8012,6.6
U0329,19908,7.9
U0329,262543,5.2
U0329,399170,6.6
U0329,271706,6.2
U0329,10669,6.1
U0329,611291,8.8
U0329,14,6.4
U0329,7452,9.6
U0329,504172,6.9
U0329,1587,7.4
U0329,1295400,7.9
U0329,1403,5.8
U0330,16269,7.3
U0330,509,7.3
U0330,138038,6.8
U0330,538331,8.5
U0330,77949,5.6
U0330,4415,7.4
U0330,1410082,6.4
U0330,39323,8.3
U0330,174751,6.6
U0330,19173,5.4
U0330,10528,8.6
U0330,306819,6.9
U0330,17927,5.8
U0330,13633,7.2
U0330,176241,7.3
U0330,19912,6.8
U0330,6439,6.2
U0330,496,6.1
U0330,343611,4.5
U0330,73861,4.8
U0330,17111,7.0
U0330,36419,5.7
U0330,80785,4.5
U0330,762975,8.8
U0330,133121,7.1
U0330,33273,6.8
U0330,10775,8.0
U0330,16219,7.5
U0330,10719,6.8
U0330,10358,5.0
U0330,75174,6.9
U0330,508763,7.3
U0330,1278950,5.8
U0330,75674,8.4
U0330,2665,5.4
U0330,363,7.9
U0330,8997,5.5
U0330,55156,7.0
U0330,11549,5.9
U0330,2616,7.2
U0330,783,7.9
U0330,12600,7.4
U0330,1297842,7.5
U0330,52451,5.6
U0330,21575,7.8
U0330,12548,7.6
U0330,42619,6.6
U0330,10510,6.4
U0330,10431,5.1
U0330,901362,8.3
U0330,100402,7.9
U0330,87818,3.6
U0330,44018,7.0
U0330,303857,6.6
U0330,6950,5.4
U0330,13417,6.5
U0330,619,6.1
U0330,3176,8.4
U0330,1522923,6.6
U0331,39207,6.9
U0331,10540,6.6
U0331,38142,7.6
U0331,1116,7.4
U0331,13466,6.5
U0331,49444,7.0
U0331,13524,6.8
U0331,11040,6.7
U0331,1380415,6.1
U0331,37211,8.7
U0331,4291,7.2
U0331,138038,4.8
U0331,798286,7.6
U0331,757388,8.2
U0331,500664,7.8
U0331,1352874,6.7
U0331,16366,6.9
U0331,375794,5.9
U0331,919207,7.8
U0331,13417,6.3
U0331,460555,9.5
U0331,12233,7.4
U0331,9361,8.0
U0331,533535,7.9
U0331,378,7.3
U0331,446159,6.1
U0331,458897,6.9
U0331,639,7.0
U0331,112929,5.3
U0331,316727,5.7
U0331,1397832,5.1
U0331,11653,6.8
U0331,330127,6.7
U0331,85446,6.7
U0331,46738,7.2
U0331,1445363,9.3
U0331,503919,9.2
U0331,9665,8.2
U0331,2976,4.7
U0331,786,8.3
U0331,13321,6.8
U0331,6615,6.2
U0331,103663,8.2
U0331,1397364,5.5
U0331,181533,5.4
U0331,241239,7.3
U0331,14882,6.8
U0331,112160,5.6
U0331,788,8.5
U0331,2331,5.9
U0331,16119,7.9
U0331,10684,5.3
U0331,1417,7.3
U0331,502,7.6
U0332,1234731,6.0
U0332,512191,7.8
U0332,12155,7.1
U0332,21191,6.7
U0332,381288,8.8
U0332,75674,5.4
U0332,296099,6.8
U0332,8873,6.6
U0332,1890,6.0
U0332,322,6.8
U0332,11104,8.5
U0332,53344,8.7
U0332,896633,7.3
U0332,901362,7.6
U0332,1367,6.8
U0332,9361,7.8
U0332,7980,8.2
U0332,11549,6.3
U0332,1544,7.8
U0332,438650,7.2
U0332,379170,7.2
U0332,2433,7.5
U0332,163,6.0
U0332,46528,6.5
U0332,4477,6.9
U0332,9823,4.8
U0332,18287,6.5
U0332,463158,5.3
U0332,7862,7.5
U0332,409,5.9
U0332,414425,6.2
U0332,673593,5.0
U0332,18881,6.9
U0332,50032,8.1
U0332,8073,7.6
U0332,628,7.6
U0332,1561955,5.4
U0332,11575,7.2
U0332,333371,6.3
U0332,14786,6.2
U0332,400157,6.3
U0332,1117857,7.9
U0332,563708,8.2
U0332,453,7.5
U0332,334,8.8
U0332,6715,7.9
U0332,3049,6.9
U0332,205587,8.2
U0333,669,7.4
U0333,8009,5.2
U0333,34560,7.6
U0333,1035259,7.3
U0333,1354700,7.8
U0333,929,3.8
U0333,2457,7.4
U0333,508947,7.1
U0333,10096,6.1
U0333,9545,7.1
U0333,11216,8.4
U0333,1859,8.4
U0333,197796,6.4
U0333,550,8.7
U0333,1234811,6.6
U0333,957457,7.4
U0333,407887,5.4
U0333,1477565,5.5
U0333,730840,7.0
U0333,1884,5.5
U0333,1416391,5.0
U0333,375588,7.0
U0333,77877,8.5
U0333,1443576,7.4
U0333,71552,6.3
U0333,1586,6.3
U0333,8292,6.2
U0333,700391,4.5
U0333,346672,6.5
U0333,11577,7.2
U0333,11482,8.8
U0333,106,8.4
U0333,791373,10.0
U0333,461130,6.1
U0333,1062722,7.1
U0333,11013,6.4
U0333,10741,6.7
U0333,6312,6.9
U0333,332567,6.7
U0334,18069,7.0
U0334,2454,6.4
U0334,1029575,8.1
U0334,1158996,6.7
U0334,550,9.0
U0334,13811,6.0
U0334,12498,7.3
U0334,201,7.5
U0334,80321,7.7
U0334,11236,7.0
U0334,437068,7.7
U0334,1662,6.8
U0334,335983,5.5
U0334,637693,6.3
U0334,508442,8.4
U0334,1266,7.1
U0334,704239,5.9
U0334,109418,5.8
U0334,628847,8.0
U0334,3981,7.0
U0334,348390,6.4
U0334,924,8.5
U0334,763873,7.4
U0334,400155,6.0
U0334,220,7.1
U0334,35588,6.6
U0334,245913,7.4
U0334,339259,7.7
U0334,180314,5.4
U0334,602063,9.3
U0334,77617,7.3
U0334,535809,6.0
U0334,575452,7.3
U0334,2179,7.1
U0334,50789,6.0
U0334,177945,6.9
U0334,235271,7.4
U0334,926606,5.0
U0334,44639,7.0
U0334,797309,7.3
U0334,1904,7.6
U0334,17332,6.5
U0334,1265,6.8
U0334,300681,5.5
U0334,333484,5.5
U0334,14711,7.0
U0334,1124,7.9
U0334,10112,7.7
U0334,270303,8.5
U0334,280092,5.5
U0334,1252309,5.9
U0334,1579,7.0
U0334,2069,6.7
U0335,14684,5.4
U0335,337960,6.7
U0335,16995,7.0
U0335,469019,7.0
U0335,339927,6.1
U0335,406759,6.9
U0335,110354,7.3
U0335,216015,6.1
U0335,14433,7.1
U0335,431580,6.4
U0335,1248226,5.9
U0335,2355,7.4
U0335,4233,8.4
U0335,274870,7.3
U0335,48650,7.2
U0335,4497,7.0
U0335,9029,5.7
U0335,468284,5.5
U0335,668800,8.3
U0335,251,7.6
U0335,526,7.0
U0335,37233,6.8
U0335,13204,6.3
U0335,2621,6.6
U0335,333339,7.4
U0335,15657,5.0
U0335,1859,6.7
U0335,8094,7.4
U0335,9559,6.6
U0335,11453,5.5
U0335,1027014,8.8
U0336,178682,8.9
U0336,2669,4.9
U0336,13368,6.7
U0336,13700,6.5
U0336,50839,7.9
U0336,504,6.5
U0336,2064,7.9
U0336,1056444,6.8
U0336,11596,5.8
U0336,736069,7.9
U0336,430231,6.8
U0336,661331,7.6
U0336,601796,5.3
U0336,112929,6.9
U0336,21519,7.9
U0336,688,8.6
U0336,35019,6.9
U0336,2153,6.6
U0336,18228,7.4
U0336,172226,6.0
U0336,47813,6.6
U0336,16270,7.2
U0336,10771,5.3
U0336,4437,8.4
U0336,76492,5.8
U0336,10015,7.4
U0336,1628,7.6
U0336,2142,7.8
U0336,1017163,7.0
U0336,1091,9.6
U0336,773543,6.3
U0336,270303,6.3
U0336,11012,6.6
U0336,675445,7.0
U0336,10510,6.5
U0336,49524,5.9
U0336,1134865,7.1
U0336,407445,7.1
U0336,474350,5.6
U0336,1422,8.7
U0336,926606,6.0
U0336,1029235,4.7
U0337,371645,7.9
U0337,624932,7.5
U0337,330459,6.4
U0337,2605,7.3
U0337,20677,7.6
U0337,8065,6.0
U0337,446893,8.2
U0337,7553,6.2
U0337,1450599,7.9
U0337,736769,6.2
U0337,137116,6.4
U0337,609972,6.7
U0337,11678,5.7
U0337,109,7.8
U0337,48624,6.2
U0337,691179,8.4
U0337,1443576,8.0
U0337,68817,6.8
U0337,16113,6.7
U0337,9291,6.0
U0337,8703,6.7
U0338,2655,6.8
U0338,756999,6.4
U0338,591273,6.0
U0338,1029330,7.6
U0338,68722,6.8
U0338,1576,6.3
U0338,9660,6.9
U0338,10024,6.8
U0338,1151334,4.9
U0338,119283,6.3
U0338,76203,7.5
U0338,676,7.3
U0338,10220,6.1
U0338,6916,8.8
U0338,849,6.1
U0338,479455,5.8
U0338,667,7.2
U0338,579,7.0
U0338,9078,7.1
U0338,11460,5.8
U0338,9016,7.2
U0338,11282,7.0
U0338,1186532,7.9
U0338,16331,5.5
U0338,11635,7.7
U0338,13350,6.6
U0338,89,6.8
U0338,820,7.8
U0338,8982,7.9
U0338,44345,5.2
U0338,602734,6.5
U0338,86825,5.6
U0338,12162,7.9
U0338,44639,8.3
U0338,2605,7.9
U0338,409297,6.7
U0338,5236,6.4
U0338,6522,6.2
U0338,4550,7.8
U0338,1297763,7.1
U0338,11545,6.1
U0338,42661,6.0
U0338,36643,5.2
U0338,863,7.9
U0338,412117,5.9
U0338,52451,6.6
U0338,204553,6.8
U0338,414425,7.2
U0338,9806,8.5
U0338,2604,5.5
U0338,18269,7.2
U0338,447365,6.5
U0338,114150,6.3
U0338,13056,5.8
U0338,1635,6.5
U0338,35552,5.8
U0338,800939,6.3
U0338,11577,7.5
U0338,140823,7.9
U0339,169881,7.2
U0339,502,7.2
U0339,1592,8.6
U0339,49797,9.5
U0339,851,7.4
U0339,15384,6.7
U0339,269955,5.1
U0339,50032,7.4
U0339,9584,6.2
U0339,17483,6.7
U0339,496450,7.9
U0339,189,6.4
U0339,10620,5.0
U0339,661231,5.6
U0339,559,5.7
U0339,873,7.1
U0339,9101,6.0
U0339,10015,6.4
U0339,6476,4.8
U0339,462181,6.8
U0339,1542,5.9
U0339,44826,6.8
U0339,380,9.3
U0339,12208,5.3
U0339,15379,6.9
U0339,50531,7.7
U0339,75552,5.8
U0339,509598,5.9
U0339,1511057,7.2
U0339,659,6.4
U0339,136241,6.1
U0339,87421,6.1
U0339,899405,7.9
U0339,10735,7.2
U0339,387,7.4
U0339,508943,7.2
U0339,10186,5.9
U0340,241554,6.2
U0340,70160,6.2
U0340,763144,7.5
U0340,6003,7.2
U0340,812,6.8
U0340,140638,3.3
U0340,9404,7.9
U0340,1333100,9.0
U0340,412117,6.0
U0340,595841,7.3
U0340,434203,7.1
U0340,1029578,5.1
U0340,12783,6.9
U0340,13333,7.4
U0340,797309,7.3
U0340,54518,4.7
U0340,334543,8.0
U0340,9336,6.0
U0340,1233506,6.1
U0340,22073,6.6
U0340,265712,7.6
U0340,9823,3.5
U0340,429200,7.3
U0340,699102,6.2
U0340,400608,7.9
U0340,696506,5.7
U0340,366170,7.1
U0340,41154,7.1
U0340,9766,6.0
U0340,438674,6.8
U0340,6950,7.6
U0340,9714,5.2
U0340,79548,6.2
U0340,1263421,8.1
U0340,13909,7.2
U0340,9567,6.0
U0340,39486,7.2
U0340,657,7.0
U0340,1825,6.0
U0340,11113,7.7
U0340,1073,7.4
U0340,11661,7.3
U0340,1115544,7.3
U0340,542178,6.1
U0340,1245347,6.9
U0340,10336,6.5
U0341,1103,7.5
U0341,7500,8.2
U0341,293,6.6
U0341,22164,7.1
U0341,1291559,9.7
U0341,339927,5.9
U0341,838,6.9
U0341,872,8.8
U0341,80,7.2
U0341,134374,6.5
U0341,7840,5.9
U0341,18239,5.6
U0341,874,7.8
U0341,429450,8.0
U0341,338544,7.4
U0341,1056444,5.0
U0341,800345,6.0
U0341,310307,7.5
U0341,1155828,8.2
U0341,1061474,6.4
U0341,999136,7.1
U0341,701,8.0
U0341,382517,6.8
U0341,9725,5.5
U0341,545609,6.4
U0341,17431,5.5
U0341,2331,6.4
U0341,1234731,6.1
U0341,752,7.0
U0341,34106,8.6
U0341,12113,6.8
U0341,1884,5.7
U0341,15919,8.1
U0341,9559,7.2
U0341,511809,8.1
U0341,3981,4.7
U0341,296096,6.9
U0341,9509,6.5
U0341,1567,6.5
U0341,370172,6.7
U0341,894205,7.8
U0342,777,7.9
U0342,643215,6.5
U0342,2043,8.1
U0342,314,4.5
U0342,181283,7.2
U0342,693134,9.8
U0342,10911,7.0
U0342,11281,6.2
U0342,537061,8.4
U0342,9837,5.3
U0342,115724,3.4
U0342,40394,5.7
U0342,1246,5.9
U0342,551,6.3
U0342,138103,7.1
U0342,730009,6.9
U0342,51608,8.7
U0342,821881,6.5
U0343,937278,7.5
U0343,37317,4.4
U0343,332562,8.4
U0343,1255788,6.0
U0343,8940,6.1
U0343,402200,6.7
U0343,330459,8.7
U0343,38055,7.4
U0343,283366,6.0
U0343,427564,7.1
U0343,763,7.7
U0343,10528,8.8
U0343,696374,5.8
U0343,1653,7.5
U0343,900,7.5
U0344,527660,6.3
U0344,10015,7.9
U0344,10242,7.0
U0344,9595,5.9
U0344,1610413,7.3
U0344,654,6.9
U0344,762509,8.4
U0344,572154,7.5
U0344,10731,7.2
U0344,86889,5.7
U0344,473033,7.6
U0344,10948,6.8
U0344,464889,5.7
U0344,440596,7.7
U0344,48035,8.2
U0344,20533,5.6
U0344,11286,5.0
U0344,2055,6.2
U0344,1091,7.2
U0344,467905,6.6
U0344,575604,8.5
U0344,399057,7.8
U0344,9591,6.2
U0344,782,7.1
U0344,538362,8.6
U0344,106164,7.4
U0344,340102,6.9
U0344,5991,7.4
U0344,1233506,7.0
U0344,21542,8.6
U0344,240,10.0
U0344,962,8.4
U0344,9334,6.8
U0344,76649,5.0
U0344,17538,6.8
U0344,340945,4.6
U0344,564,5.5
U0344,158,6.3
U0344,1049471,4.7
U0344,963,6.8
U0344,16907,7.5
U0345,72559,7.4
U0345,9385,7.0
U0345,929590,8.0
U0345,1859,7.2
U0345,168,6.7
U0345,11976,6.1
U0345,9886,5.9
U0345,765172,4.9
U0345,42314,6.5
U0345,37317,5.0
U0345,76025,6.3
U0345,44048,6.1
U0345,938614,7.4
U0345,1646,8.3
U0345,505948,4.3
U0345,336808,9.2
U0345,3580,6.8
U0345,1081676,8.0
U0345,1669,8.3
U0345,332270,7.2
U0345,632,7.2
U0345,294963,7.4
U0345,755898,4.2
U0345,11575,6.3
U0345,6114,7.6
U0345,32985,6.7
U0345,21484,8.5
U0345,39514,4.4
U0345,71859,7.7
U0345,339527,5.5
U0345,1020969,7.2
U0345,380,7.6
U0345,166666,7.0
U0345,1230368,7.1
U0345,6477,5.3
U0346,480632,5.6
U0346,532327,6.6
U0346,426410,8.6
U0346,282035,4.7
U0346,10280,5.8
U0346,604,7.3
U0346,10654,7.3
U0346,232078,4.1
U0346,1063877,5.3
U0346,637,9.0
U0346,9593,6.2
U0346,11782,6.1
U0346,11978,7.4
U0346,960292,6.5
U0346,338803,6.9
U0346,11774,6.8
U0346,513310,7.1
U0346,1547,7.4
U0346,11450,8.5
U0346,1194963,6.7
U0346,427564,8.6
U0346,668482,8.2
U0346,506574,9.0
U0346,11030,7.6
U0346,371645,7.2
U0346,336,7.1
U0346,38,8.6
U0346,1480,7.9
U0346,2048,6.2
U0346,1930,6.1
U0346,39148,6.8
U0346,15859,6.6
U0346,136,6.7
U0346,402298,7.0
U0346,77950,6.2
U0346,526,9.6
U0346,76,8.2
U0347,568300,7.9
U0347,46738,7.7
U0347,9912,6.7
U0347,1051896,6.6
U0347,760741,8.3
U0347,393729,7.0
U0347,1911,8.2
U0347,118,6.4
U0347,115626,7.0
U0347,110420,7.7
U0347,724089,8.1
U0347,491633,6.6
U0347,639720,6.2
U0347,4771,7.7
U0347,10137,5.4
U0347,44853,5.5
U0347,448119,7.7
U0347,10322,8.4
U0347,6964,7.3
U0347,9593,6.1
U0347,632357,5.3
U0347,13188,7.3
U0347,535167,6.3
U0347,609681,4.4
U0347,278,7.5
U0347,10948,7.3
U0347,76285,7.3
U0347,901563,6.8
U0347,244088,6.4
U0347,55,8.1
U0347,1429520,6.6
U0347,841,6.0
U0347,723072,7.5
U0347,15384,7.1
U0347,103663,8.4
U0347,283445,5.6
U0347,282848,7.8
U0347,10159,7.5
U0347,1233575,7.3
U0347,10837,6.9
U0347,1097311,5.6
U0347,895,8.3
U0347,9408,5.5
U0347,281,6.9
U0347,379,7.1
U0347,2503,7.5
U0347,13151,6.9
U0347,4951,7.2
U0347,532814,7.4
U0347,1316092,6.2
U0348,9344,7.0
U0348,2925,8.8
U0348,643215,4.9
U0348,442065,6.1
U0348,4232,8.2
U0348,9919,7.3
U0348,381890,5.3
U0348,6615,7.1
U0348,49517,6.4
U0348,37707,4.9
U0348,14533,6.4
U0348,370172,7.5
U0349,203833,7.4
U0349,364137,7.7
U0349,39486,8.7
U0349,11016,8.7
U0349,634649,7.4
U0349,6479,7.5
U0349,1154538,7.7
U0349,762,8.0
U0349,2669,7.8
U0349,10153,6.5
U0350,668742,8.5
U0350,16619,8.5
U0350,149,7.4
U0350,499701,6.8
U0350,369972,7.7
U0350,216,7.6
U0350,695721,8.3
U0350,4488,6.2
U0350,184314,8.6
U0350,10510,7.7
U0350,862551,5.7
U0350,410718,8.3
U0350,1155089,7.2
U0350,637693,6.5
U0350,7452,8.0
U0350,12169,7.3
U0350,698438,5.5
U0350,947,8.0
U0350,37347,6.5
U0350,12501,7.5
U0350,22215,5.5
U0350,37719,5.3
U0350,1120911,7.5
U0350,72559,5.5
U0350,12496,6.8
U0350,703771,5.3
U0350,1093995,6.3
U0350,376570,7.0
U0350,84362,4.7
U0350,669,6.3
U0350,134375,5.0
U0350,4256,7.2
U0350,402,8.2
U0350,1259,7.8
U0350,396371,8.7
U0350,724209,6.8
U0350,926670,6.3
U0350,401469,7.4
U0350,399055,7.8
U0350,303,6.5
U0350,247,6.3
U0350,11205,6.8
U0350,19898,6.8
U0350,4638,8.5
U0350,11130,5.9
U0350,447273,2.9
U0350,1883,6.6
U0350,40807,6.8
U0350,14410,6.8
U0350,4235,7.4
U0351,96,7.1
U0351,13909,6.5
U0351,9567,8.7
U0351,1100782,5.9
U0351,1512623,7.1
U0351,11358,5.6
U0351,9584,6.2
U0351,508883,6.5
U0351,80274,8.5
U0351,37686,6.8
U0351,223,7.1
U0351,1094138,5.6
U0351,1216191,6.5
U0351,10734,6.9
U0351,18892,7.2
U0351,39451,6.2
U0351,8043,6.1
U0351,1675,8.3
U0351,34732,6.9
U0351,41841,5.8
U0352,77016,7.3
U0352,370663,6.1
U0352,112205,5.8
U0352,1051,7.2
U0352,41823,7.4
U0352,756,8.7
U0352,631143,6.0
U0352,12651,6.8
U0352,76600,8.9
U0352,302156,4.8
U0352,1092,9.1
U0352,1417,8.5
U0352,39203,7.4
U0352,13654,6.1
U0352,2054,5.8
U0352,180299,9.0
U0352,792293,7.3
U0352,15512,7.4
U0352,625561,6.9
U0352,1394,8.1
U0352,962232,8.0
U0352,51822,7.3
U0352,10843,8.3
U0352,360784,8.3
U0352,570503,8.7
U0352,803700,6.4
U0352,339846,6.8
U0352,10515,6.8
U0352,804150,6.3
U0352,59,6.9
U0352,1585,8.3
U0352,52345,6.7
U0352,86837,7.6
U0352,9516,8.0
U0352,2105,6.1
U0352,664236,6.4
U0352,11321,7.5
U0352,774531,8.8
U0352,919207,8.7
U0352,112160,4.5
U0352,682,6.6
U0352,9913,7.2
U0352,7944,6.5
U0352,75656,7.6
U0352,68722,7.6
U0352,9535,6.7
U0352,722926,3.9
U0352,828613,7.9
U0352,466081,5.7
U0352,150689,4.8
U0353,339987,6.5
U0353,316029,7.8
U0353,76726,6.0
U0353,45752,7.4
U0353,2669,7.1
U0353,250546,5.6
U0353,499,7.7
U0353,488,6.6
U0353,73499,5.6
U0353,577922,7.3
U0353,21835,8.8
U0353,5544,7.2
U0353,429351,7.8
U0353,1354627,5.4
U0353,302528,5.7
U0353,17057,6.6
U0353,11797,4.4
U0353,438799,6.6
U0353,1197306,6.7
U0353,2134,7.8
U0353,10651,5.8
U0353,12180,5.4
U0353,5070,5.1
U0353,11113,8.5
U0353,5156,7.3
U0353,567189,5.3
U0353,780,9.4
U0353,343674,6.1
U0353,534490,6.6
U0354,827,8.6
U0354,893694,5.1
U0354,2294,6.7
U0354,591278,6.0
U0354,957452,6.4
U0354,1396965,7.6
U0354,921,7.5
U0354,58,7.2
U0354,1082195,7.0
U0354,66150,6.6
U0354,13053,7.9
U0354,9823,4.4
U0354,947,7.5
U0354,111969,6.6
U0354,68728,6.2
U0354,1032425,5.8
U0354,14674,6.9
U0354,20421,5.1
U0354,409,6.7
U0354,839,7.2
U0354,428045,6.1
U0354,2085,5.2
U0354,1364608,5.7
U0354,2976,5.9
U0354,1680,7.0
U0354,1632,7.5
U0354,40096,7.4
U0354,920,7.4
U0354,1493859,6.9
U0354,6522,6.7
U0354,47933,4.3
U0354,400157,5.4
U0354,10010,5.6
U0354,771077,8.8
U0354,11835,8.0
U0355,1360,6.3
U0355,1477565,6.1
U0355,8337,7.5
U0355,656690,6.4
U0355,246741,6.4
U0355,440249,5.3
U0355,19959,6.5
U0355,15383,8.9
U0355,169813,7.4
U0355,696157,7.0
U0355,399035,6.4
U0355,400155,7.2
U0355,957457,8.0
U0355,1388808,6.1
U0355,488,6.5
U0355,311,8.0
U0355,164,6.0
U0355,265180,7.8
U0355,504949,7.9
U0355,35122,5.7
U0355,65851,6.1
U0355,858024,8.1
U0356,536841,8.6
U0356,283366,7.6
U0356,282758,6.9
U0356,334,8.0
U0356,83542,6.8
U0356,11452,5.1
U0356,18978,7.9
U0356,440471,5.2
U0356,8053,7.4
U0356,430,7.3
U0356,10377,7.0
U0356,3049,6.6
U0356,19223,8.9
U0356,641,7.4
U0356,11336,7.7
U0356,11798,6.6
U0356,1894,6.3
U0356,141679,6.6
U0356,11653,6.6
U0356,1426306,8.5
U0356,19912,4.6
U0356,51822,8.0
U0356,70841,7.6
U0356,557,6.4
U0356,1416391,5.6
U0356,1859,8.3
U0356,740985,6.5
U0356,9348,5.8
U0356,11134,8.1
U0356,1156593,5.8
U0356,404,6.5
U0356,15512,7.6
U0356,1027014,8.2
U0356,70160,6.5
U0356,341013,6.5
U0356,75552,5.7
U0356,20875,6.7
U0356,16633,7.6
U0356,13909,7.6
U0356,12405,7.8
U0356,412117,7.4
U0356,2026,6.7
U0356,50014,7.4
U0356,13252,6.6
U0356,17803,6.1
U0356,309809,7.1
U0356,710295,5.7
U0356,10184,6.3
U0356,6916,8.2
U0356,284052,8.1
U0356,38365,5.7
U0357,688,6.3
U0357,408,6.4
U0357,1450527,6.2
U0357,828613,7.5
U0357,12481,6.5
U0357,4413,6.9
U0357,765172,6.9
U0357,136,8.4
U0357,15370,6.8
U0357,398181,6.6
U0357,82682,5.7
U0357,1212855,7.2
U0358,44691,6.2
U0358,41180,6.0
U0358,402431,5.8
U0358,267935,6.9
U0358,9603,7.0
U0358,364111,7.1
U0358,5966,4.7
U0358,10054,6.4
U0358,55,7.3
U0358,269509,7.4
U0358,20638,7.2
U0358,606679,6.0
U0358,6068,6.6
U0358,11948,7.6
U0358,736074,7.2
U0359,1029235,5.7
U0359,999621,6.1
U0359,15846,5.1
U0359,638,7.4
U0359,430447,8.0
U0359,6479,7.3
U0359,667538,7.2
U0359,871,7.5
U0359,9344,4.1
U0359,147,8.0
U0359,14223,6.1
U0359,1253000,5.9
U0359,1151031,7.5
U0359,395,7.0
U0359,76203,7.9
U0359,218746,4.2
U0359,535292,5.7
U0359,239,9.9
U0359,76696,9.2
U0359,630566,9.6
U0359,1023922,6.0
U0359,116149,5.5
U0359,999644,7.6
U0359,922,6.5
U0359,664416,7.4
U0359,8094,8.0
U0359,714,6.3
U0360,284019,6.9
U0360,77930,6.3
U0360,15739,6.3
U0360,11963,8.3
U0360,165213,7.8
U0360,14729,6.4
U0360,4034,7.9
U0360,439,9.1
U0360,574,7.6
U0360,7451,6.0
U0360,437342,5.5
U0360,9769,7.9
U0360,296098,5.7
U0360,504,6.1
U0360,235,7.1
U0360,1729,5.4
U0360,11610,8.0
U0360,1903,8.3
U0360,367544,5.8
U0360,9362,6.7
U0360,1092,7.5
U0360,533642,5.6
U0360,426063,8.3
U0360,796499,7.6
U0360,17578,6.7
U0360,44244,5.8
U0360,9552,8.5
U0360,75,6.7
U0360,755,7.5
U0360,454,7.4
U0360,50619,6.2
U0360,9349,5.9
U0360,10982,5.6
U0360,338958,7.1
U0360,20312,7.7
U0360,962232,8.1
U0360,441130,7.4
U0360,17483,6.7
U0360,2270,5.9
U0360,1233413,9.7
U0360,15916,8.0
U0360,1428862,6.3
U0360,13562,9.3
U0360,9896,6.8
U0360,13151,7.9
U0360,16996,6.7
U0360,832,9.8
U0360,77949,6.5
U0361,831815,5.5
U0361,209112,6.5
U0361,2503,8.8
U0361,76,7.9
U0361,436270,7.5
U0361,86822,6.7
U0361,675353,7.2
U0361,51822,9.2
U0361,639721,7.3
U0361,505642,6.4
U0361,1126166,7.2
U0361,823452,7.4
U0361,298094,4.3
U0361,13483,6.6
U0361,20421,5.8
U0362,10340,7.8
U0362,446791,7.6
U0362,429450,7.6
U0362,625,6.8
U0362,11296,6.5
U0362,494466,7.5
U0362,9100,5.6
U0362,138697,6.3
U0362,1064213,6.3
U0362,1215162,6.5
U0362,1158915,6.5
U0362,74308,7.0
U0362,13597,6.7
U0362,400106,4.5
U0362,592695,6.0
U0362,138843,8.1
U0362,121,8.9
U0362,11236,8.1
U0362,379149,6.6
U0362,17927,6.4
U0362,508947,6.5
U0362,198375,7.8
U0362,672035,6.1
U0362,818,6.4
U0362,1291335,8.4
U0362,1148677,6.4
U0362,638449,8.7
U0362,118340,8.6
U0362,3635,6.0
U0362,3001,8.2
U0362,1087040,5.3
U0362,9900,6.2
U0362,872585,7.6
U0362,705,7.3
U0362,1354627,7.2
U0362,39414,6.7
U0362,17483,5.6
U0362,8247,6.0
U0362,927,7.1
U0362,525041,5.8
U0362,2662,5.9
U0362,264644,8.2
U0362,538604,5.9
U0362,9408,7.6
U0362,1272,7.2
U0363,283995,6.9
U0363,1232449,9.3
U0363,923632,7.9
U0363,395000,4.1
U0363,604,8.2
U0363,506281,6.6
U0363,961268,6.0
U0363,598,8.5
U0363,11527,6.0
U0363,9693,8.8
U0363,1315303,8.1
U0363,1788,6.6
U0363,172226,5.7
U0363,1168709,7.0
U0363,668800,6.6
U0363,479626,7.7
U0363,410119,5.9
U0363,5680,5.8
U0363,11906,7.4
U0363,7944,6.2
U0363,1000475,5.6
U0363,274109,7.0
U0363,927,7.0
U0363,9359,7.6
U0363,823625,7.4
U0363,1715,6.9
U0363,367544,8.0
U0363,339964,5.8
U0363,11570,8.5
U0363,238615,7.5
U0363,1354627,6.5
U0363,8073,5.7
U0363,67342,8.2
U0363,19101,7.6
U0363,41283,6.9
U0363,397520,7.7
U0363,10178,6.9
U0363,409297,6.2
U0363,39203,7.7
U0363,18978,7.1
U0363,900,8.1
U0363,1196067,5.7
U0363,16296,9.0
U0363,574475,7.4
U0363,435901,4.7
U0363,533592,7.7
U0363,967,8.1
U0363,80219,5.5
U0363,820,8.3
U0363,9900,7.6
U0363,81401,9.0
U0363,201088,6.1
U0363,14533,6.1
U0363,308531,6.0
U0363,44603,5.5
U0363,807,9.4
U0363,1115544,6.6
U0364,38286,9.1
U0364,39205,6.6
U0364,9889,5.5
U0364,87827,7.1
U0364,12900,8.7
U0364,298618,6.3
U0364,33701,6.9
U0364,70160,6.9
U0364,338953,7.0
U0364,9473,7.7
U0364,11130,6.9
U0364,37735,5.2
U0364,11012,5.9
U0364,4538,6.5
U0364,15764,6.7
U0364,50014,6.8
U0364,1522377,7.3
U0364,180314,5.4
U0364,619,8.4
U0364,1117857,5.4
U0364,308266,7.2
U0364,560057,6.8
U0364,937287,6.4
U0364,2517,6.2
U0364,103731,6.9
U0364,558655,7.5
U0364,20875,7.7
U0364,983,6.4
U0364,18660,7.7
U0364,3116,8.1
U0364,134350,7.2
U0364,47002,9.0
U0364,1029578,6.4
U0365,13,8.8
U0365,438478,6.1
U0365,11428,6.0
U0365,42269,8.9
U0365,800,7.6
U0365,808,7.6
U0365,9882,6.6
U0365,874,9.0
U0365,69315,8.9
U0365,84287,9.1
U0365,45588,7.4
U0365,985939,8.5
U0365,11113,7.7
U0365,33638,5.6
U0365,140638,5.6
U0365,805195,6.9
U0366,544510,8.4
U0366,460555,7.5
U0366,1710,7.9
U0366,11259,6.4
U0366,1035048,7.0
U0366,9846,8.2
U0366,664416,7.3
U0366,36568,6.7
U0366,1426306,5.1
U0366,52451,5.2
U0366,10515,6.6
U0366,9641,6.5
U0366,574151,7.4
U0366,14831,5.8
U0366,37094,6.9
U0366,76338,7.1
U0366,1214931,5.7
U0366,1083637,5.7
U0366,173185,6.6
U0366,11420,6.0
U0366,1293167,6.2
U0366,14008,6.1
U0366,47423,4.9
U0366,701,8.9
U0366,80295,6.4
U0366,335983,7.8
U0366,374720,7.5
U0366,13680,6.8
U0366,9532,6.0
U0366,953300,4.9
U0366,2655,7.0
U0366,1362315,5.2
U0366,1494,7.5
U0366,926393,7.2
U0366,604,5.9
U0366,360814,9.6
U0366,11072,4.7
U0366,2056,7.8
U0366,167,6.9
U0366,656690,7.1
U0366,1114590,5.5
U0366,52449,5.6
U0366,987400,8.4
U0366,347123,6.0
U0366,3293,7.0
U0366,209379,6.1
U0366,10137,7.0
U0366,11617,4.6
U0366,676,6.9
U0367,201,6.5
U0367,508439,7.6
U0367,9335,6.7
U0367,12253,7.4
U0367,9872,5.4
U0367,41264,6.1
U0367,1313003,5.2
U0367,1023,8.7
U0367,963,8.0
U0367,800158,5.1
U0367,361745,7.2
U0367,407375,6.5
U0367,365620,5.8
U0367,22073,6.5
U0367,149870,7.9
U0367,51876,6.4
U0367,1381027,6.2
U0367,937249,6.7
U0367,315635,6.6
U0367,405746,5.8
U0367,12776,8.8
U0367,1528660,6.3
U0367,10436,8.0
U0367,14069,7.6
U0367,438747,7.2
U0367,3088,5.9
U0367,75258,7.0
U0367,627725,6.0
U0367,611291,8.1
U0367,440471,5.9
U0367,833425,8.1
U0367,1050035,8.2
U0367,500,7.1
U0367,606,7.2
U0367,11358,6.2
U0367,1690,5.8
U0367,16523,7.0
U0367,73353,5.9
U0367,1218925,7.8
U0367,18500,5.0
U0368,11909,8.7
U0368,2289,5.5
U0368,9837,8.0
U0368,12615,6.3
U0368,51828,8.3
U0368,10483,7.1
U0368,335578,7.0
U0368,927342,7.0
U0368,10393,6.9
U0368,249070,5.3
U0368,11249,5.3
U0368,4247,4.9
U0368,504172,6.3
U0368,11130,6.1
U0368,644495,5.6
U0368,266285,6.7
U0368,10198,7.0
U0368,20533,5.0
U0368,589982,7.3
U0368,40348,4.6
U0368,1586,5.8
U0368,17058,7.6
U0368,7191,6.6
U0368,17809,7.3
U0368,297608,6.3
U0368,9081,6.8
U0368,242582,7.3
U0368,545609,7.7
U0368,1295026,6.5
U0368,899524,6.5
U0368,275,6.8
U0368,10620,5.9
U0368,10313,5.3
U0368,1417,7.5
U0368,527435,5.5
U0368,86825,5.7
U0368,2099,4.1
U0369,9398,6.6
U0369,68924,6.0
U0369,162,6.3
U0369,18707,6.4
U0369,1771,6.0
U0369,8814,4.2
U0369,13576,7.3
U0369,867,4.9
U0369,926,8.4
U0369,37135,7.7
U0369,252,5.2
U0369,13186,4.4
U0369,437586,7.8
U0369,705996,7.8
U0369,11046,6.7
U0369,745,8.8
U0369,43002,7.7
U0369,533,5.9
U0369,1786,8.0
U0369,51162,6.1
U0369,3082,7.2
U0369,604079,7.1
U0369,530385,5.3
U0369,7191,7.1
U0369,3529,7.8
U0369,474979,6.0
U0369,44639,7.2
U0369,957457,8.4
U0369,38234,7.8
U0370,382614,9.7
U0370,70981,6.0
U0370,381719,6.8
U0370,630004,6.9
U0370,1252309,6.8
U0370,9728,5.0
U0370,9425,7.1
U0370,407448,8.0
U0370,1923,6.6
U0370,579245,7.1
U0370,13637,7.4
U0370,697843,8.7
U0370,10144,6.5
U0370,13654,6.2
U0370,249164,5.7
U0370,11898,7.1
U0370,9552,8.5
U0370,9678,7.5
U0370,545611,9.2
U0370,340101,6.4
U0370,11943,6.7
U0370,1083658,6.8
U0370,370663,6.2
U0370,299534,9.1
U0370,330459,7.0
U0370,698438,5.6
U0371,777,9.1
U0371,6957,7.1
U0371,475132,5.8
U0371,12103,5.0
U0371,893694,4.5
U0371,283587,7.8
U0371,381283,7.2
U0371,276907,6.8
U0371,3686,6.9
U0371,602734,5.4
U0371,273059,8.6
U0371,9397,6.9
U0371,11178,8.3
U0371,993,6.9
U0371,14554,6.7
U0371,893712,8.2
U0371,314,4.8
U0371,1494,5.9
U0371,2119,5.4
U0371,1813,7.1
U0371,16958,8.1
U0371,37797,7.3
U0371,758336,6.7
U0371,507441,7.1
U0371,103,8.7
U0371,969492,6.8
U0371,1900,7.3
U0371,14411,7.2
U0371,2487,7.8
U0372,20992,6.4
U0372,9880,7.5
U0372,435,6.8
U0372,1325734,7.2
U0372,438478,5.9
U0372,13207,5.7
U0372,495764,7.9
U0372,800,7.2
U0372,492565,7.3
U0372,829402,7.4
U0372,10882,8.0
U0372,165213,7.9
U0372,1212742,5.3
U0372,116149,8.3
U0372,460465,7.6
U0372,1891,8.4
U0372,9023,7.4
U0372,315837,6.0
U0372,578,7.2
U0372,11977,7.7
U0372,11704,6.6
U0373,1159206,6.2
U0373,1058537,6.5
U0373,7012,7.4
U0373,853,7.7
U0373,161,6.3
U0373,1027014,8.7
U0373,16866,3.9
U0373,10110,7.9
U0373,1214931,7.6
U0373,3482,6.9
U0373,4643,7.6
U0373,1056444,8.8
U0373,9886,6.3
U0373,5961,7.0
U0373,281,6.6
U0373,284536,5.5
U0373,2026,6.9
U0373,499631,7.6
U0373,301502,6.9
U0373,375846,8.1
U0373,345938,7.6
U0373,1735,6.2
U0373,381341,7.9
U0373,36669,4.3
U0373,1249289,4.7
U0373,77950,5.8
U0373,17474,8.5
U0374,4034,7.4
U0374,18861,6.7
U0374,44741,8.0
U0374,205321,2.9
U0374,539,8.5
U0374,10975,6.1
U0374,1903,8.4
U0374,447277,6.9
U0374,42500,6.6
U0374,55157,7.2
U0374,839033,6.0
U0374,10358,5.7
U0374,13320,6.1
U0374,10747,7.8
U0374,640,8.1
U0374,986056,7.2
U0374,8909,5.8
U0374,7508,7.9
U0374,768520,7.1
U0374,296096,7.7
U0374,674,8.0
U0374,819,8.7
U0374,76163,5.6
U0374,1103,7.5
U0374,18405,6.2
U0374,504,6.8
U0374,67675,7.1
U0374,53344,7.1
U0374,1725,8.3
U0374,862739,6.0
U0374,609681,6.9
U0374,10651,6.3
U0374,2179,7.4
U0374,2277,8.0
U0374,527641,8.2
U0374,41003,6.8
U0374,1817,6.1
U0374,11023,7.1
U0374,896633,7.5
U0374,441130,7.8
U0374,75656,7.6
U0374,641,8.1
U0374,2119,5.8
U0374,122,9.3
U0374,5961,8.2
U0374,40348,5.4
U0374,49849,4.7
U0374,10056,5.3
U0374,13223,7.8
U0374,329505,7.7
U0375,802,6.4
U0375,77016,7.4
U0375,801937,7.1
U0375,407887,5.9
U0375,698438,5.5
U0375,22383,6.3
U0375,1035048,7.6
U0375,474979,6.3
U0375,14736,6.6
U0375,920081,5.7
U0375,152,5.0
U0375,6620,7.7
U0375,10536,7.5
U0375,9757,7.3
U0376,1319895,7.5
U0376,138038,6.7
U0376,978,6.8
U0376,9387,7.2
U0376,301,6.9
U0376,9522,7.0
U0376,203801,6.6
U0376,1357633,6.8
U0376,11497,7.6
U0376,375794,7.4
U0376,899524,7.5
U0376,16174,4.9
U0376,51620,6.3
U0376,1022789,7.5
U0376,10604,5.6
U0376,10771,6.4
U0376,7131,5.5
U0376,46528,6.4
U0376,35,8.3
U0376,12277,5.9
U0376,1492608,8.3
U0376,11078,7.6
U0376,423,8.2
U0376,176241,8.2
U0376,6529,6.9
U0376,2133,6.6
U0376,13320,8.5
U0376,740996,8.2
U0376,246655,6.6
U0376,99099,5.9
U0376,921,7.5
U0376,6958,6.2
U0376,1613798,6.7
U0376,619,3.6
U0376,1114513,8.8
U0376,618,6.5
U0376,561325,8.1
U0376,402900,7.7
U0376,446354,6.2
U0376,201085,6.9
U0376,14001,7.8
U0376,480530,8.9
U0376,1160956,7.1
U0376,21575,7.6
U0376,1114967,8.2
U0376,11712,7.0
U0376,8012,6.3
U0376,21710,6.5
U0376,333484,6.5
U0377,693,7.0
U0377,635012,6.2
U0377,1288072,4.5
U0377,894205,6.9
U0377,12279,3.6
U0377,9637,6.8
U0377,15258,6.6
U0377,299824,6.4
U0377,929590,7.1
U0377,2636,6.4
U0377,497582,7.0
U0377,838209,7.7
U0377,914,9.1
U0377,264656,6.4
U0377,38700,6.1
U0377,8273,6.3
U0377,40662,9.1
U0377,413337,6.8
U0377,857800,7.3
U0377,9487,8.1
U0377,932430,7.3
U0377,654,8.2
U0377,604685,7.3
U0377,531454,5.8
U0377,10204,5.3
U0377,5511,6.4
U0377,39557,5.4
U0377,10313,5.9
U0377,896633,7.9
U0377,2976,8.6
U0377,17663,7.3
U0377,2428,6.5
U0377,1786,7.5
U0377,1195631,6.6
U0377,575813,10.0
U0377,1331375,6.2
U0377,726684,8.4
U0377,9072,5.3
U0377,1032823,6.7
U0377,51162,7.2
U0377,21191,7.2
U0377,10651,6.6
U0377,1251,8.3
U0378,381288,7.4
U0378,38396,7.0
U0378,5722,5.2
U0378,81188,6.6
U0378,568,9.1
U0378,18972,5.4
U0378,11092,6.8
U0378,44945,5.9
U0378,33871,7.0
U0378,43418,6.2
U0378,4437,6.4
U0378,582,8.1
U0378,13935,7.7
U0378,817,7.5
U0378,505948,5.9
U0378,35739,4.2
U0378,49009,7.2
U0378,858,6.6
U0378,961323,8.2
U0378,703,8.4
U0378,19426,7.8
U0378,12589,6.3
U0378,20334,8.7
U0378,280092,4.3
U0379,592,6.5
U0379,376660,5.8
U0379,1362315,6.1
U0379,11030,8.8
U0379,531428,8.0
U0379,1590097,5.2
U0379,75278,5.9
U0379,1029330,7.6
U0379,77930,6.2
U0379,13204,6.4
U0379,47931,7.5
U0379,1022256,8.3
U0379,87428,4.6
U0380,479,6.5
U0380,9386,5.5
U0380,11976,6.1
U0380,5902,5.6
U0380,1159206,7.0
U0380,42314,6.3
U0380,10784,6.8
U0380,49444,6.6
U0380,9325,8.6
U0380,1546963,7.4
U0380,18122,5.7
U0380,1086260,5.6
U0380,122,6.4
U0380,168530,5.4
U0380,113,7.5
U0380,507256,8.2
U0380,10728,6.9
U0380,5680,7.4
U0380,13922,6.6
U0380,399055,6.2
U0380,77985,7.0
U0380,223,8.1
U0380,610253,5.4
U0380,76338,5.9
U0380,497698,6.1
U0380,8810,7.0
U0380,115782,5.4
U0380,565276,7.9
U0380,698,7.6
U0380,1326106,9.3
U0380,238636,8.0
U0380,5174,7.7
U0380,1278263,6.5
U0380,603692,7.1
U0380,11013,7.3
U0380,594,7.5
U0380,467938,6.4
U0380,536437,5.7
U0380,21734,7.9
U0380,169917,5.9
U0380,103731,5.1
U0380,281,6.8
U0380,8195,6.8
U0381,463272,6.1
U0381,100402,6.8
U0381,581,8.8
U0381,630586,4.6
U0381,11238,6.0
U0381,1327690,7.7
U0381,12180,5.7
U0381,97,7.2
U0381,637,7.9
U0381,1480295,6.4
U0381,1290432,6.2
U0382,436270,6.2
U0382,510,8.6
U0382,8769,6.6
U0382,1266,6.9
U0382,186,8.8
U0382,13515,5.3
U0382,592863,6.6
U0382,1088166,7.4
U0382,136686,7.0
U0382,393345,6.1
U0382,1354700,7.7
U0382,2109,7.1
U0382,501395,4.4
U0382,11587,6.2
U0382,375366,8.1
U0382,1407,6.4
U0382,205,6.7
U0382,19,7.2
U0382,8871,6.9
U0382,722778,6.5
U0382,40096,8.1
U0382,9766,6.6
U0382,347626,7.4
U0382,284053,8.1
U0382,1587,7.9
U0382,1212742,6.9
U0382,10567,5.7
U0382,14438,7.2
U0382,1391,5.6
U0382,1196573,8.3
U0382,8065,8.8
U0382,119738,6.3
U0382,10474,7.4
U0382,8922,7.1
U0382,8738,8.0
U0382,11570,5.8
U0382,9655,6.3
U0382,35739,4.2
U0382,173210,6.6
U0382,13969,6.0
U0382,801688,7.3
U0382,9355,6.9
U0382,568124,7.7
U0382,13188,6.1
U0382,47914,6.6
U0382,10625,6.8
U0382,9954,3.5
U0382,667,6.7
U0382,470,6.8
U0382,15472,6.5
U0382,655,7.8
U0382,701,7.8
U0382,4982,8.4
U0383,46195,6.6
U0383,239563,6.4
U0383,15244,8.5
U0383,529216,7.3
U0383,1083433,5.5
U0383,568124,7.6
U0383,407448,9.3
U0383,576920,7.1
U0383,9798,6.1
U0383,76758,5.6
U0383,429617,8.8
U0383,831815,7.7
U0383,429,7.9
U0383,536437,5.0
U0383,44912,5.0
U0383,173185,6.1
U0383,9753,6.9
U0383,525,6.8
U0383,15917,7.6
U0383,1287141,6.6
U0383,8665,7.4
U0383,531428,7.7
U0383,86829,7.2
U0383,877,8.7
U0383,9103,6.7
U0383,8469,7.1
U0383,11901,7.5
U0383,935,7.0
U0383,8872,5.6
U0383,1813,7.4
U0383,12625,5.3
U0383,11281,6.3
U0383,739990,5.8
U0383,37707,5.6
U0383,393559,8.5
U0383,116711,6.8
U0383,854,7.7
U0383,11619,6.6
U0383,9257,6.5
U0383,3597,7.4
U0383,558582,5.8
U0383,12146,5.7
U0383,14655,5.6
U0383,571055,8.6
U0383,11249,4.2
U0383,42296,6.1
U0383,1586,6.3
U0383,1970,5.4
U0384,185,9.9
U0384,16269,7.3
U0384,16331,6.1
U0384,133919,7.8
U0384,11963,6.8
U0384,4437,8.0
U0384,174751,6.0
U0384,284019,4.7
U0384,10728,7.9
U0384,2665,4.8
U0384,34480,5.5
U0384,10435,7.6
U0384,8703,6.3
U0384,399360,6.8
U0384,38027,6.0
U0384,363088,5.6
U0384,10142,7.8
U0384,348,7.7
U0384,5123,8.2
U0384,961,7.8
U0384,111969,5.5
U0384,560057,6.3
U0384,2323,7.7
U0384,27,4.8
U0384,1653,7.6
U0384,920394,9.5
U0384,18647,5.1
U0384,1271,7.0
U0384,9476,8.1
U0384,11948,6.7
U0384,202575,5.9
U0384,548,8.3
U0384,990,7.2
U0384,1058710,5.6
U0384,371738,7.5
U0384,17277,6.6
U0384,81401,6.6
U0384,10591,6.7
U0384,565028,5.7
U0384,824,6.5
U0384,39105,7.9
U0384,7944,6.4
U0384,1688,5.3
U0384,14655,6.2
U0384,14424,6.2
U0384,338953,7.0
U0384,11943,7.6
U0384,13763,6.8
U0384,1584215,5.8
U0384,9954,4.8
U0384,1425122,7.7
U0384,14580,7.1
U0385,329,7.9
U0385,49530,7.7
U0385,239347,6.5
U0385,37799,7.4
U0385,110160,7.8
U0385,405,8.5
U0385,14,6.5
U0385,1880,5.2
U0385,19186,7.6
U0385,49519,7.9
U0385,793387,7.3
U0385,2758,6.1
U0385,13448,8.6
U0385,950387,6.1
U0385,268227,7.3
U0385,677179,6.4
U0385,37317,6.6
U0385,11428,7.4
U0385,402431,7.0
U0385,274870,7.4
U0385,11031,7.0
U0385,9289,7.3
U0385,138103,5.1
U0385,710258,4.6
U0385,13665,5.6
U0385,11713,7.2
U0385,10585,7.8
U0385,10474,7.5
U0385,1933,8.0
U0385,9072,5.7
U0385,502356,6.2
U0385,1290821,6.9
U0385,13204,7.3
U0385,10139,7.1
U0385,575265,6.8
U0385,136795,5.7
U0385,10044,6.2
U0385,11474,7.7
U0385,7978,4.9
U0385,10948,8.0
U0385,776,6.9
U0385,476549,6.5
U0385,52451,4.8
U0385,993708,4.5
U0385,382517,5.8
U0385,510,9.3
U0385,11676,5.7
U0385,435129,9.1
U0386,7840,5.1
U0386,67395,5.9
U0386,51482,8.5
U0386,3682,5.4
U0386,2487,8.1
U0386,539517,7.8
U0386,1083968,6.0
U0386,436459,5.7
U0386,709,6.2
U0386,44018,6.0
U0386,757388,7.0
U0386,39101,6.2
U0386,1116201,7.3
U0386,342470,8.3
U0386,1083658,7.0
U0386,1448497,7.5
U0386,758724,6.7
U0386,333371,6.1
U0386,1255,7.2
U0386,19277,5.5
U0386,2109,6.1
U0386,9364,7.1
U0386,11587,6.8
U0386,66125,6.5
U0386,530956,6.2
U0386,629542,7.4
U0386,508570,7.3
U0386,413594,7.9
U0386,3686,7.1
U0386,1419826,7.8
U0386,663,5.4
U0386,3782,9.1
U0386,943,6.6
U0386,274,8.1
U0386,9297,6.6
U0386,1022796,6.5
U0386,1248226,7.6
U0386,644479,9.6
U0386,527776,9.3
U0386,333667,6.7
U0386,975,9.5
U0386,13689,7.5
U0386,435366,8.0
U0386,388,7.0
U0386,9972,5.5
U0386,68555,7.2
U0386,10997,7.2
U0386,209112,5.9
U0386,804095,5.6
U0386,573164,7.6
U0386,1418657,7.1
U0386,9516,7.1
U0386,529216,8.5
U0386,9607,4.5
U0386,926606,8.2
U0386,4437,7.1
U0387,20421,7.0
U0387,9609,8.9
U0387,381341,7.5
U0387,107985,7.5
U0387,8452,3.6
U0387,865,6.8
U0387,19580,7.7
U0387,1374,8.1
U0387,16859,6.6
U0387,49047,7.1
U0387,46528,5.2
U0387,710258,5.9
U0387,297270,8.3
U0387,12615,6.5
U0387,402,8.1
U0387,11172,6.4
U0387,136835,5.2
U0387,314365,7.6
U0387,524434,7.4
U0387,538858,7.1
U0387,438674,5.5
U0387,844,7.4
U0387,1913,8.3
U0388,267860,5.5
U0388,479626,9.1
U0388,615,5.9
U0388,13204,5.2
U0388,14873,5.0
U0388,5961,7.5
U0388,109,7.5
U0388,765,6.3
U0388,10403,7.2
U0388,1249213,5.1
U0388,8094,8.3
U0389,201088,7.6
U0389,168672,6.6
U0389,1734,6.1
U0389,530254,8.0
U0389,1268,6.1
U0389,9390,6.8
U0389,166428,9.4
U0389,1659087,7.0
U0389,343,7.3
U0389,7978,4.1
U0389,7516,5.9
U0389,49524,6.2
U0389,37834,6.4
U0389,17979,6.8
U0389,273481,7.6
U0389,47914,5.6
U0389,347375,7.5
U0389,393729,8.8
U0389,36362,6.9
U0389,922,7.0
U0389,426426,8.0
U0389,943,7.4
U0389,713,6.7
U0389,405,8.4
U0389,81481,8.6
U0389,369299,5.8
U0389,9714,5.2
U0389,1480295,5.1
U0389,2310,5.7
U0389,7457,7.6
U0389,829,8.8
U0389,828613,7.4
U0390,13483,6.3
U0390,643215,4.6
U0390,4147,8.5
U0390,2362,7.5
U0390,1087040,5.1
U0390,4133,7.7
U0390,239563,6.9
U0390,934456,5.3
U0390,11517,6.8
U0390,42726,7.9
U0390,12491,5.4
U0390,395834,7.1
U0390,5991,7.1
U0390,839369,6.4
U0391,169813,7.2
U0391,992,8.8
U0391,17529,6.7
U0391,2331,7.1
U0391,11198,7.0
U0391,3087,7.7
U0391,6435,6.2
U0391,763285,6.9
U0391,14442,6.6
U0391,1083433,5.1
U0391,820067,7.7
U0391,839369,6.9
U0391,37414,6.8
U0391,9463,7.2
U0391,1284496,5.9
U0391,1094138,6.1
U0391,208134,7.8
U0391,983,7.6
U0391,382399,7.1
U0391,828853,6.5
U0391,11675,7.0
U0391,1327690,5.4
U0391,45030,4.8
U0391,1379963,6.6
U0391,86837,7.0
U0391,996,8.4
U0391,250480,7.2
U0391,1582770,6.9
U0391,591,7.4
U0391,1018,8.1
U0391,301528,7.5
U0391,8337,6.8
U0391,8961,5.8
U0391,475132,7.2
U0391,405,8.6
U0391,338762,7.1
U0391,563708,7.2
U0391,1678,8.0
U0391,18405,7.1
U0391,271110,7.8
U0391,960292,4.5
U0391,11860,6.5
U0391,2667,6.8
U0391,13680,6.1
U0391,1316092,7.0
U0391,438631,7.8
U0391,675327,5.1
U0392,414906,7.5
U0392,300671,7.7
U0392,67659,8.2
U0392,834,7.0
U0392,20941,6.1
U0392,462183,3.9
U0392,431693,6.9
U0392,446159,7.9
U0392,947,8.7
U0392,568620,5.5
U0392,4247,6.1
U0392,9383,5.9
U0392,604685,6.9
U0392,9012,6.8
U0392,180314,5.2
U0392,9490,4.4
U0392,606117,6.4
U0392,408648,6.5
U0392,343668,6.9
U0392,9660,7.5
U0392,568012,7.6
U0392,13655,7.4
U0392,1264805,7.1
U0392,13994,5.0
U0392,20778,8.8
U0392,1247,6.4
U0392,43260,8.6
U0392,41411,7.1
U0392,400608,6.3
U0392,936245,4.5
U0392,7552,6.2
U0392,16237,8.7
U0392,235,7.8
U0392,219,6.6
U0392,42402,5.9
U0393,16538,5.7
U0393,9806,8.9
U0393,336000,6.8
U0393,100,9.2
U0393,18857,6.6
U0393,11,8.7
U0393,266856,7.9
U0393,801937,6.1
U0393,8342,7.8
U0393,1160956,6.6
U0393,1389149,4.9
U0393,474979,7.2
U0393,320,7.4
U0393,534,7.4
U0393,77930,6.0
U0393,48138,8.1
U0393,21634,9.3
U0393,412117,6.2
U0393,508642,7.9
U0393,79707,7.7
U0393,11412,7.2
U0393,695721,7.4
U0393,619,7.1
U0393,10220,6.6
U0393,315162,9.0
U0393,13655,5.9
U0393,8914,6.8
U0393,245473,6.0
U0393,7857,9.5
U0393,369299,9.0
U0393,9912,7.7
U0393,627725,8.5
U0393,773543,5.5
U0393,203801,8.4
U0393,10331,9.2
U0393,10674,8.3
U0393,675445,7.2
U0393,435901,5.1
U0393,562,9.8
U0393,3780,6.9
U0393,10027,6.8
U0394,442249,4.4
U0394,7516,7.5
U0394,9459,7.3
U0394,2605,8.2
U0394,8810,7.5
U0394,1646,7.2
U0394,270487,6.6
U0394,14249,7.2
U0394,207768,6.3
U0394,14741,5.8
U0395,236399,6.6
U0395,43090,6.1
U0395,11976,8.3
U0395,16320,7.4
U0395,11881,9.7
U0395,438457,6.6
U0395,89,9.1
U0395,11001,6.4
U0395,657,6.6
U0395,938008,7.0
U0395,209361,6.0
U0395,8195,7.5
U0395,169,7.3
U0395,9819,6.1
U0395,237791,7.6
U0395,5336,5.3
U0395,270946,7.1
U0395,169813,7.9
U0395,937278,7.7
U0395,13466,7.0
U0395,11452,5.5
U0395,506281,7.0
U0395,1118031,6.6
U0395,752,8.0
U0395,1061671,6.2
U0395,1410082,5.1
U0395,1181107,8.2
U0395,801688,7.4
U0395,934,7.1
U0395,12104,7.2
U0395,10494,8.2
U0395,438799,7.2
U0395,1330421,8.1
U0395,136418,6.9
U0395,245473,7.8
U0395,760774,7.9
U0395,36593,6.4
U0395,361292,7.0
U0395,919207,6.3
U0396,278,8.6
U0396,2119,5.6
U0396,54989,5.4
U0396,774372,9.2
U0396,14282,7.2
U0396,65754,7.6
U0396,752,7.7
U0396,172385,5.8
U0396,400090,6.6
U0396,16642,7.0
U0396,394269,9.3
U0396,8997,4.7
U0396,13655,4.5
U0396,308369,6.9
U0396,11787,8.8
U0396,8840,6.4
U0396,1084736,6.2
U0396,10683,7.8
U0396,53064,6.4
U0396,14161,4.2
U0396,10020,6.9
U0397,9739,5.7
U0397,38543,5.4
U0397,1416391,5.2
U0397,1215020,5.0
U0397,335360,8.6
U0397,429450,8.4
U0397,980,8.1
U0397,13855,8.5
U0397,41003,5.8
U0397,638974,6.1
U0397,438674,7.1
U0397,828947,7.1
U0397,13700,6.3
U0397,36670,6.3
U0397,838240,10.0
U0397,13078,5.2
U0397,9482,5.9
U0397,995,7.0
U0397,440021,7.4
U0397,568091,7.2
U0397,1096197,6.1
U0397,8885,6.5
U0397,13350,6.7
U0397,76489,6.8
U0397,336843,6.6
U0397,1198994,6.4
U0397,480632,5.9
U0397,18785,5.9
U0397,955,5.1
U0397,560016,7.9
U0397,2567,7.5
U0397,380225,6.9
U0397,12180,5.4
U0397,114350,5.7
U0397,1198984,8.3
U0397,7278,3.5
U0397,9764,8.3
U0397,895744,5.4
U0397,11153,6.7
U0397,18126,5.8
U0397,207932,7.5
U0397,2690,6.4
U0397,11092,6.1
U0397,853088,8.2
U0397,5558,7.1
U0397,152532,7.2
U0397,881,7.1
U0397,637649,8.0
U0397,9392,7.0
U0397,1824,6.4
U0397,43367,6.7
U0398,149,6.8
U0398,13455,5.5
U0398,972533,6.9
U0398,9471,4.7
U0398,840464,8.3
U0398,2734,7.8
U0398,539972,6.9
U0398,10186,6.5
U0398,616,8.8
U0398,2712,7.1
U0398,799876,7.5
U0398,493922,7.2
U0398,4824,7.4
U0398,599521,7.2
U0398,1927,5.4
U0398,289,8.0
U0398,36592,7.3
U0398,105814,4.2
U0398,955555,7.5
U0398,14638,6.7
U0398,44214,8.4
U0398,11357,5.7
U0398,451,8.4
U0398,434555,5.4
U0398,869,5.6
U0398,591274,7.9
U0398,986097,6.7
U0398,4192,5.9
U0398,158,7.3
U0398,76600,7.4
U0398,1161617,7.1
U0398,1378,7.7
U0398,66150,6.1
U0398,268531,6.5
U0398,1367,6.6
U0398,50698,6.6
U0398,297,6.0
U0399,476549,4.8
U0399,1852,6.3
U0399,13715,6.4
U0399,76757,3.9
U0399,5879,6.9
U0399,46838,8.3
U0399,109439,4.8
U0399,957,7.4
U0399,638597,5.6
U0399,429,10.0
U0399,16538,6.3
U0399,786892,7.0
U0399,989662,6.5
U0399,9900,6.3
U0399,8698,4.8
U0399,1086747,6.7
U0399,10510,6.8
U0399,11134,5.6
U0399,17483,6.7
U0399,539972,5.2
U0399,578701,6.8
U0399,10022,5.9
U0399,34560,5.7
U0399,11236,7.5
U0399,1253000,7.6
U0399,13223,4.8
U0399,1167307,7.3
U0399,1147416,6.9
U0399,15999,7.0
U0399,507441,7.6
U0399,382591,7.4
U0399,6439,4.8
U0399,11948,7.2
U0399,377273,7.6
U0399,535544,5.2
U0399,537996,7.5
U0399,8874,6.5
U0399,1180831,7.3
U0399,887,8.1
U0399,19898,6.7
U0399,53344,6.5
U0399,6038,7.5
U0399,525,7.5
U0400,2671,7.4
U0400,51828,7.7
U0400,1082195,7.1
U0400,765,8.2
U0400,557646,7.4
U0400,840464,5.2
U0400,68730,7.5
U0400,28,6.3
U0400,1263256,6.4
U0400,17422,6.1
U0400,2056,7.2
U0400,16000,5.8
U0400,17979,6.5
U0400,6557,6.5
U0400,11422,9.3
U0400,9874,7.4
U0400,1058699,9.8
U0400,4816,6.3
U0400,1315303,7.9
U0400,575264,7.4
U0400,110420,8.8
U0400,1576,6.3
U0400,177888,7.4
U0400,8224,6.9
U0400,169813,7.0
U0400,7442,5.5
U0400,13690,6.5
U0400,501929,8.6
U0400,5910,7.6
U0400,67395,5.5
U0400,9907,7.5
U0401,434853,6.5
U0401,11971,6.1
U0401,11474,7.6
U0401,12092,7.6
U0401,13494,4.8
U0401,302401,8.8
U0401,7364,6.5
U0401,35056,5.4
U0401,466420,7.3
U0401,42700,8.0
U0401,2768,5.5
U0401,46738,7.7
U0401,274,7.4
U0401,18988,7.7
U0401,6623,7.9
U0401,1216191,6.9
U0401,11281,7.0
U0401,15267,7.2
U0401,20312,7.3
U0401,71859,8.1
U0401,705996,8.3
U0401,9886,4.3
U0401,38360,8.2
U0401,205321,4.6
U0401,20778,8.1
U0401,500682,6.7
U0401,1970,4.7
U0401,18491,8.8
U0401,1287536,6.5
U0401,400090,7.9
U0401,774531,9.2
U0401,13935,7.9
U0401,12498,7.2
U0401,221,7.1
U0401,820067,10.0
U0401,302699,7.6
U0401,1198984,6.0
U0401,1022796,6.4
U0401,5879,7.3
U0401,1885,7.6
U0401,11049,8.4
U0401,334517,5.5
U0401,635302,7.8
U0401,49524,6.3
U0401,10660,5.9
U0401,295830,6.0
U0401,10166,6.7
U0401,7347,7.0
U0401,2769,8.1
U0401,3133,7.8
U0401,66195,5.9
U0401,37769,8.2
U0401,894205,6.3
U0402,4174,8.3
U0402,11351,6.1
U0402,76696,6.9
U0402,829402,8.1
U0402,44982,6.5
U0402,16804,7.3
U0402,604685,5.8
U0402,49992,7.2
U0402,9671,5.9
U0402,14533,7.9
U0402,1167271,6.3
U0402,153158,7.5
U0402,20638,8.7
U0402,4832,7.6
U0402,543580,7.1
U0402,10549,7.7
U0402,5070,6.0
U0402,270303,7.9
U0403,9825,7.4
U0403,407440,6.8
U0403,15165,6.6
U0403,8871,8.2
U0403,1648,8.8
U0403,10890,6.7
U0403,463158,7.1
U0403,1103,7.1
U0403,2000,7.2
U0403,430231,6.7
U0403,38286,8.3
U0403,774752,6.8
U0403,930094,6.8
U0403,8290,8.2
U0403,119450,7.4
U0403,7457,3.9
U0404,138,6.4
U0404,38684,8.0
U0404,4995,7.2
U0404,624479,6.9
U0404,9912,8.3
U0404,366170,7.4
U0404,45132,8.3
U0404,5967,7.2
U0404,15392,8.1
U0404,9032,7.2
U0404,11031,5.3
U0404,1280,8.5
U0404,9355,5.8
U0404,311,9.2
U0404,1456349,9.0
U0404,1149504,5.4
U0404,33408,6.4
U0404,799583,4.9
U0404,12093,6.5
U0404,1092,6.9
U0404,506574,8.2
U0404,21481,6.4
U0404,20914,8.1
U0404,137094,5.1
U0404,134350,7.8
U0404,773736,8.3
U0404,338958,7.2
U0404,460458,5.4
U0404,43837,6.1
U0404,6947,7.4
U0404,2440,8.5
U0404,1407,6.7
U0404,433,8.0
U0404,4476,7.4
U0404,2000,7.3
U0404,2621,7.1
U0404,466081,6.5
U0404,504,6.2
U0404,759584,6.1
U0404,747,8.0
U0404,86000,8.2
U0404,10402,5.8
U0404,576712,8.7
U0404,1291659,7.0
U0404,72565,7.1
U0404,1523,8.9
U0404,18269,5.9
U0404,137113,6.5
U0404,8356,7.3
U0404,11527,6.8
U0404,858024,8.0
U0404,576017,8.1
U0404,72710,5.5
U0404,300668,7.4
U0405,631,6.6
U0405,3090,7.1
U0405,276844,8.2
U0405,379686,6.7
U0405,502897,7.2
U0405,10150,8.5
U0405,185,7.7
U0405,11602,7.5
U0405,36955,7.3
U0405,1299655,8.6
U0405,164,8.6
U0405,440626,6.4
U0405,3513,6.0
U0405,10161,6.3
U0405,76338,6.5
U0405,1059811,7.5
U0405,473033,8.0
U0405,393559,8.1
U0405,85446,6.4
U0405,629542,6.2
U0405,11963,7.6
U0405,330459,8.0
U0405,12133,6.1
U0405,476968,7.8
U0405,166424,3.7
U0405,398924,7.0
U0405,14002,7.9
U0405,2288,7.2
U0405,2000,7.3
U0406,15302,7.6
U0406,774825,5.9
U0406,1954,6.7
U0406,526,6.2
U0406,11293,8.2
U0406,938008,7.2
U0406,19901,6.0
U0406,7500,7.4
U0406,1226841,8.2
U0406,335787,6.6
U0406,533,7.9
U0406,109410,7.3
U0406,86837,6.6
U0406,10045,7.4
U0406,1059,8.7
U0406,604822,6.0
U0406,22244,7.1
U0407,1158915,7.3
U0407,953,7.4
U0407,1134055,7.6
U0407,4832,7.7
U0407,757725,5.7
U0407,10491,6.4
U0407,1029578,6.4
U0407,76489,5.1
U0407,929,6.5
U0407,42801,6.9
U0407,9103,5.9
U0407,686,8.9
U0407,1572,7.4
U0407,11420,8.0
U0407,46738,6.1
U0407,435129,9.0
U0407,676,5.8
U0407,9571,7.1
U0407,11657,8.2
U0407,50014,7.9
U0407,9530,3.6
U0407,1163,8.1
U0407,299536,8.4
U0407,8016,8.1
U0407,667520,8.7
U0408,165,7.6
U0408,345920,8.0
U0408,676,8.7
U0408,11953,7.4
U0408,8689,4.9
U0408,136241,5.2
U0408,11827,6.4
U0408,9829,6.4
U0408,2611,4.8
U0408,576845,8.0
U0408,9421,8.2
U0408,907,7.9
U0408,248504,4.9
U0408,20123,8.4
U0408,80274,7.1
U0409,9333,6.4
U0409,644479,7.8
U0409,9392,7.1
U0409,4495,9.3
U0409,512196,7.1
U0409,1197306,5.0
U0409,15383,8.3
U0409,6522,6.8
U0409,13475,6.9
U0409,16907,7.5
U0409,405746,4.1
U0409,44639,5.6
U0409,10585,6.5
U0409,1422166,8.7
U0409,269149,9.1
U0409,10649,7.2
U0409,9470,6.8
U0409,137,7.3
U0409,13321,7.4
U0409,9346,6.5
U0409,20941,8.8
U0409,8416,6.4
U0409,13576,7.7
U0409,37347,6.8
U0409,348892,8.0
U0409,539972,7.2
U0409,19026,8.0
U0409,223,8.4
U0409,84892,7.6
U0409,9490,8.0
U0409,11663,7.9
U0409,412519,5.4
U0410,10193,6.9
U0410,682,6.6
U0410,68737,6.9
U0410,337167,7.9
U0410,466282,6.8
U0410,17015,8.7
U0410,1734,6.3
U0410,644,6.5
U0410,8871,7.2
U0410,14674,7.7
U0410,533,8.3
U0410,9762,6.4
U0410,646,7.2
U0410,676,8.0
U0410,3595,8.4
U0410,454,5.9
U0410,268092,8.4
U0410,297222,6.9
U0410,13682,8.2
U0410,8963,6.8
U0410,274854,5.2
U0410,9816,7.0
U0410,763873,7.6
U0410,77985,5.8
U0410,13496,5.3
U0410,11974,8.1
U0410,634649,7.9
U0410,1526650,7.0
U0410,760336,6.2
U0410,278927,7.0
U0410,242828,7.9
U0410,9479,7.4
U0410,762,8.4
U0410,8741,9.0
U0410,16320,7.4
U0410,308032,7.4
U0410,152742,8.1
U0410,9488,6.3
U0410,303857,6.3
U0410,574475,8.5
U0411,9297,5.8
U0411,374461,6.7
U0411,1018,7.5
U0411,9459,8.4
U0411,2758,6.7
U0411,1022796,5.0
U0411,9472,6.4
U0411,270487,4.6
U0411,181283,6.2
U0411,20982,6.9
U0411,804095,7.8
U0411,1357633,6.9
U0411,201676,8.0
U0411,50014,8.3
U0411,893723,5.3
U0411,8834,6.6
U0411,957119,5.2
U0411,763,8.4
U0411,8470,7.9
U0411,400928,8.0
U0411,37308,4.0
U0411,1284460,5.9
U0412,544,5.8
U0412,376659,6.1
U0412,839369,5.4
U0412,604822,6.8
U0412,1317288,6.8
U0412,1125,7.4
U0412,48831,8.2
U0412,9800,7.8
U0412,620,7.1
U0412,79,7.7
U0412,18228,7.1
U0412,15384,8.0
U0412,2277,7.7
U0412,8963,7.5
U0412,790,7.7
U0412,2109,6.9
U0412,2179,6.4
U0412,754,7.4
U0412,9665,7.6
U0412,9992,5.4
U0412,928358,3.4
U0412,17277,5.9
U0412,7862,7.5
U0412,346672,8.3
U0412,789708,7.9
U0412,297,6.1
U0412,2623,8.1
U0412,709,6.8
U0412,638449,8.5
U0412,11069,6.6
U0412,365177,6.6
U0412,51162,6.3
U0412,12219,7.5
U0412,81167,6.8
U0412,22356,6.5
U0412,347123,6.2
U0412,1367,6.9
U0412,68555,7.4
U0412,2899,7.8
U0412,146,7.6
U0412,10066,5.9
U0412,661331,6.7
U0412,43549,6.3
U0412,1035259,7.2
U0412,2140,6.6
U0412,9757,5.8
U0412,11917,6.4
U0413,400617,6.6
U0413,2085,6.0
U0413,1620551,6.9
U0413,838209,6.3
U0413,1147411,6.7
U0413,2062,6.8
U0413,966220,8.6
U0413,11220,7.3
U0413,237791,7.6
U0413,52449,6.3
U0413,12101,6.2
U0413,10780,8.2
U0413,361931,7.1
U0413,18069,7.2
U0413,11688,6.7
U0413,435,7.2
U0414,1777,8.1
U0414,4550,7.6
U0414,11948,6.4
U0414,409297,4.3
U0414,501907,6.2
U0414,3309,7.0
U0414,72753,5.7
U0414,314365,9.3
U0414,939243,8.1
U0414,1323625,5.4
U0414,9100,7.6
U0414,441168,4.6
U0414,39148,8.2
U0414,337167,7.0
U0414,21481,5.4
U0414,169917,6.3
U0414,961268,7.7
U0415,512191,5.7
U0415,2675,7.2
U0415,406563,5.1
U0415,137182,6.9
U0415,2619,7.8
U0415,15916,9.1
U0415,857,8.6
U0415,4147,7.4
U0415,72753,4.4
U0415,2057,7.6
U0415,501170,6.8
U0415,4960,8.4
U0415,10358,5.5
U0415,2056,5.9
U0415,334074,6.4
U0415,800345,5.3
U0415,339,6.2
U0415,563,6.7
U0415,10998,6.9
U0415,84334,8.8
U0415,1280768,7.4
U0415,672035,7.7
U0415,11589,7.0
U0415,430,7.4
U0415,9955,5.8
U0415,1148677,7.7
U0415,901362,6.8
U0415,990,7.9
U0415,9289,8.6
U0415,901563,8.2
U0415,98566,4.6
U0415,68735,6.4
U0415,400136,6.1
U0415,447365,7.8
U0415,16161,7.0
U0415,15263,6.4
U0415,1359,8.3
U0415,506574,7.4
U0415,107257,6.7
U0415,36950,7.7
U0415,608,7.7
U0415,773,6.5
U0415,407655,9.0
U0415,698438,5.2
U0415,4912,7.5
U0416,43939,6.5
U0416,6477,5.9
U0416,64,7.1
U0416,921636,5.2
U0416,2758,7.2
U0416,11853,5.3
U0416,301502,6.1
U0416,8587,7.2
U0416,9490,5.6
U0416,887767,5.9
U0416,872,9.5
U0416,335984,6.9
U0416,44741,7.6
U0416,13249,5.3
U0416,46064,5.9
U0416,11171,9.0
U0417,538362,8.1
U0417,9425,6.8
U0417,308032,7.3
U0417,412924,8.0
U0417,103,8.2
U0417,44741,7.8
U0417,561,7.3
U0417,194,7.4
U0417,41411,7.9
U0417,301502,6.7
U0417,768362,8.1
U0417,712,6.5
U0417,563,5.6
U0417,955555,6.4
U0417,111310,4.7
U0417,67394,5.4
U0417,2069,6.7
U0417,11969,7.6
U0417,1578,8.4
U0417,137113,6.1
U0417,10907,7.3
U0417,964980,6.1
U0417,405775,7.9
U0417,1091,7.1
U0417,1412598,5.4
U0417,12903,8.1
U0417,433,7.8
U0417,437342,7.1
U0417,768744,7.1
U0418,436459,6.8
U0418,503,7.0
U0418,133805,6.5
U0418,297222,7.8
U0418,446159,7.8
U0418,667216,6.4
U0418,856,8.3
U0418,86461,4.5
U0418,604822,6.8
U0418,763285,7.3
U0418,9392,8.1
U0418,1034062,9.1
U0418,399057,6.9
U0418,322,8.3
U0418,149871,9.1
U0418,13963,8.1
U0418,111479,6.0
U0418,896536,6.7
U0418,535809,7.0
U0418,195,6.2
U0418,248504,3.3
U0418,1879,8.2
U0418,2487,7.7
U0418,16000,5.2
U0418,664416,8.4
U0418,15302,9.0
U0418,49797,8.6
U0418,36095,7.4
U0418,436969,8.5
U0418,18671,7.9
U0418,47933,5.9
U0418,43367,6.5
U0418,109418,6.9
U0418,935,7.4
U0418,39107,7.6
U0419,10033,5.9
U0419,15356,8.0
U0419,820232,7.1
U0419,447404,7.3
U0419,10774,6.9
U0419,49018,7.3
U0419,1893,6.9
U0419,1028196,5.9
U0419,137182,7.1
U0419,602734,6.2
U0419,72565,7.5
U0419,921636,4.6
U0420,49948,8.2
U0420,525,8.2
U0420,332567,6.7
U0420,10313,5.5
U0420,101267,6.0
U0420,37137,7.8
U0420,1422562,6.0
U0420,277,6.5
U0420,10974,7.5
U0420,13222,9.4
U0420,49964,8.6
U0420,851,6.6
U0420,270303,8.1
U0420,1233506,5.5
U0420,9392,5.8
U0420,11426,8.0
U0420,36950,6.9
U0420,8643,6.2
U0420,173185,5.3
U0420,3078,6.0
U0420,22244,6.9
U0420,800425,6.9
U0420,9470,7.3
U0420,43316,7.1
U0420,5123,6.4
U0420,41264,5.8
U0420,4105,6.3
U0420,16290,9.1
U0420,464593,7.9
U0420,980,7.8
U0420,464052,5.6
U0420,12101,6.3
U0420,37414,5.7
U0420,2054,7.4
U0420,656663,6.8
U0420,4024,6.8
U0420,3527,5.4
U0421,571,8.3
U0421,6145,8.1
U0421,1965,5.8
U0421,1245347,8.0
U0421,9767,6.3
U0421,956842,7.4
U0421,10655,6.3
U0421,343668,7.8
U0421,637,9.2
U0421,11570,7.1
U0421,10340,6.4
U0421,9035,6.8
U0421,75,6.2
U0421,20532,7.9
U0421,466272,7.4
U0421,9362,6.9
U0421,5176,7.0
U0421,5279,7.0
U0421,500664,7.5
U0421,667520,7.1
U0421,4442,6.2
U0421,10625,6.8
U0421,198184,6.3
U0421,4816,8.0
U0421,8333,6.4
U0421,70587,4.0
U0421,1035259,5.3
U0421,4488,6.6
U0421,724495,7.9
U0421,10047,7.3
U0421,11212,7.5
U0421,3536,5.7
U0421,12900,7.8
U0421,499,6.8
U0421,10030,5.9
U0421,20875,7.9
U0421,1126166,4.8
U0421,49849,5.1
U0421,3933,7.6
U0421,5924,9.5
U0421,508935,7.0
U0421,12230,7.4
U0421,37430,4.9
U0421,926670,8.8
U0421,431530,6.4
U0421,80794,5.3
U0421,1685,6.3
U0421,989662,6.0
U0421,448119,7.7
U0421,86834,6.7
U0421,606679,7.7
U0421,1119878,6.8
U0422,18925,6.0
U0422,12508,6.1
U0422,970450,6.0
U0422,4977,8.5
U0422,840326,9.4
U0422,283566,8.2
U0422,2502,6.8
U0422,42314,6.4
U0422,932430,7.6
U0422,2636,6.0
U0422,44945,6.5
U0422,10741,4.4
U0422,1267,6.0
U0422,1022787,6.8
U0422,11704,7.0
U0422,218746,4.9
U0422,263132,4.6
U0422,49046,7.8
U0422,36647,7.2
U0422,68735,6.7
U0422,9462,6.5
U0422,238713,6.5
U0422,10771,4.4
U0422,9429,5.8
U0422,343611,6.0
U0422,5801,7.3
U0422,560016,6.3
U0422,21348,7.2
U0422,213,8.1
U0422,177945,8.4
U0422,3049,6.9
U0422,1632,8.7
U0422,8095,7.0
U0422,212167,8.2
U0422,9952,7.0
U0422,298618,6.7
U0422,5876,8.5
U0422,11694,7.0
U0422,887767,6.5
U0422,217993,8.1
U0422,534490,5.2
U0422,461130,7.2
U0422,10225,7.6
U0422,1022453,5.1
U0423,1572,7.0
U0423,686,7.2
U0423,1100099,7.3
U0423,8656,6.2
U0423,739990,7.0
U0423,144,9.1
U0423,181283,6.9
U0423,1098006,4.2
U0423,9705,4.8
U0423,106,6.8
U0423,27,5.9
U0423,10669,6.5
U0423,1480295,5.3
U0423,9062,6.3
U0423,149870,9.4
U0423,136795,5.2
U0423,72570,6.2
U0423,605722,7.0
U0423,424,8.2
U0423,862,7.5
U0423,43829,7.4
U0423,1148677,5.6
U0423,799583,6.4
U0423,43549,5.9
U0423,378108,7.5
U0423,3049,6.2
U0423,51786,7.9
U0423,410119,6.2
U0423,82695,7.3
U0423,48855,6.7
U0423,10451,8.6
U0423,672035,6.2
U0423,1561687,4.7
U0423,35552,7.1
U0423,42384,5.5
U0423,172329,6.0
U0424,479718,7.5
U0424,237791,7.7
U0424,8009,7.4
U0424,216769,6.5
U0424,21348,7.5
U0424,507569,7.9
U0424,9331,7.9
U0424,10839,5.8
U0424,805,8.4
U0424,5689,6.1
U0424,105,7.7
U0424,820,7.3
U0424,440298,7.3
U0424,152742,9.3
U0424,10024,7.3
U0424,800345,7.0
U0424,11194,9.4
U0424,13382,6.8
U0424,7443,6.5
U0424,526051,6.2
U0424,1936,7.0
U0424,830,7.4
U0424,84287,7.0
U0424,533592,7.2
U0424,447273,4.0
U0424,4961,5.1
U0424,22292,7.7
U0424,42229,7.8
U0424,446893,7.1
U0424,501170,6.6
U0424,594767,5.0
U0424,11471,7.2
U0424,11452,8.0
U0424,462,7.5
U0424,177572,7.4
U0424,437557,5.4
U0424,264644,8.6
U0424,957452,7.2
U0424,702,7.5
U0424,507505,7.6
U0424,844,6.6
U0424,299536,8.3
U0424,310307,6.4
U0424,831405,9.8
U0424,15070,6.3
U0424,50531,8.5
U0424,886396,8.2
U0424,9506,5.7
U0424,928344,5.6
U0424,1426306,6.9
U0424,13363,6.3
U0424,530915,6.6
U0424,2786,6.8
U0424,467952,6.3
U0424,5961,8.3
U0424,400535,6.1
U0424,41003,5.9
U0424,7863,7.8
U0424,739405,5.4
U0425,340101,5.5
U0425,12625,5.2
U0425,42121,6.6
U0425,1003580,7.3
U0425,172226,6.0
U0425,4108,6.5
U0425,280217,6.8
U0425,1413097,3.4
U0425,39857,6.3
U0425,266647,6.6
U0426,37707,5.2
U0426,9955,4.9
U0426,508664,6.1
U0426,19994,6.1
U0426,9800,6.7
U0426,51997,6.6
U0426,691179,7.5
U0426,33546,7.2
U0426,400535,6.7
U0426,10934,6.7
U0426,39204,7.0
U0426,85877,6.2
U0426,818,5.6
U0426,8872,6.5
U0426,18642,4.9
U0426,11577,6.1
U0426,232672,9.0
U0426,1103437,6.4
U0426,407440,6.4
U0426,1694,6.2
U0427,17927,6.7
U0427,862557,6.8
U0427,475557,7.5
U0427,3134,4.5
U0427,758724,5.7
U0427,19173,4.8
U0427,892153,7.6
U0427,10975,7.6
U0427,668482,7.5
U0427,13576,6.9
U0427,45269,7.3
U0427,568300,9.4
U0427,134411,6.6
U0427,9571,8.1
U0427,395992,7.2
U0427,505058,5.5
U0427,2277,7.1
U0428,1005331,7.6
U0428,1263256,6.9
U0428,2044,7.9
U0428,50479,5.9
U0428,6279,6.9
U0428,1879,6.8
U0428,559969,6.0
U0428,7012,6.5
U0428,6466,6.4
U0428,754,7.2
U0428,1523,6.9
U0428,899082,7.2
U0428,864101,7.3
U0429,466282,6.1
U0429,12498,7.4
U0429,1255788,6.3
U0429,536437,6.4
U0429,798021,5.5
U0429,3082,9.4
U0429,869,5.9
U0429,330070,5.0
U0429,2428,6.0
U0429,894169,7.0
U0429,7516,7.2
U0429,3084,6.1
U0429,399361,4.7
U0429,9560,6.9
U0429,16996,6.1
U0429,11212,7.0
U0429,395834,7.4
U0429,334533,8.3
U0429,43829,6.7
U0429,11474,8.0
U0429,429210,7.6
U0429,33546,5.4
U0429,428045,6.8
U0429,41439,5.7
U0429,808,6.5
U0429,411088,7.9
U0429,9545,7.6
U0429,9532,7.8
U0429,5123,7.9
U0429,505026,5.6
U0429,874300,7.2
U0429,755812,9.3
U0429,983,7.4
U0429,955916,6.3
U0429,3597,6.6
U0429,637534,7.5
U0429,15356,6.1
U0429,16269,8.1
U0429,298382,7.2
U0429,924,8.3
U0429,9509,7.7
U0429,893694,6.1
U0429,4133,7.7
U0429,426410,6.6
U0429,239416,4.0
U0429,1284120,9.0
U0429,14655,6.0
U0429,430,6.2
U0429,10377,8.1
U0429,1234731,7.4
U0429,985617,6.8
U0429,79707,6.5
U0429,1584215,4.9
U0429,36648,5.5
U0429,11426,6.6
U0429,196867,5.8
U0429,53182,6.9
U0429,530079,8.3
U0430,1271,6.6
U0430,198663,6.2
U0430,8204,6.8
U0430,13,8.1
U0430,9349,6.3
U0430,38321,4.6
U0430,15165,6.9
U0430,8009,5.0
U0430,1865,6.3
U0430,853,7.3
U0430,299054,6.0
U0430,861,7.2
U0430,155,8.0
U0430,1147411,9.7
U0430,8277,5.6
U0430,14306,6.5
U0430,50698,8.2
U0430,14736,7.0
U0430,575222,7.6
U0430,12208,6.0
U0430,7214,6.8
U0430,10015,6.0
U0430,15196,6.8
U0430,154,8.4
U0430,1160956,6.0
U0430,363992,5.9
U0430,476292,7.3
U0430,102382,6.3
U0430,1259,7.2
U0430,840326,7.5
U0430,10730,7.1
U0430,15258,7.4
U0430,6282,6.4
U0430,438799,6.3
U0430,1196067,4.8
U0430,16161,7.0
U0430,6643,6.9
U0430,302699,6.2
U0430,11621,8.2
U0430,1574,6.6
U0430,4247,6.5
U0430,37056,5.2
U0430,722149,8.6
U0430,11259,7.3
U0430,770,7.0
U0430,335988,7.1
U0430,11560,7.3
U0430,600583,8.0
U0430,364111,6.2
U0430,9833,7.1
U0430,48624,6.6
U0430,241239,6.4
U0430,1216191,7.4
U0430,49521,6.7
U0430,5925,7.9
U0430,21484,8.5
U0430,335360,7.9
U0430,1295026,10.0
U0430,12888,7.0
U0431,12761,7.2
U0431,463158,6.6
U0431,11358,4.6
U0431,640344,7.3
U0431,20662,6.1
U0431,1154538,8.9
U0431,152737,7.3
U0431,8856,5.5
U0431,462183,6.0
U0431,220,6.8
U0431,7500,7.5
U0431,6479,7.0
U0431,436391,7.9
U0431,7326,7.9
U0431,277217,7.4
U0431,330457,7.9
U0431,2669,6.8
U0431,1197306,6.8
U0431,16052,8.8
U0431,1245993,5.6
U0431,285,6.8
U0431,39144,5.7
U0431,755,8.1
U0431,1546963,7.4
U0431,14684,6.4
U0431,3686,5.9
U0431,397243,5.8
U0431,4638,8.7
U0431,16236,6.7
U0431,375572,7.3
U0431,993710,7.1
U0431,1162,7.1
U0431,11336,6.3
U0431,10229,7.4
U0431,17609,7.0
U0431,440021,6.4
U0431,1523145,5.4
U0431,634,6.3
U0431,10315,7.3
U0431,1117857,6.2
U0431,1062722,7.2
U0431,198184,6.9
U0431,372754,8.6
U0431,440,5.5
U0431,610253,6.0
U0431,200,5.0
U0431,10590,7.8
U0431,21348,6.9
U0431,6114,7.7
U0431,1443576,7.6
U0431,42188,5.6
U0431,774825,6.3
U0431,11916,8.1
U0431,3766,6.7
U0431,9354,8.0
U0431,502356,8.3
U0431,5336,5.8
U0432,20766,6.8
U0432,346648,8.2
U0432,81401,6.9
U0432,403119,4.7
U0432,20287,5.9
U0432,707610,5.7
U0432,11006,8.2
U0432,9550,5.8
U0432,2769,8.3
U0432,73353,5.6
U0432,10875,7.5
U0432,85877,4.3
U0432,738215,7.5
U0432,840430,5.7
U0432,10439,7.4
U0432,6479,5.8
U0432,572154,9.0
U0432,11710,7.4
U0432,796499,7.5
U0432,4961,6.8
U0432,404,8.9
U0432,15573,7.8
U0432,603,8.1
U0432,1185528,7.9
U0432,7345,8.6
U0432,14299,7.1
U0432,530254,8.8
U0432,460019,6.0
U0432,11658,7.1
U0432,340666,6.7
U0432,9454,8.6
U0432,10322,8.9
U0432,99099,5.4
U0432,1016084,7.9
U0432,10030,6.3
U0432,5175,7.4
U0432,818,6.4
U0432,36728,7.6
U0432,412924,8.4
U0432,13524,5.9
U0432,305470,6.8
U0432,1124620,5.3
U0432,877,7.2
U0433,639720,8.0
U0433,1426306,7.1
U0433,68721,6.8
U0433,630566,7.2
U0433,1281,6.5
U0433,1450599,6.3
U0433,219,8.9
U0433,460458,5.0
U0433,1255350,6.4
U0433,7862,6.9
U0433,2616,7.2
U0433,48035,6.3
U0433,1372,8.9
U0433,15,7.6
U0433,437068,7.3
U0433,1026436,5.0
U0433,676,5.9
U0433,787,7.0
U0433,857800,5.9
U0433,7446,7.1
U0433,35,7.1
U0433,505642,7.3
U0433,4935,7.5
U0433,20556,8.7
U0433,71,7.0
U0433,37169,4.2
U0433,9331,5.2
U0433,664767,6.3
U0433,39538,7.6
U0433,1115009,7.6
U0433,4235,7.2
U0434,1094138,6.0
U0434,3131,7.1
U0434,593691,7.9
U0434,109428,7.9
U0434,3083,6.4
U0434,314095,8.0
U0434,8832,7.1
U0434,109418,6.3
U0434,1991,7.5
U0434,476299,6.9
U0434,338952,7.1
U0434,20139,7.0
U0434,10618,6.6
U0434,13455,6.0
U0434,664280,9.2
U0434,111969,7.2
U0434,16318,6.1
U0434,18093,6.0
U0434,1050035,7.6
U0434,10007,4.3
U0434,1114967,7.3
U0434,1134865,7.4
U0434,12445,8.4
U0434,53182,4.1
U0434,6523,6.3
U0434,5156,7.3
U0434,16187,7.5
U0434,1184918,7.8
U0434,381341,8.9
U0434,15917,6.7
U0434,101,7.5
U0434,1586,7.8
U0434,537061,9.7
U0434,568332,8.3
U0434,329,5.9
U0434,198,7.9
U0434,100402,7.2
U0434,372962,4.5
U0434,12093,7.1
U0434,660982,5.2
U0434,9312,6.4
U0434,6068,6.9
U0434,5961,8.4
U0434,217,6.5
U0434,348089,6.0
U0434,395992,5.4
U0434,8982,6.7
U0434,1280282,7.5
U0434,38,8.5
U0434,9029,8.2
U0434,9481,6.9
U0434,13363,7.6
U0434,536437,7.1
U0434,10358,6.0
U0434,1052558,5.2
U0435,1295026,8.1
U0435,10377,7.6
U0435,10530,8.2
U0435,339331,5.4
U0435,46838,8.0
U0435,19277,7.1
U0435,44921,6.1
U0435,16774,6.5
U0435,1266,5.8
U0435,961769,6.5
U0435,1375,4.8
U0435,4235,5.8
U0435,54989,6.0
U0435,493922,6.8
U0435,9353,5.2
U0435,430424,7.6
U0435,43367,6.2
U0435,340101,6.5
U0435,18857,7.6
U0435,1280768,7.7
U0435,13909,6.9
U0435,112205,6.0
U0435,20766,6.7
U0435,4413,6.4
U0435,19173,5.6
U0435,37865,6.8
U0435,13813,8.6
U0435,768520,7.4
U0435,596161,7.8
U0436,12096,6.0
U0436,10771,6.3
U0436,87827,6.4
U0436,8016,7.1
U0436,74879,7.9
U0436,7364,4.5
U0436,773543,6.3
U0436,526,8.3
U0436,438799,6.9
U0436,897338,6.3
U0436,1450527,6.3
U0436,2280,8.2
U0436,44945,5.7
U0436,591,6.7
U0436,1271,7.4
U0436,76338,7.5
U0436,1294203,6.9
U0436,1360,6.5
U0436,10423,6.6
U0436,8342,7.5
U0436,81796,6.3
U0436,80278,6.2
U0436,530442,4.0
U0436,3767,7.8
U0436,3085,7.9
U0436,1511789,5.2
U0436,1297842,8.0
U0436,660982,5.7
U0436,9062,7.9
U0436,1164,8.9
U0436,77950,4.6
U0436,339259,5.7
U0436,38360,8.2
U0436,297090,4.7
U0436,38142,7.9
U0436,1195518,6.6
U0436,561325,6.7
U0436,12230,7.7
U0436,1232546,6.8
U0436,499191,5.8
U0436,13690,5.5
U0437,12289,7.7
U0437,81401,8.7
U0437,4234,6.1
U0437,136400,6.7
U0437,637649,6.8
U0437,395992,7.1
U0437,77985,6.8
U0437,502,8.7
U0437,75656,7.3
U0437,4909,8.1
U0437,4476,8.4
U0437,774370,6.7
U0437,379170,8.1
U0437,72105,7.1
U0437,14249,5.6
U0437,1644,6.3
U0437,333339,7.5
U0437,11422,6.6
U0437,1050035,7.5
U0437,574638,7.2
U0437,41498,7.6
U0437,492188,7.9
U0437,13648,7.1
U0437,122,9.0
U0437,35583,6.7
U0437,2433,7.7
U0437,583,6.5
U0437,782,8.5
U0437,725201,7.2
U0437,14384,6.8
U0437,4539,7.6
U0437,1610413,7.5
U0437,559,5.1
U0437,336000,6.9
U0437,196867,6.9
U0437,1098006,6.7
U0437,13188,7.5
U0437,965,8.0
U0437,51828,7.9
U0437,14836,7.3
U0437,37769,8.7
U0437,37821,6.7
U0437,8665,6.5
U0437,18925,9.9
U0437,440298,6.4
U0437,397243,8.0
U0437,48624,5.6
U0437,11596,7.5
U0437,21575,6.9
U0437,17332,5.6
U0437,302946,5.6
U0438,791177,6.4
U0438,18500,5.6
U0438,15384,7.6
U0438,921785,7.5
U0438,187,8.2
U0438,939356,7.8
U0438,348350,6.1
U0438,524434,5.8
U0438,3293,7.2
U0438,13053,6.7
U0438,329996,6.4
U0439,9595,6.3
U0439,102899,6.7
U0439,1120911,5.9
U0439,3933,7.1
U0439,1168190,7.2
U0439,993710,6.8
U0439,508570,7.0
U0439,10437,6.5
U0439,44833,6.1
U0439,6949,6.4
U0439,50359,6.3
U0439,1057491,5.5
U0439,38757,5.8
U0439,9032,7.0
U0439,900667,7.5
U0439,10229,8.2
U0439,9547,6.7
U0439,1124,8.3
U0439,1495,7.2
U0439,11954,5.8
U0439,433808,6.4
U0439,36670,6.8
U0439,81250,6.2
U0439,310307,7.5
U0439,12311,9.3
U0439,17538,5.9
U0439,11299,6.8
U0439,172226,6.1
U0439,216919,5.1
U0439,644583,8.5
U0439,168,7.5
U0439,757725,6.9
U0439,18148,7.3
U0439,333352,6.6
U0439,8422,9.4
U0440,33408,6.9
U0440,387,9.4
U0440,9392,8.2
U0440,376570,7.8
U0440,14223,5.4
U0440,81005,6.6
U0440,702,7.8
U0440,10890,6.0
U0440,643,6.7
U0440,236399,7.3
U0440,8832,7.7
U0440,14580,7.2
U0440,11678,5.8
U0440,440298,8.3
U0440,794,7.4
U0440,468284,7.9
U0440,211954,6.6
U0440,1991,7.4
U0440,12207,7.2
U0440,13207,5.2
U0440,1103437,7.1
U0440,9397,6.5
U0440,207768,7.1
U0440,271674,6.8
U0440,42987,8.5
U0440,13313,7.9
U0440,413594,8.3
U0440,369299,6.6
U0441,1271,8.1
U0441,532814,6.0
U0441,269955,6.1
U0441,707,5.3
U0441,496243,10.0
U0441,14926,7.0
U0441,15657,7.1
U0441,1878,6.8
U0441,864168,6.9
U0441,923667,6.6
U0441,74,6.5
U0441,300673,7.6
U0441,50646,7.2
U0441,375785,5.7
U0441,600354,8.3
U0441,1180634,8.4
U0441,4588,7.6
U0441,624,6.3
U0441,10982,5.7
U0441,319,7.1
U0441,52333,7.4
U0441,870360,8.7
U0442,436120,7.9
U0442,20532,10.0
U0442,302156,5.5
U0442,146216,6.3
U0442,334533,8.1
U0442,9303,6.6
U0442,36568,6.0
U0442,14756,7.6
U0442,2503,7.7
U0442,97,6.3
U0442,869626,7.7
U0442,11220,7.7
U0442,2898,6.7
U0442,797,8.7
U0442,430162,6.4
U0442,22215,6.5
U0442,1154538,9.4
U0442,11674,6.4
U0442,8392,7.8
U0442,575222,7.6
U0442,10431,5.4
U0442,3432,6.6
U0442,11652,6.6
U0442,339877,7.5
U0442,1258151,5.9
U0442,575452,6.1
U0443,698,7.2
U0443,1696,7.1
U0443,360814,8.5
U0443,1103,7.3
U0443,5801,8.4
U0443,763285,6.7
U0443,1028196,6.2
U0443,10204,6.8
U0443,803104,6.2
U0443,11172,6.7
U0443,17538,7.6
U0443,378,6.8
U0443,800345,7.2
U0443,4977,8.7
U0443,870028,7.8
U0443,854,7.2
U0443,11798,7.3
U0443,1284120,6.2
U0443,39538,7.7
U0443,11016,8.5
U0443,15379,6.4
U0443,938,7.6
U0443,3170,6.7
U0443,710258,6.6
U0443,922,8.5
U0443,820067,8.7
U0443,5723,8.3
U0443,10402,5.9
U0443,1393151,9.3
U0443,8452,6.3
U0443,153,9.0
U0443,1610413,8.0
U0443,9349,5.8
U0443,1035048,6.0
U0443,10435,7.0
U0443,436391,6.0
U0443,1362315,5.9
U0443,102651,8.2
U0443,72976,6.6
U0443,13310,8.2
U0443,635012,7.7
U0443,2069,5.6
U0444,13004,7.8
U0444,1813,7.4
U0444,22201,6.2
U0444,2000,8.5
U0444,68721,5.1
U0444,10849,7.8
U0444,10665,7.1
U0444,506281,6.5
U0444,2133,6.5
U0444,12583,7.0
U0444,774752,7.3
U0444,8839,5.6
U0444,696506,8.0
U0444,48035,8.5
U0444,83899,5.7
U0444,4922,7.7
U0444,1150394,8.2
U0444,9353,6.9
U0444,10784,7.3
U0444,8333,7.1
U0444,762504,6.9
U0444,3309,7.2
U0444,21832,8.4
U0444,867,5.4
U0444,13808,5.6
U0444,1289936,6.8
U0444,6644,7.9
U0444,2114,7.2
U0444,532794,6.2
U0444,37412,8.2
U0444,16672,5.7
U0444,1064835,8.0
U0444,39203,6.9
U0444,1059,6.8
U0444,869250,8.4
U0444,4912,7.6
U0444,890825,5.5
U0444,332210,6.7
U0444,21208,8.3
U0444,79735,7.6
U0444,9012,3.7
U0444,330483,8.0
U0444,533444,8.1
U0444,667,6.8
U0444,1580,8.4
U0444,765172,7.6
U0444,201088,5.7
U0444,11932,7.7
U0444,1422562,6.7
U0444,16290,6.7
U0444,1127110,7.0
U0444,462183,5.1
U0444,8835,6.4
U0444,1445363,6.9
U0444,339927,5.7
U0444,10225,6.1
U0444,62,6.2
U0444,68722,8.3
U0445,1022796,5.9
U0445,11130,7.9
U0445,43260,6.6
U0445,11497,6.3
U0445,7299,8.0
U0445,109428,7.0
U0445,143,8.3
U0445,11329,7.0
U0445,33701,7.0
U0445,9693,8.1
U0445,335,7.8
U0445,874,8.5
U0446,499631,9.2
U0446,119738,7.0
U0446,81250,6.6
U0446,14442,8.0
U0446,11787,7.3
U0446,14092,7.3
U0446,50359,5.6
U0446,1621,5.8
U0446,79645,7.4
U0446,2137,6.1
U0446,474395,7.3
U0446,9428,6.9
U0446,625,6.6
U0446,10843,6.8
U0446,133790,5.4
U0446,1249213,7.3
U0446,19913,8.7
U0446,413337,6.2
U0446,301528,7.4
U0446,11012,8.1
U0446,205596,7.7
U0446,14069,8.6
U0446,14784,7.9
U0446,336808,7.3
U0447,9208,6.2
U0447,1093995,5.7
U0447,239347,6.1
U0447,423,8.2
U0447,4034,7.3
U0447,1315986,5.9
U0447,10476,7.8
U0447,1233413,7.3
U0447,13098,6.5
U0447,1051896,7.1
U0447,765172,7.2
U0447,6522,7.7
U0447,17927,5.8
U0447,87818,4.5
U0447,3482,7.6
U0447,1495694,6.6
U0447,569094,7.9
U0447,18707,6.6
U0447,68728,6.1
U0447,1263012,6.9
U0447,436391,7.3
U0447,10590,8.3
U0447,14257,7.7
U0447,1032823,6.6
U0447,724209,6.3
U0447,8204,6.6
U0447,93,7.5
U0447,9928,5.9
U0447,703,7.6
U0447,4858,6.1
U0447,4643,7.9
U0447,476292,8.0
U0447,263115,7.1
U0447,314127,5.7
U0447,501979,5.6
U0447,2567,7.3
U0447,11596,6.7
U0447,5236,7.3
U0447,10404,9.1
U0447,641,8.3
U0448,71883,7.5
U0448,664280,8.8
U0448,11596,6.0
U0448,340382,6.1
U0448,1387382,6.5
U0448,106,7.2
U0448,10681,7.0
U0448,629542,6.2
U0448,1150394,8.7
U0448,4480,6.0
U0448,479,6.6
U0448,11577,6.5
U0448,2019,6.4
U0448,501170,7.9
U0448,203833,6.8
U0448,634544,6.8
U0448,19995,8.9
U0448,371645,7.8
U0448,87516,7.9
U0448,405775,5.9
U0448,822119,6.7
U0448,570670,5.8
U0448,47931,7.7
U0448,9385,8.0
U0448,5548,7.9
U0448,38234,8.2
U0448,38646,6.3
U0448,401698,7.4
U0448,361931,6.9
U0448,48650,7.0
U0448,691,7.5
U0448,402693,7.3
U0448,11576,6.2
U0448,9426,7.0
U0448,76025,7.2
U0448,527660,6.3
U0449,507441,5.4
U0449,869250,7.5
U0449,168530,5.8
U0449,7012,6.6
U0449,1375,5.1
U0449,8094,8.6
U0449,20271,7.2
U0449,840326,8.2
U0449,264660,9.0
U0449,808,8.1
U0449,9530,6.4
U0449,762441,5.4
U0449,48186,6.1
U0449,9299,8.2
U0449,18900,7.9
U0449,1258151,6.7
U0449,508664,7.5
U0449,980,7.0
U0449,955916,5.6
U0449,11216,8.4
U0449,10649,6.0
U0449,81796,5.3
U0449,535,6.3
U0450,347626,5.7
U0450,11842,5.7
U0450,858,7.4
U0450,9353,8.0
U0450,37686,5.7
U0450,8619,8.1
U0450,262,8.4
U0450,81250,6.8
U0450,84199,7.7
U0450,378108,7.2
U0450,14811,8.6
U0450,497,8.2
U0450,8909,6.6
U0450,495925,7.3
U0450,12140,6.8
U0450,46004,7.3
U0450,278,9.5
U0450,433808,6.5
U0450,9314,7.3
U0450,1259102,8.3
U0450,1048923,5.7
U0450,2268,5.9
U0450,803104,5.6
U0450,337960,7.4
U0450,261,7.1
U0450,1195506,6.2
U0450,661231,7.9
U0450,1948,7.1
U0450,9313,7.0
U0450,953300,6.0
U0450,1643,7.0
U0450,10098,9.7
U0450,11780,6.6
U0450,305470,6.8
U0450,544401,7.3
U0450,573164,9.3
U0450,2788,8.3
U0450,14359,7.2
U0451,5925,9.3
U0451,17136,5.9
U0451,82744,6.9
U0451,20875,7.4
U0451,14831,7.0
U0451,575264,8.3
U0451,9894,5.2
U0451,826914,6.2
U0451,13483,6.3
U0451,45317,7.6
U0451,302528,6.0
U0451,738215,6.3
U0451,9757,6.2
U0452,11072,7.5
U0452,14324,5.1
U0452,346648,7.7
U0452,16563,6.6
U0452,36586,7.8
U0452,18129,5.6
U0452,12163,8.0
U0452,662638,5.7
U0452,9833,7.4
U0452,204922,7.4
U0452,9502,8.4
U0452,39557,7.3
U0453,339331,6.0
U0453,9474,7.6
U0453,65759,6.4
U0453,1233413,8.6
U0453,1900,6.8
U0453,4787,5.0
U0453,1182047,7.3
U0453,38251,7.1
U0453,376290,8.2
U0453,180863,7.3
U0453,21575,9.3
U0453,3035,7.9
U0453,11186,6.8
U0453,597922,8.4
U0453,1413097,4.1
U0453,49519,7.1
U0453,12289,6.2
U0453,411088,7.5
U0453,4964,5.4
U0453,377,8.6
U0453,250700,8.0
U0453,3782,9.0
U0454,332562,7.3
U0454,1317672,5.2
U0454,480632,7.0
U0454,573164,7.8
U0454,10830,6.6
U0454,1273,5.8
U0454,3090,8.0
U0454,920081,6.2
U0454,11016,8.1
U0454,14001,6.0
U0454,4481,7.1
U0454,1181107,7.4
U0454,16538,6.5
U0454,1522923,7.2
U0454,740937,7.9
U0454,634649,7.2
U0454,1571,6.5
U0454,297270,5.8
U0454,681,8.0
U0454,4248,5.0
U0455,83389,8.7
U0455,10376,8.2
U0455,571055,7.3
U0455,78,8.1
U0455,9588,7.0
U0455,10186,7.6
U0455,1040,7.1
U0455,1057491,6.1
U0455,169,6.2
U0455,439,7.0
U0455,14257,8.6
U0455,84892,8.3
U0455,176241,5.5
U0455,364220,7.3
U0455,20271,9.8
U0455,283366,6.4
U0455,314,5.3
U0455,763164,6.2
U0455,597922,8.5
U0455,9341,7.3
U0456,361263,7.1
U0456,40807,6.5
U0456,499191,7.3
U0456,109418,5.9
U0456,1278,6.7
U0456,11054,5.9
U0456,609972,6.0
U0456,8327,6.9
U0456,198277,7.3
U0456,838209,6.9
U0456,34205,6.4
U0456,676701,8.1
U0456,2294,6.6
U0456,11852,6.8
U0456,704239,4.5
U0457,373571,7.7
U0457,84309,7.2
U0457,14008,4.8
U0457,8916,6.2
U0457,13403,7.5
U0457,1930,6.7
U0457,234200,7.4
U0457,1461181,4.9
U0457,348678,7.0
U0457,8845,6.1
U0457,16250,6.5
U0457,1389149,6.0
U0457,19426,8.7
U0457,625976,6.3
U0457,656690,8.5
U0457,7515,5.2
U0457,1680,6.3
U0457,113344,2.6
U0457,1273,6.3
U0457,11665,6.0
U0457,525,8.3
U0457,6439,5.6
U0457,568124,6.3
U0457,227,7.2
U0458,13321,7.8
U0458,2207,6.7
U0458,9912,7.6
U0458,1428862,6.9
U0458,5279,6.4
U0458,483,8.3
U0458,3777,6.9
U0458,10912,6.9
U0458,9874,5.1
U0458,1422166,7.6
U0458,639,6.5
U0458,1535,5.7
U0458,1542,6.1
U0458,33638,5.8
U0458,1215162,8.4
U0458,13002,8.8
U0458,9741,6.2
U0458,16306,7.6
U0458,574060,7.6
U0458,573730,8.9
U0458,705996,7.0
U0458,592695,5.6
U0458,1217602,6.9
U0458,5289,6.7
U0458,661331,7.2
U0458,480414,4.1
U0458,217,5.8
U0458,9909,6.8
U0458,73456,8.3
U0458,13654,6.8
U0458,499191,6.4
U0458,86331,5.4
U0458,12208,4.0
U0459,1253971,5.5
U0459,13098,6.9
U0459,565310,7.7
U0459,1100099,7.0
U0459,11248,4.3
U0459,406385,8.0
U0459,990140,7.4
U0459,1153714,6.6
U0459,1124620,7.4
U0459,794,7.0
U0459,16305,5.8
U0459,899082,8.2
U0459,1190012,6.9
U0459,1924,6.4
U0459,36643,6.4
U0459,535167,6.9
U0459,309809,7.1
U0459,74643,7.2
U0459,602734,6.0
U0459,348350,6.8
U0459,8982,5.5
U0459,1131759,6.8
U0459,1266,6.5
U0459,1031774,9.1
U0459,9476,6.6
U0459,10951,6.8
U0459,866463,5.9
U0459,906126,7.1
U0459,9678,6.4
U0459,11560,5.3
U0459,345,5.6
U0459,8856,5.9
U0460,4614,6.4
U0460,12110,6.0
U0460,1084577,6.9
U0460,101,8.4
U0460,316029,8.8
U0460,34584,6.9
U0460,1087040,4.6
U0460,399174,8.4
U0460,8333,7.1
U0460,10771,6.0
U0460,242582,7.4
U0460,274862,8.1
U0460,1378,7.7
U0460,11829,9.5
U0460,397567,8.1
U0460,198,8.1
U0460,9502,6.9
U0460,964980,7.6
U0460,760329,6.3
U0460,69315,6.9
U0460,9441,7.2
U0460,9759,5.2
U0460,1511057,5.9
U0460,81393,5.9
U0460,1058699,8.4
U0460,21348,7.3
U0460,993708,6.6
U0460,1493,6.7
U0460,443319,5.7
U0460,371645,6.8
U0460,9208,6.6
U0460,600,7.6
U0460,920,6.6
U0460,9029,5.2
U0460,415,2.8
U0460,9679,4.9
U0460,238628,8.3
U0460,334074,5.9
U0460,414419,8.3
U0460,11814,7.6
U0460,43090,5.8
U0460,178682,7.5
U0460,967,7.1
U0460,899112,7.5
U0461,996,7.4
U0461,42801,8.8
U0461,8446,6.5
U0461,503314,7.8
U0461,42456,5.9
U0461,4480,7.9
U0461,336808,8.0
U0461,339380,6.7
U0461,78192,6.2
U0461,527641,9.1
U0461,626332,7.4
U0461,703,7.3
U0461,448119,4.8
U0461,12103,6.9
U0461,496243,8.5
U0461,42269,8.2
U0461,736073,7.4
U0461,12139,6.0
U0461,11344,7.6
U0461,1287322,8.1
U0461,316152,5.8
U0461,15167,6.7
U0461,8271,6.7
U0461,920394,8.6
U0461,13151,8.8
U0461,1004663,7.7
U0461,636706,6.9
U0461,2067,5.4
U0461,936245,4.3
U0461,38251,8.6
U0461,244267,6.9
U0461,2487,6.1
U0461,632632,7.4
U0461,10735,7.1
U0461,249164,7.0
U0461,49950,3.9
U0461,49013,7.2
U0461,1032425,6.8
U0461,9386,6.7
U0461,268531,5.6
U0461,11536,6.2
U0461,1278263,7.9
U0461,851,6.7
U0461,505948,6.8
U0461,9065,6.7
U0461,9559,7.7
U0461,538858,6.8
U0461,615,7.9
U0461,10229,7.7
U0461,592136,7.2
U0461,37169,5.4
U0461,502897,8.3
U0461,501395,5.6
U0461,1491902,7.9
U0461,476669,6.6
U0461,643882,7.4
U0461,33273,6.5
U0461,45243,6.9
U0462,2330,9.0
U0462,597208,7.0
U0462,310972,6.2
U0462,232078,4.5
U0462,576004,6.3
U0462,307,7.7
U0462,9955,6.0
U0462,762441,7.2
U0462,103663,8.6
U0462,1587,7.6
U0462,273248,8.5
U0462,833425,4.7
U0462,1311031,9.4
U0462,49992,9.6
U0462,8922,6.8
U0462,54186,8.6
U0462,609242,7.5
U0462,54989,5.3
U0462,10323,6.7
U0462,393850,3.6
U0462,11977,5.7
U0462,11,8.3
U0462,338970,5.3
U0462,2108,8.7
U0462,1949,7.2
U0462,5722,6.4
U0462,940,7.9
U0462,11006,8.1
U0462,726759,7.9
U0462,4291,7.3
U0462,1450527,7.8
U0462,6637,5.5
U0462,45588,7.6
U0462,11845,7.1
U0462,6003,6.9
U0462,526702,7.4
U0462,1403,6.2
U0462,234,7.9
U0462,2067,6.3
U0462,140,6.4
U0462,1417,7.9
U0462,13223,7.8
U0462,360814,7.4
U0462,897192,7.2
U0463,588,5.5
U0463,431693,7.4
U0463,8922,7.2
U0463,147441,6.7
U0463,531876,8.2
U0463,11977,6.5
U0463,8009,6.6
U0463,181283,6.0
U0463,49950,6.2
U0463,1130276,9.3
U0463,17681,8.0
U0463,476669,8.3
U0463,1022690,5.8
U0463,8446,7.5
U0463,59,7.0
U0463,1356039,7.2
U0463,46738,7.6
U0463,8689,5.9
U0463,8386,7.0
U0463,537915,6.5
U0463,115,7.4
U0463,4858,5.4
U0463,234,8.8
U0463,435366,8.0
U0463,398818,7.8
U0463,136799,5.4
U0463,177945,7.2
U0463,365222,7.5
U0463,755,7.2
U0463,10784,6.9
U0463,655,8.0
U0463,316029,8.5
U0463,682,6.2
U0463,794,8.9
U0463,625976,6.0
U0463,2359,6.5
U0463,47813,7.8
U0463,250538,7.5
U0463,590,7.3
U0463,1280282,6.5
U0463,168672,7.1
U0463,824,6.9
U0463,9912,8.2
U0463,1022789,8.6
U0463,14008,5.5
U0463,165,8.0
U0463,1253971,5.5
U0463,15512,7.2
U0463,992,8.0
U0463,34857,5.9
U0463,75,6.4
U0463,164,5.8
U0463,856289,7.8
U0463,371645,6.9
U0463,1328803,6.8
U0463,133790,6.9
U0463,560057,6.9
U0463,1148677,5.6
U0463,11644,7.8
U0464,1541,8.3
U0464,4909,8.4
U0464,9481,4.9
U0464,245473,7.8
U0464,1900,7.1
U0464,466,6.2
U0464,9880,7.4
U0464,646,5.6
U0464,8874,6.3
U0464,574475,6.1
U0464,11178,7.8
U0464,10559,7.1
U0464,12088,5.4
U0464,1160360,6.8
U0464,11891,5.0
U0464,1315986,7.1
U0464,90,6.8
U0464,170,7.6
U0464,11023,7.0
U0464,403300,8.0
U0464,338766,7.0
U0464,430,7.1
U0464,37347,8.6
U0464,526,7.4
U0464,364902,8.3
U0464,373571,6.6
U0464,429617,6.9
U0464,115626,6.1
U0464,265195,7.6
U0464,340101,7.6
U0464,6529,6.1
U0464,44833,5.7
U0464,1628,6.8
U0464,6105,5.3
U0464,42337,8.7
U0465,237791,7.3
U0465,466420,8.3
U0465,67394,4.9
U0465,262543,5.9
U0465,739993,5.2
U0465,1694,7.0
U0465,1685,5.3
U0465,10494,8.7
U0465,500664,7.6
U0465,394269,8.7
U0465,13393,6.2
U0465,10991,7.8
U0465,75258,8.0
U0465,13417,5.7
U0465,530385,7.8
U0465,103663,7.1
U0465,830784,8.0
U0465,1781,8.3
U0465,406385,8.6
U0465,82744,7.4
U0465,375794,7.0
U0465,12133,7.9
U0465,9986,6.1
U0465,9992,6.2
U0465,37347,6.6
U0466,4248,5.5
U0466,671,8.4
U0466,19186,7.7
U0466,710295,6.9
U0466,1879,6.4
U0466,5503,7.0
U0466,10340,8.2
U0466,17660,6.9
U0466,3529,7.7
U0466,143,7.0
U0466,8452,7.3
U0466,7485,7.1
U0466,675353,9.4
U0466,1948,4.9
U0466,9552,6.6
U0466,507244,7.3
U0466,15765,7.1
U0466,406990,8.0
U0466,20558,6.9
U0466,1125257,7.5
U0466,963,6.3
U0466,499191,6.9
U0466,11916,5.9
U0467,823754,8.9
U0467,8224,5.8
U0467,1580,8.6
U0467,76696,8.4
U0467,17915,6.1
U0467,1265,7.3
U0467,10974,6.6
U0467,12403,6.9
U0467,11357,6.0
U0467,8920,5.6
U0467,274109,7.2
U0467,762968,7.7
U0467,595841,7.4
U0467,11324,8.1
U0467,2039,7.0
U0467,11770,7.6
U0467,618,5.7
U0467,594767,6.3
U0467,107,9.0
U0467,626872,6.0
U0467,13387,6.9
U0467,535544,7.0
U0467,10837,5.8
U0467,72545,4.9
U0467,1147710,5.9
U0467,771077,6.0
U0467,41841,5.3
U0467,136718,6.3
U0467,1327819,7.8
U0467,1954,6.7
U0467,1084736,8.1
U0467,50456,7.4
U0467,87502,5.7
U0467,380225,9.0
U0467,578,8.9
U0467,38142,8.4
U0467,37735,7.9
U0467,983,7.0
U0467,4327,5.7
U0467,866398,7.4
U0467,763144,6.5
U0467,936061,6.7
U0467,535809,6.7
U0467,47002,6.3
U0467,335778,6.4
U0467,339403,8.1
U0468,21191,7.5
U0468,249070,3.2
U0468,620,7.2
U0468,1362315,5.5
U0468,622,5.0
U0468,474350,7.2
U0468,10604,7.5
U0468,282035,5.2
U0468,334541,7.3
U0468,642,9.0
U0468,984,7.2
U0469,16690,5.9
U0469,712,6.5
U0469,20760,7.0
U0469,13654,7.1
U0469,1941,6.5
U0469,1102493,6.0
U0469,12573,6.8
U0469,198184,7.0
U0469,10022,5.6
U0469,283587,8.0
U0469,11898,7.6
U0469,406990,8.2
U0469,13466,6.4
U0469,6038,6.1
U0469,412518,5.4
U0469,152748,6.0
U0469,9591,7.1
U0469,6278,6.2
U0469,629542,7.1
U0469,154,5.3
U0469,589982,6.1
U0469,1073,6.2
U0469,232672,7.3
U0469,19543,3.6
U0469,1492608,8.1
U0469,11690,6.3
U0469,501929,9.1
U0469,860,7.0
U0469,3131,7.9
U0469,1574,6.8
U0469,339692,7.4
U0469,206487,9.0
U0469,401478,6.8
U0469,10543,7.1
U0469,136400,7.0
U0469,818,5.5
U0469,643586,7.3
U0469,75948,5.8
U0469,12761,9.2
U0469,1052558,4.8
U0469,10839,5.6
U0469,5255,6.8
U0469,298,6.4
U0469,13368,6.4
U0469,1939,8.7
U0469,9012,7.1
U0469,599,8.5
U0469,631430,8.2
U0469,7555,5.8
U0469,235271,5.6
U0469,532814,6.3
U0469,280180,7.8
U0470,9593,6.8
U0470,1287141,5.3
U0470,244063,7.3
U0470,9836,5.4
U0470,137,6.8
U0470,10159,6.3
U0470,16119,8.7
U0470,283366,7.5
U0470,10057,7.1
U0470,8689,5.6
U0470,269,7.7
U0470,73454,6.7
U0470,11460,5.7
U0470,1425122,6.7
U0470,13637,5.7
U0471,212778,5.4
U0471,856,7.0
U0471,3563,5.9
U0471,79871,6.9
U0471,604079,7.8
U0471,7840,5.8
U0471,395,5.9
U0471,277216,7.6
U0471,762879,7.6
U0471,320,6.7
U0471,1291659,7.1
U0471,7978,6.2
U0471,9614,7.1
U0471,567609,5.5
U0471,755,6.9
U0471,42884,6.6
U0471,597,9.2
U0471,524,9.3
U0472,75,5.3
U0472,1852,5.6
U0472,334,9.7
U0472,3111,9.5
U0472,311,8.7
U0472,575452,5.8
U0472,501170,8.1
U0472,776,7.9
U0472,1319951,6.3
U0472,38396,7.2
U0472,3090,7.4
U0472,436969,7.4
U0472,1127166,7.4
U0472,110354,7.3
U0472,273895,7.0
U0473,8873,6.5
U0473,376659,7.3
U0473,4235,7.2
U0473,9459,6.0
U0473,10865,7.4
U0473,11171,8.2
U0473,996,10.0
U0473,339,7.5
U0473,430,7.5
U0473,9367,6.4
U0473,8769,7.2
U0473,205220,7.0
U0473,1162,7.3
U0473,245891,9.3
U0473,879,8.0
U0473,49519,5.4
U0473,16007,7.5
U0473,4032,7.1
U0473,436931,7.1
U0473,757388,7.8
U0473,20829,6.7
U0473,141052,5.5
U0473,526702,7.5
U0473,576,6.9
U0473,4964,7.0
U0473,10159,6.0
U0473,10757,8.3
U0473,214,6.4
U0473,328425,8.0
U0473,9273,6.5
U0473,175168,7.7
U0474,330070,5.2
U0474,693134,7.7
U0474,9056,7.4
U0474,281338,7.9
U0474,1284496,6.8
U0474,593643,8.1
U0474,513648,7.5
U0474,38286,7.9
U0474,2355,7.9
U0474,246400,6.1
U0474,568012,6.5
U0474,4174,7.6
U0474,412117,6.9
U0474,1025169,6.9
U0474,730009,8.0
U0474,271674,6.9
U0474,724495,7.8
U0474,997120,7.1
U0474,215,6.5
U0474,1092,7.8
U0474,10400,7.2
U0474,12716,8.5
U0474,503,6.6
U0474,198,8.2
U0474,11296,5.4
U0474,604822,7.0
U0474,6075,7.0
U0474,441282,7.2
U0474,6145,8.4
U0474,8055,8.0
U0474,1159831,5.6
U0474,393561,6.0
U0474,70417,5.5
U0474,638449,7.5
U0474,3110,6.9
U0474,9361,7.1
U0474,80321,7.6
U0474,274167,6.8
U0474,433247,7.5
U0474,799375,7.1
U0474,1250,4.0
U0474,391,8.1
U0474,75278,5.6
U0474,209451,7.0
U0474,34480,8.0
U0474,428078,6.3
U0475,169,6.2
U0475,13524,9.0
U0475,9907,7.1
U0475,11001,6.7
U0475,8073,7.0
U0475,11,7.9
U0475,663712,8.0
U0475,1582770,8.2
U0475,407375,6.2
U0475,856289,7.4
U0475,81796,5.5
U0475,613,6.0
U0475,12093,6.9
U0475,9395,7.0
U0475,51482,7.5
U0475,671,7.7
U0475,670,8.7
U0475,1086260,5.4
U0475,1924,7.4
U0475,5511,10.0
U0475,2657,7.6
U0475,2609,6.9
U0475,4552,6.6
U0475,42188,6.1
U0475,10030,6.5
U0475,12096,5.2
U0475,98566,5.8
U0475,84199,7.7
U0475,9954,7.3
U0475,664236,6.9
U0476,9331,8.4
U0476,4203,7.0
U0476,919207,8.6
U0476,237791,7.4
U0476,18823,5.9
U0476,437068,9.0
U0476,42296,6.0
U0476,1067820,6.4
U0476,12589,6.1
U0476,17578,6.4
U0476,12493,7.9
U0476,11281,5.2
U0476,9090,7.7
U0476,154,7.7
U0476,1147411,6.1
U0476,342470,8.7
U0476,642885,7.7
U0476,270946,6.3
U0476,1001835,6.6
U0476,677638,7.6
U0476,33217,5.7
U0476,592350,7.9
U0476,438478,7.6
U0476,239416,3.3
U0476,13524,7.8
U0476,388,8.1
U0476,79735,6.7
U0476,347626,6.7
U0476,599975,6.9
U0476,13417,5.9
U0476,10912,6.2
U0476,38167,6.4
U0476,15804,7.7
U0476,4816,8.0
U0476,47002,9.3
U0476,501,7.8
U0476,204,7.6
U0476,12096,6.3
U0476,341174,5.9
U0476,281,6.0
U0476,9479,8.0
U0476,11798,8.0
U0476,492613,7.1
U0476,698687,7.9
U0476,622,6.9
U0476,245913,6.0
U0476,347629,6.1
U0476,9462,6.6
U0476,789708,7.8
U0476,1290182,8.6
U0476,424,8.6
U0476,409297,6.9
U0476,13494,5.8
U0476,9426,5.8
U0476,396461,6.5
U0476,12516,8.0
U0476,10313,5.6
U0476,16234,7.1
U0477,1147416,8.9
U0477,11841,7.0
U0477,479455,6.2
U0477,1049471,6.5
U0477,459151,8.6
U0477,667,6.6
U0477,662638,5.5
U0477,363,8.6
U0477,4771,6.6
U0477,760741,7.9
U0477,8069,6.1
U0477,10057,6.4
U0477,10009,6.9
U0477,10591,5.6
U0477,34480,6.7
U0477,1154538,6.3
U0477,273477,7.0
U0477,50479,6.0
U0477,14741,7.2
U0477,948,8.3
U0477,1147710,6.0
U0477,11948,7.1
U0477,407375,7.7
U0477,135397,6.8
U0478,2013,8.6
U0478,579,5.4
U0478,1586,6.4
U0478,131631,6.0
U0478,10142,6.9
U0478,364137,8.3
U0478,530956,7.2
U0478,10144,7.9
U0478,1058647,6.5
U0478,504949,6.5
U0478,14433,6.4
U0478,46757,6.4
U0478,13053,7.0
U0478,13186,6.2
U0478,38288,6.7
U0478,388,7.7
U0478,13922,6.1
U0478,855,7.5
U0478,8292,7.1
U0478,17835,7.5
U0478,181283,5.9
U0478,11005,7.7
U0478,52451,6.0
U0478,1844,5.5
U0478,1924,6.4
U0478,37735,6.6
U0479,37308,6.4
U0479,339403,7.4
U0479,593,8.5
U0479,12169,8.1
U0479,68724,5.5
U0479,1083862,7.1
U0479,98,8.4
U0479,763873,6.3
U0479,1319951,6.5
U0479,508763,7.3
U0479,2898,7.9
U0479,4836,8.4
U0479,609681,5.7
U0479,81481,9.4
U0479,1195506,7.4
U0479,6003,8.6
U0479,1268,5.9
U0479,614,9.5
U0479,313106,8.6
U0479,12919,7.0
U0479,16113,5.4
U0479,267860,6.4
U0479,1114513,7.4
U0479,99,6.9
U0479,10787,7.5
U0479,12776,7.5
U0479,8051,6.2
U0479,11517,5.8
U0479,839803,7.4
U0479,73723,6.5
U0479,8275,5.9
U0479,532671,6.0
U0479,37958,5.9
U0479,11635,5.6
U0480,590223,7.1
U0480,509598,7.8
U0480,2288,7.8
U0480,328480,6.1
U0480,10674,6.8
U0480,50479,5.7
U0480,575,8.1
U0480,642538,7.6
U0480,900,7.3
U0480,1992,6.3
U0480,17295,6.5
U0480,1263256,6.9
U0480,1297454,6.3
U0480,593,7.4
U0480,1725,6.7
U0480,10010,6.6
U0481,20760,6.4
U0481,407440,6.7
U0481,951491,7.5
U0481,13935,5.9
U0481,673,9.4
U0481,8321,7.0
U0481,13466,7.1
U0481,9509,8.5
U0481,1003580,7.1
U0481,9823,4.5
U0481,1403,6.1
U0481,203217,6.8
U0481,76493,6.8
U0481,37136,6.8
U0481,218746,5.9
U0481,393624,7.8
U0481,11247,7.1
U0481,1908,7.6
U0481,13161,7.9
U0481,574638,7.0
U0481,10336,5.9
U0481,886396,7.6
U0481,1147416,7.1
U0481,128,10.0
U0481,81440,6.7
U0481,435129,8.0
U0481,18660,6.7
U0481,412519,6.0
U0481,15255,6.2
U0481,10212,7.9
U0481,18785,7.3
U0481,440918,5.2
U0481,380,8.5
U0481,656663,8.0
U0481,75674,6.5
U0481,1114590,6.8
U0481,170657,7.4
U0481,334616,7.5
U0481,265208,5.3
U0481,1729,7.5
U0481,19913,7.7
U0481,399174,8.0
U0481,335578,8.5
U0481,11423,8.3
U0481,7345,9.0
U0481,101267,7.9
U0481,44691,6.4
U0481,333339,7.3
U0481,2062,7.9
U0481,926606,6.8
U0481,6522,8.2
U0481,11482,7.7
U0481,231164,6.7
U0481,82633,6.0
U0481,164457,6.5
U0482,2056,7.8
U0482,6439,4.9
U0482,1287536,5.0
U0482,772,7.6
U0482,9522,6.2
U0482,867,7.9
U0482,454,8.8
U0482,52345,7.0
U0482,49049,5.6
U0482,707,5.0
U0482,436120,7.4
U0482,39486,6.2
U0482,765,7.5
U0482,13700,5.6
U0482,402431,6.5
U0482,39538,6.4
U0482,105864,7.3
U0482,4543,6.7
U0482,75258,8.5
U0482,11247,6.0
U0482,1160003,5.2
U0482,215,7.3
U0482,14114,6.2
U0482,9509,8.2
U0482,1584,7.2
U0483,466282,6.6
U0483,738215,7.0
U0483,572154,9.1
U0483,787,8.0
U0483,19912,6.3
U0483,36669,5.3
U0483,9367,7.1
U0483,11798,7.3
U0483,70841,8.0
U0483,1291659,5.4
U0483,866463,5.9
U0483,8656,6.2
U0483,504,8.0
U0483,725201,5.9
U0483,407440,7.1
U0483,1134055,8.2
U0483,330127,5.4
U0483,11674,5.2
U0483,535167,5.9
U0483,1215162,5.3
U0483,280092,6.6
U0483,16391,8.4
U0483,54186,6.2
U0483,14919,8.0
U0484,1128559,6.5
U0484,7214,7.9
U0484,536554,6.8
U0484,501395,5.9
U0484,551,7.4
U0484,1159311,7.7
U0484,80278,7.4
U0484,3031,7.1
U0484,1022256,9.4
U0484,3536,5.6
U0484,7552,5.9
U0484,249,6.6
U0484,9896,6.5
U0484,110420,9.1
U0484,34851,6.4
U0484,310569,7.8
U0484,406563,5.1
U0485,9331,6.5
U0485,46757,6.8
U0485,1083658,7.0
U0485,9361,7.0
U0485,19901,4.4
U0485,999136,6.6
U0485,1368,7.3
U0485,16290,7.4
U0485,38528,7.8
U0485,82675,7.9
U0485,559969,7.1
U0485,505058,5.4
U0485,262500,7.1
U0485,49049,7.3
U0485,13524,6.6
U0486,402431,6.9
U0486,49040,6.7
U0486,11704,7.6
U0486,9967,7.0
U0486,2614,7.8
U0486,460885,6.4
U0486,39107,7.5
U0486,2109,6.9
U0486,10009,6.9
U0486,1607,7.9
U0486,12888,6.2
U0486,12110,7.0
U0486,10654,7.8
U0486,863,7.5
U0487,758009,5.9
U0487,7347,7.9
U0487,1397832,6.7
U0487,1561955,6.6
U0487,402298,7.4
U0487,928833,8.2
U0487,432976,6.8
U0487,54518,5.3
U0487,1022256,8.8
U0487,21835,8.5
U0487,320,7.7
U0487,79707,7.4
U0487,430231,6.6
U0487,479718,6.9
U0487,557646,5.6
U0487,462,7.2
U0487,4032,8.8
U0487,1590097,3.8
U0487,9946,5.1
U0487,491584,7.1
U0487,734858,6.8
U0487,329,6.2
U0487,414,5.8
U0487,2309,6.8
U0487,615,8.1
U0487,373571,6.3
U0487,11528,6.4
U0487,11676,7.9
U0487,395000,3.3
U0488,6977,7.7
U0488,809,7.4
U0488,509967,7.6
U0488,567189,5.7
U0488,10386,8.6
U0488,19899,4.8
U0488,479,6.7
U0488,1381027,6.9
U0488,1491902,7.5
U0488,166424,4.1
U0488,1367,6.7
U0488,767,7.8
U0488,702936,5.4
U0488,175112,7.5
U0488,391,7.5
U0488,434616,7.5
U0488,17609,5.6
U0488,12219,7.3
U0488,20334,7.5
U0488,628,7.7
U0488,204,7.9
U0488,606234,6.1
U0488,1643,7.0
U0488,296,7.6
U0488,9268,5.9
U0488,154,7.5
U0488,767304,5.3
U0488,993708,6.3
U0488,50727,5.9
U0488,899405,7.5
U0488,76203,9.3
U0488,1127110,6.7
U0489,1450527,6.8
U0489,166424,4.7
U0489,13654,4.9
U0489,13888,6.0
U0489,330459,6.5
U0489,4480,8.3
U0489,920081,5.2
U0489,576845,6.4
U0489,309886,7.5
U0489,531309,6.0
U0489,550,8.2
U0489,470044,8.8
U0489,303991,6.5
U0489,399174,8.7
U0489,226,6.8
U0489,696374,7.2
U0489,8224,5.5
U0489,5902,8.1
U0489,1063877,5.9
U0489,15714,6.9
U0489,826914,5.1
U0490,335,7.9
U0490,557646,7.3
U0490,1084736,6.9
U0490,343668,6.2
U0490,990140,6.8
U0490,207933,8.3
U0490,11482,8.1
U0490,8982,6.9
U0490,1064486,9.0
U0490,10890,7.7
U0490,13655,6.3
U0490,1096197,7.2
U0490,538002,8.6
U0490,397567,9.2
U0490,381719,6.7
U0490,505192,6.8
U0490,10592,7.1
U0490,42314,6.4
U0490,7516,5.8
U0490,10331,6.7
U0490,7555,6.8
U0490,9003,6.6
U0490,823754,8.4
U0490,7085,6.9
U0491,7085,6.4
U0491,1125899,7.6
U0491,270487,6.5
U0491,396535,8.3
U0491,11186,6.4
U0491,38286,7.4
U0491,15999,6.6
U0491,9607,2.7
U0491,10150,6.9
U0491,1084199,7.9
U0491,1551,6.1
U0491,82633,7.5
U0491,570503,6.6
U0491,2668,8.4
U0491,39345,4.9
U0491,11886,6.9
U0491,146233,9.2
U0491,8422,9.3
U0491,897087,6.1
U0491,44048,6.2
U0491,800158,5.6
U0491,9587,7.0
U0491,508883,6.7
U0491,407440,6.9
U0491,86000,7.2
U0491,238636,5.3
U0491,11653,4.0
U0491,1396,7.1
U0491,12169,8.6
U0491,137227,7.4
U0491,1233575,6.3
U0491,54518,4.7
U0491,11216,9.0
U0491,1029955,7.1
U0491,393850,3.5
U0491,10435,7.8
U0491,9361,6.4
U0491,82,6.0
U0491,664280,8.0
U0491,38543,5.8
U0491,625450,5.4
U0491,11972,6.0
U0491,892153,6.5
U0491,204922,6.4
U0491,10423,5.6
U0491,382591,7.3
U0491,564,5.2
U0492,2005,8.1
U0492,740985,6.4
U0492,702,7.4
U0492,10497,7.9
U0492,10543,6.8
U0492,1429605,5.8
U0492,854,7.6
U0492,340102,7.7
U0492,1096197,7.0
U0492,46738,8.5
U0492,14675,8.4
U0492,1290182,8.9
U0492,38321,6.4
U0492,914,9.1
U0492,986070,4.5
U0492,1637,7.7
U0492,643586,6.5
U0492,1156594,8.4
U0492,756,6.2
U0492,12155,6.2
U0492,13460,7.4
U0492,400157,6.4
U0492,152,6.4
U0492,284536,6.8
U0493,896536,5.2
U0493,81672,7.2
U0493,345920,7.7
U0493,297222,6.9
U0493,399579,7.2
U0493,3175,7.0
U0493,1288072,5.8
U0493,14624,8.4
U0493,14675,7.3
U0493,70841,7.7
U0493,79548,6.0
U0493,202575,5.8
U0493,393729,7.3
U0493,808,10.0
U0493,71689,5.8
U0493,48855,7.1
U0493,413594,6.5
U0493,113344,4.4
U0493,2487,7.5
U0493,335360,6.2
U0493,115724,5.3
U0493,440161,7.0
U0493,1455079,3.5
U0493,2355,6.8
U0493,961323,7.7
U0493,10331,7.6
U0493,11069,5.4
U0493,1097549,6.4
U0493,76203,8.4
U0493,387,8.3
U0493,5921,5.4
U0493,210726,4.5
U0493,339380,8.8
U0493,747,5.7
U0493,9802,7.8
U0493,4247,6.8
U0493,1167271,4.4
U0493,172329,7.1
U0493,4233,6.8
U0493,1115009,6.9
U0493,461130,5.8
U0493,11647,6.6
U0493,86461,3.7
U0493,2604,5.8
U0494,672,7.3
U0494,138843,7.5
U0494,37786,5.8
U0494,9453,5.9
U0494,1297763,6.3
U0494,8094,7.5
U0494,590995,5.1
U0494,10404,6.1
U0494,374720,5.8
U0494,36950,5.8
U0494,264656,6.5
U0494,10229,8.8
U0494,6075,6.5
U0494,1880,6.3
U0494,8077,6.9
U0494,2687,4.9
U0494,10423,7.3
U0494,15765,7.5
U0494,8422,8.6
U0494,10110,7.2
U0494,1119449,7.1
U0494,5176,6.7
U0494,74406,9.0
U0494,181283,5.9
U0494,38199,6.1
U0494,42703,5.3
U0494,135397,6.8
U0494,931102,7.6
U0494,643882,7.0
U0494,1212742,7.0
U0494,625,6.5
U0494,1032823,5.7
U0494,762441,6.6
U0494,970347,6.0
U0494,796499,6.5
U0494,508943,8.3
U0494,400136,7.2
U0495,807356,5.5
U0495,13417,6.3
U0495,7549,7.1
U0495,1662,7.2
U0495,691,7.5
U0495,348892,7.9
U0495,365222,7.4
U0495,11824,6.9
U0495,12572,6.9
U0495,66,5.8
U0495,938,9.5
U0495,505192,8.2
U0495,509598,6.4
U0495,6114,8.9
U0495,10398,6.0
U0495,12516,8.0
U0495,205775,7.3
U0495,53932,6.2
U0495,1287141,9.1
U0495,2034,7.5
U0495,314127,6.1
U0495,920,5.6
U0495,1130276,7.7
U0495,4543,7.8
U0495,54518,4.0
U0495,1084736,7.1
U0495,699102,6.9
U0495,1366,9.2
U0495,1511057,5.6
U0495,1429605,6.0
U0495,963,9.0
U0495,337401,5.1
U0495,280092,6.6
U0495,393729,8.2
U0495,11186,6.1
U0495,442062,5.1
U0495,950396,6.8
U0495,539972,5.8
U0495,13,9.7
U0495,1526650,6.6
U0495,438478,6.1
U0495,15067,8.1
U0495,858,6.8
U0495,1891,6.9
U0495,47813,6.3
U0495,1058710,7.4
U0495,14438,8.4
U0495,1246,6.9
U0495,14911,7.1
U0495,9603,6.1
U0495,20343,4.0
U0495,1249213,7.3
U0495,631143,6.3
U0495,6575,6.3
U0495,85446,5.8
U0496,868759,7.4
U0496,622855,6.2
U0496,42685,6.2
U0496,1979,6.1
U0496,12169,7.6
U0496,166666,7.3
U0496,805,9.7
U0496,6466,5.5
U0496,38410,6.9
U0496,14275,7.0
U0496,17914,6.9
U0496,18129,7.6
U0496,380,7.3
U0496,114350,5.7
U0496,205775,6.4
U0496,539517,6.4
U0496,1289936,6.4
U0496,333339,7.3
U0496,278924,6.7
U0497,10439,7.0
U0497,381283,6.7
U0497,6282,6.7
U0497,19912,4.7
U0497,969492,5.1
U0497,630,7.3
U0497,509967,8.6
U0497,301,8.5
U0497,639,7.7
U0497,1930,6.5
U0497,1418657,7.0
U0497,927,7.6
U0497,9664,7.2
U0497,38602,7.5
U0497,73861,5.0
U0497,3134,3.4
U0497,1023922,4.8
U0497,16234,6.8
U0497,5165,7.9
U0497,15302,7.0
U0497,44853,5.9
U0497,8290,7.2
U0497,15919,6.5
U0497,37347,6.1
U0497,438493,7.3
U0497,10802,4.6
U0497,412924,7.6
U0497,9316,6.9
U0497,7305,6.7
U0497,79645,6.4
U0497,11683,8.1
U0497,8392,8.8
U0497,1891,7.9
U0497,14257,8.1
U0497,139038,6.4
U0497,1590097,4.9
U0497,1016084,6.6
U0497,7326,6.5
U0497,274854,6.7
U0497,9470,7.7
U0497,11675,7.4
U0497,38543,5.1
U0497,1190511,6.5
U0497,1263256,6.0
U0498,5968,5.6
U0498,2204,7.1
U0498,8697,6.8
U0498,9896,6.3
U0498,39105,7.1
U0498,1297842,8.7
U0498,3009,6.6
U0498,12113,7.3
U0498,675353,7.5
U0498,544,6.5
U0498,437586,7.6
U0498,50727,4.3
U0498,64,7.6
U0498,1083637,8.2
U0498,4816,8.3
U0498,11416,7.6
U0498,399566,8.0
U0498,1924,7.6
U0498,4824,6.4
U0498,10357,7.9
U0498,625976,4.6
U0498,11006,7.4
U0498,879,6.8
U0498,166424,5.3
U0498,551,8.4
U0498,9869,5.3
U0498,579245,8.8
U0498,11282,7.8
U0498,4327,5.3
U0498,77950,6.8
U0498,962232,7.9
U0498,2759,8.7
U0498,9326,6.3
U0498,646,7.9
U0498,8065,8.1
U0498,426410,6.0
U0498,712,6.4
U0498,10781,5.1
U0498,2359,7.2
U0498,7451,5.9
U0498,14161,6.1
U0498,166426,6.5
U0498,8095,6.3
U0498,877,6.4
U0498,826,8.1
U0498,899405,8.9
U0498,37308,5.9
U0498,20558,6.2
U0498,34732,5.5
U0498,12536,3.2
U0498,1413097,4.5
U0498,532814,7.0
U0498,51997,5.9
U0499,640146,6.8
U0499,8470,6.5
U0499,51876,6.3
U0499,10623,6.1
U0499,15165,6.3
U0499,20123,8.8
U0499,12536,4.7
U0499,602734,5.0
U0499,1700,7.1
U0499,10997,8.6
U0499,45588,5.4
U0499,425,8.1
U0499,2604,6.5
U0499,11010,7.7
U0499,298382,7.7
U0499,74465,8.1
U0499,264644,8.2
U0499,967,7.6
U0499,376570,7.0
U0499,167,6.8
U0499,657,5.6
U0499,1895,6.7
U0499,9093,6.2
U0499,73353,6.6
U0499,466420,7.4
U0499,269955,7.3
U0499,845,9.2
U0499,10693,6.9
U0499,17332,6.6
U0499,462181,5.2
U0499,8413,5.6
U0499,938,7.4
U0499,40096,6.9
U0499,11153,5.9
U0499,1894,6.0
U0499,1448497,7.6
U0499,9559,6.5
U0499,15258,5.6
U0499,829280,7.6
U0499,9504,7.9
U0500,11134,7.5
U0500,1368,8.5
U0500,3114,7.6
U0500,536437,5.1
U0500,701387,6.6
U0500,10196,4.0
U0500,402900,7.6
U0500,134,8.4
U0500,15258,4.3
U0500,373571,5.8
U0500,4257,5.4
U0500,983,8.4
U0500,9788,5.3
U0500,801688,7.0
U0500,9691,7.4
U0500,1480,7.4
U0500,2067,6.7
U0500,98566,5.3
U0500,203833,7.8
U0500,20123,8.1
U0500,77930,6.6
U0500,282631,7.3
U0500,1610413,7.9
U0500,44136,7.4
U0500,109418,6.6
U0500,379686,5.4
U0500,8367,5.7
U0500,72545,6.2
U0500,1018332,7.5
U0500,13971,5.5
U0500,1184918,9.8
U0500,1991,6.7
U0500,1067820,5.2
U0500,80274,6.7
U0500,100,7.1
U0500,9610,6.0
U0500,11336,6.9
U0500,924,7.3
U0500,11496,6.4
U0500,8703,7.7
U0500,11854,8.0
U0500,2251,7.4
U0500,9100,7.2
U0500,70417,8.0
